station_id,lat,lon,timestamp,temperature,pressure,humidity
ST01,28.61,77.2,2026-08-28 00:00:00,25.0,1010.8,62.6
ST01,28.61,77.2,2026-08-28 00:10:00,30.3,1008.4,55.4
ST01,28.61,77.2,2026-08-28 00:20:00,26.3,1002.2,52.6
ST01,28.61,77.2,2026-08-28 00:30:00,30.1,1005.4,66.5
ST01,28.61,77.2,2026-08-28 00:40:00,26.7,1007.9,54.1
ST01,28.61,77.2,2026-08-28 00:50:00,22.4,1011.8,55.0
ST01,28.61,77.2,2026-08-28 01:00:00,34.1,1010.4,63.2
ST01,28.61,77.2,2026-08-28 01:10:00,26.5,1012.8,55.2
ST01,28.61,77.2,2026-08-28 01:20:00,28.5,1006.9,54.9
ST01,28.61,77.2,2026-08-28 01:30:00,27.3,1010.0,55.7
ST01,28.61,77.2,2026-08-28 01:40:00,27.2,1006.2,63.1
ST01,28.61,77.2,2026-08-28 01:50:00,30.5,1013.6,82.2
ST01,28.61,77.2,2026-08-28 02:00:00,28.3,1007.0,67.1
ST01,28.61,77.2,2026-08-28 02:10:00,23.8,1008.4,66.2
ST01,28.61,77.2,2026-08-28 02:20:00,24.4,1006.6,53.0
ST01,28.61,77.2,2026-08-28 02:30:00,28.1,1012.7,64.7
ST01,28.61,77.2,2026-08-28 02:40:00,30.0,1009.4,66.0
ST01,28.61,77.2,2026-08-28 02:50:00,26.2,1013.3,47.9
ST01,28.61,77.2,2026-08-28 03:00:00,27.3,1013.5,56.7
ST01,28.61,77.2,2026-08-28 03:10:00,25.5,1010.9,66.7
ST01,28.61,77.2,2026-08-28 03:20:00,25.2,1012.9,59.4
ST01,28.61,77.2,2026-08-28 03:30:00,29.7,1011.0,72.0
ST01,28.61,77.2,2026-08-28 03:40:00,36.2,1008.8,52.6
ST01,28.61,77.2,2026-08-28 03:50:00,27.6,1013.1,48.6
ST01,28.61,77.2,2026-08-28 04:00:00,30.0,1008.4,60.2
ST01,28.61,77.2,2026-08-28 04:10:00,24.0,1012.2,53.7
ST01,28.61,77.2,2026-08-28 04:20:00,27.2,1011.5,56.6
ST01,28.61,77.2,2026-08-28 04:30:00,30.6,1010.9,62.1
ST01,28.61,77.2,2026-08-28 04:40:00,31.2,1009.1,61.4
ST01,28.61,77.2,2026-08-28 04:50:00,29.4,1008.9,57.9
ST01,28.61,77.2,2026-08-28 05:00:00,30.9,1002.0,65.0
ST01,28.61,77.2,2026-08-28 05:10:00,28.6,1009.1,65.0
ST01,28.61,77.2,2026-08-28 05:20:00,28.9,1010.6,65.0
ST01,28.61,77.2,2026-08-28 05:30:00,22.7,1014.2,65.0
ST01,28.61,77.2,2026-08-28 05:40:00,27.7,1006.8,65.0
ST01,28.61,77.2,2026-08-28 05:50:00,25.3,1008.7,65.0
ST01,28.61,77.2,2026-08-28 06:00:00,26.1,1011.4,65.0
ST01,28.61,77.2,2026-08-28 06:10:00,27.1,1008.7,65.0
ST01,28.61,77.2,2026-08-28 06:20:00,28.6,1012.3,65.0
ST01,28.61,77.2,2026-08-28 06:30:00,24.9,1012.3,65.0
ST01,28.61,77.2,2026-08-28 06:40:00,25.7,1014.2,65.0
ST01,28.61,77.2,2026-08-28 06:50:00,31.2,1010.2,65.0
ST01,28.61,77.2,2026-08-28 07:00:00,26.5,1015.1,65.0
ST01,28.61,77.2,2026-08-28 07:10:00,29.9,1008.9,65.0
ST01,28.61,77.2,2026-08-28 07:20:00,29.4,1011.6,65.0
ST01,28.61,77.2,2026-08-28 07:30:00,25.5,1009.5,65.0
ST01,28.61,77.2,2026-08-28 07:40:00,26.8,1008.9,65.0
ST01,28.61,77.2,2026-08-28 07:50:00,29.1,1011.6,65.0
ST01,28.61,77.2,2026-08-28 08:00:00,31.2,1009.0,80.3
ST01,28.61,77.2,2026-08-28 08:10:00,27.2,1013.6,48.5
ST01,28.61,77.2,2026-08-28 08:20:00,31.0,1011.9,53.1
ST01,28.61,77.2,2026-08-28 08:30:00,30.8,1012.5,61.8
ST01,28.61,77.2,2026-08-28 08:40:00,28.2,1013.1,50.3
ST01,28.61,77.2,2026-08-28 08:50:00,31.1,1007.1,65.9
ST01,28.61,77.2,2026-08-28 09:00:00,25.9,1012.3,51.0
ST01,28.61,77.2,2026-08-28 09:10:00,30.9,1012.8,63.4
ST01,28.61,77.2,2026-08-28 09:20:00,25.6,1005.9,61.2
ST01,28.61,77.2,2026-08-28 09:30:00,25.8,1009.3,67.0
ST01,28.61,77.2,2026-08-28 09:40:00,30.8,1018.2,64.3
ST01,28.61,77.2,2026-08-28 09:50:00,28.0,1009.9,48.7
ST01,28.61,77.2,2026-08-28 10:00:00,25.3,1010.1,67.8
ST01,28.61,77.2,2026-08-28 10:10:00,27.4,1012.2,59.0
ST01,28.61,77.2,2026-08-28 10:20:00,26.6,1013.1,66.2
ST01,28.61,77.2,2026-08-28 10:30:00,26.9,1008.5,52.6
ST01,28.61,77.2,2026-08-28 10:40:00,29.5,1011.9,60.7
ST01,28.61,77.2,2026-08-28 10:50:00,32.2,1007.6,61.8
ST01,28.61,77.2,2026-08-28 11:00:00,30.4,1012.6,60.4
ST01,28.61,77.2,2026-08-28 11:10:00,30.4,1014.1,52.3
ST01,28.61,77.2,2026-08-28 11:20:00,30.0,1010.9,55.2
ST01,28.61,77.2,2026-08-28 11:30:00,28.4,1012.6,60.2
ST01,28.61,77.2,2026-08-28 11:40:00,31.3,1014.0,60.1
ST01,28.61,77.2,2026-08-28 11:50:00,30.2,1010.5,61.9
ST01,28.61,77.2,2026-08-28 12:00:00,24.9,1010.5,48.0
ST01,28.61,77.2,2026-08-28 12:10:00,25.6,1008.4,59.7
ST01,28.61,77.2,2026-08-28 12:20:00,23.3,1008.8,62.9
ST01,28.61,77.2,2026-08-28 12:30:00,27.9,1009.0,52.9
ST01,28.61,77.2,2026-08-28 12:40:00,31.6,1011.6,61.0
ST01,28.61,77.2,2026-08-28 12:50:00,24.6,1015.5,79.1
ST01,28.61,77.2,2026-08-28 13:00:00,31.2,1010.0,66.6
ST01,28.61,77.2,2026-08-28 13:10:00,28.9,1008.1,68.4
ST01,28.61,77.2,2026-08-28 13:20:00,26.6,1007.7,46.6
ST01,28.61,77.2,2026-08-28 13:30:00,31.9,1009.0,57.3
ST01,28.61,77.2,2026-08-28 13:40:00,28.5,1012.8,47.1
ST01,28.61,77.2,2026-08-28 13:50:00,30.9,1015.0,63.0
ST01,28.61,77.2,2026-08-28 14:00:00,24.4,1007.8,74.7
ST01,28.61,77.2,2026-08-28 14:10:00,24.5,1015.6,58.1
ST01,28.61,77.2,2026-08-28 14:20:00,27.7,1006.1,52.5
ST01,28.61,77.2,2026-08-28 14:30:00,27.5,1006.1,44.0
ST01,28.61,77.2,2026-08-28 14:40:00,31.6,1009.6,70.6
ST01,28.61,77.2,2026-08-28 14:50:00,26.6,1017.0,60.5
ST01,28.61,77.2,2026-08-28 15:00:00,28.8,1009.4,67.3
ST01,28.61,77.2,2026-08-28 15:10:00,27.9,1010.4,65.2
ST01,28.61,77.2,2026-08-28 15:20:00,23.0,1008.2,70.2
ST01,28.61,77.2,2026-08-28 15:30:00,33.0,1010.2,65.5
ST01,28.61,77.2,2026-08-28 15:40:00,28.8,1008.5,59.1
ST01,28.61,77.2,2026-08-28 15:50:00,28.3,1008.6,67.1
ST01,28.61,77.2,2026-08-28 16:00:00,26.2,1012.9,57.2
ST01,28.61,77.2,2026-08-28 16:10:00,31.4,1011.7,62.9
ST01,28.61,77.2,2026-08-28 16:20:00,26.2,1011.7,67.0
ST01,28.61,77.2,2026-08-28 16:30:00,26.0,1006.3,45.7
ST01,28.61,77.2,2026-08-28 16:40:00,26.1,1014.7,69.3
ST01,28.61,77.2,2026-08-28 16:50:00,26.6,1010.8,56.7
ST01,28.61,77.2,2026-08-28 17:00:00,27.8,1008.4,67.4
ST01,28.61,77.2,2026-08-28 17:10:00,30.1,1012.6,58.1
ST01,28.61,77.2,2026-08-28 17:20:00,27.1,1015.7,55.1
ST01,28.61,77.2,2026-08-28 17:30:00,30.4,1008.7,45.7
ST01,28.61,77.2,2026-08-28 17:40:00,30.8,1012.3,50.4
ST01,28.61,77.2,2026-08-28 17:50:00,29.4,1010.0,54.4
ST01,28.61,77.2,2026-08-28 18:00:00,22.5,1009.1,74.2
ST01,28.61,77.2,2026-08-28 18:10:00,29.8,1014.1,64.9
ST01,28.61,77.2,2026-08-28 18:20:00,26.7,1011.7,61.6
ST01,28.61,77.2,2026-08-28 18:30:00,29.9,1008.6,69.2
ST01,28.61,77.2,2026-08-28 18:40:00,26.1,1003.9,70.9
ST01,28.61,77.2,2026-08-28 18:50:00,31.7,1010.0,57.6
ST01,28.61,77.2,2026-08-28 19:00:00,26.0,1013.8,59.6
ST01,28.61,77.2,2026-08-28 19:10:00,29.7,1010.3,63.9
ST01,28.61,77.2,2026-08-28 19:20:00,24.1,1009.0,53.2
ST01,28.61,77.2,2026-08-28 19:30:00,28.9,1013.0,60.6
ST01,28.61,77.2,2026-08-28 19:40:00,28.9,1016.8,60.4
ST01,28.61,77.2,2026-08-28 19:50:00,28.8,1015.6,56.5
ST01,28.61,77.2,2026-08-28 20:00:00,30.7,1009.7,74.5
ST01,28.61,77.2,2026-08-28 20:10:00,30.2,1012.4,48.4
ST01,28.61,77.2,2026-08-28 20:20:00,27.4,1013.1,49.2
ST01,28.61,77.2,2026-08-28 20:30:00,23.2,1011.1,44.7
ST01,28.61,77.2,2026-08-28 20:40:00,29.2,1012.2,67.8
ST01,28.61,77.2,2026-08-28 20:50:00,31.4,1009.6,65.6
ST01,28.61,77.2,2026-08-28 21:00:00,27.6,1010.9,57.7
ST01,28.61,77.2,2026-08-28 21:10:00,25.0,1009.7,62.7
ST01,28.61,77.2,2026-08-28 21:20:00,28.4,1002.6,62.2
ST01,28.61,77.2,2026-08-28 21:30:00,25.5,1009.8,59.1
ST01,28.61,77.2,2026-08-28 21:40:00,28.4,1014.5,62.4
ST01,28.61,77.2,2026-08-28 21:50:00,28.5,1005.2,57.5
ST01,28.61,77.2,2026-08-28 22:00:00,24.3,1013.2,64.3
ST01,28.61,77.2,2026-08-28 22:10:00,31.6,1009.1,53.4
ST01,28.61,77.2,2026-08-28 22:20:00,28.4,1010.3,76.4
ST01,28.61,77.2,2026-08-28 22:30:00,31.6,1013.5,61.4
ST01,28.61,77.2,2026-08-28 22:40:00,30.3,1006.9,61.3
ST01,28.61,77.2,2026-08-28 22:50:00,27.1,1012.6,71.9
ST01,28.61,77.2,2026-08-28 23:00:00,26.7,1004.8,57.3
ST01,28.61,77.2,2026-08-28 23:10:00,31.4,1009.6,67.1
ST01,28.61,77.2,2026-08-28 23:20:00,28.2,1008.5,42.6
ST01,28.61,77.2,2026-08-28 23:30:00,31.1,1011.0,67.9
ST01,28.61,77.2,2026-08-28 23:40:00,27.7,1009.2,66.4
ST01,28.61,77.2,2026-08-28 23:50:00,23.6,1011.2,60.0
ST01,28.61,77.2,2026-08-29 00:00:00,30.6,1009.6,48.5
ST01,28.61,77.2,2026-08-29 00:10:00,27.6,1011.5,51.2
ST01,28.61,77.2,2026-08-29 00:20:00,29.6,1016.2,57.7
ST01,28.61,77.2,2026-08-29 00:30:00,26.9,1008.6,56.4
ST01,28.61,77.2,2026-08-29 00:40:00,25.7,1005.7,55.5
ST01,28.61,77.2,2026-08-29 00:50:00,27.3,1003.2,60.5
ST01,28.61,77.2,2026-08-29 01:00:00,27.5,1011.5,60.3
ST01,28.61,77.2,2026-08-29 01:10:00,30.8,1008.1,66.8
ST01,28.61,77.2,2026-08-29 01:20:00,25.9,1008.4,64.6
ST01,28.61,77.2,2026-08-29 01:30:00,24.7,1009.1,79.0
ST01,28.61,77.2,2026-08-29 01:40:00,26.2,1012.6,42.5
ST01,28.61,77.2,2026-08-29 01:50:00,25.3,1012.9,60.2
ST01,28.61,77.2,2026-08-29 02:00:00,25.3,1014.6,60.6
ST01,28.61,77.2,2026-08-29 02:10:00,21.6,1007.3,53.5
ST01,28.61,77.2,2026-08-29 02:20:00,27.3,1006.8,59.6
ST01,28.61,77.2,2026-08-29 02:30:00,26.1,1008.9,53.8
ST01,28.61,77.2,2026-08-29 02:40:00,28.3,1013.2,67.3
ST01,28.61,77.2,2026-08-29 02:50:00,29.4,1010.0,53.0
ST01,28.61,77.2,2026-08-29 03:00:00,33.7,1008.7,68.1
ST01,28.61,77.2,2026-08-29 03:10:00,31.7,1008.0,56.9
ST01,28.61,77.2,2026-08-29 03:20:00,31.2,1004.3,49.5
ST01,28.61,77.2,2026-08-29 03:30:00,30.1,1010.4,60.2
ST01,28.61,77.2,2026-08-29 03:40:00,26.8,1008.6,58.1
ST01,28.61,77.2,2026-08-29 03:50:00,26.2,1008.8,56.9
ST01,28.61,77.2,2026-08-29 04:00:00,25.7,1002.5,55.6
ST01,28.61,77.2,2026-08-29 04:10:00,29.5,1009.7,63.1
ST01,28.61,77.2,2026-08-29 04:20:00,28.3,1007.8,62.2
ST01,28.61,77.2,2026-08-29 04:30:00,26.4,1010.6,64.2
ST01,28.61,77.2,2026-08-29 04:40:00,32.9,1012.8,73.0
ST01,28.61,77.2,2026-08-29 04:50:00,25.8,1007.0,55.5
ST01,28.61,77.2,2026-08-29 05:00:00,28.4,1008.6,38.1
ST01,28.61,77.2,2026-08-29 05:10:00,27.0,1012.4,47.8
ST01,28.61,77.2,2026-08-29 05:20:00,24.9,1018.4,62.1
ST01,28.61,77.2,2026-08-29 05:30:00,23.7,1008.8,58.8
ST01,28.61,77.2,2026-08-29 05:40:00,26.2,1013.3,66.1
ST01,28.61,77.2,2026-08-29 05:50:00,29.7,1017.3,54.2
ST01,28.61,77.2,2026-08-29 06:00:00,23.3,1010.5,51.7
ST01,28.61,77.2,2026-08-29 06:10:00,28.0,1014.7,63.9
ST01,28.61,77.2,2026-08-29 06:20:00,27.4,1008.2,60.9
ST01,28.61,77.2,2026-08-29 06:30:00,29.2,1009.0,57.5
ST01,28.61,77.2,2026-08-29 06:40:00,29.1,1003.4,68.3
ST01,28.61,77.2,2026-08-29 06:50:00,28.6,1012.8,57.8
ST01,28.61,77.2,2026-08-29 07:00:00,27.1,1008.0,70.4
ST01,28.61,77.2,2026-08-29 07:10:00,22.2,1007.5,68.4
ST01,28.61,77.2,2026-08-29 07:20:00,23.8,1009.3,60.1
ST01,28.61,77.2,2026-08-29 07:30:00,29.8,1010.3,67.1
ST01,28.61,77.2,2026-08-29 07:40:00,25.5,1010.5,62.3
ST01,28.61,77.2,2026-08-29 07:50:00,29.2,1008.8,53.0
ST01,28.61,77.2,2026-08-29 08:00:00,29.0,1012.9,70.0
ST01,28.61,77.2,2026-08-29 08:10:00,28.0,1011.2,56.1
ST01,28.61,77.2,2026-08-29 08:20:00,25.0,1014.5,53.5
ST01,28.61,77.2,2026-08-29 08:30:00,28.8,1012.5,57.2
ST01,28.61,77.2,2026-08-29 08:40:00,31.0,1008.7,56.4
ST01,28.61,77.2,2026-08-29 08:50:00,26.4,1012.9,67.7
ST01,28.61,77.2,2026-08-29 09:00:00,31.2,1005.1,68.1
ST01,28.61,77.2,2026-08-29 09:10:00,28.4,1008.5,51.5
ST02,19.07,72.87,2026-08-28 00:00:00,28.6,1012.0,72.0
ST02,19.07,72.87,2026-08-28 00:10:00,32.9,1006.6,62.2
ST02,19.07,72.87,2026-08-28 00:20:00,39.2,1010.3,61.0
ST02,19.07,72.87,2026-08-28 00:30:00,34.9,1010.7,63.8
ST02,19.07,72.87,2026-08-28 00:40:00,31.1,1015.6,63.8
ST02,19.07,72.87,2026-08-28 00:50:00,36.4,1008.5,72.7
ST02,19.07,72.87,2026-08-28 01:00:00,30.6,1010.2,59.0
ST02,19.07,72.87,2026-08-28 01:10:00,35.8,1014.6,46.5
ST02,19.07,72.87,2026-08-28 01:20:00,32.7,1007.0,56.6
ST02,19.07,72.87,2026-08-28 01:30:00,28.9,1010.2,66.6
ST02,19.07,72.87,2026-08-28 01:40:00,29.9,1009.0,49.6
ST02,19.07,72.87,2026-08-28 01:50:00,37.3,1005.5,57.9
ST02,19.07,72.87,2026-08-28 02:00:00,32.5,1001.9,57.8
ST02,19.07,72.87,2026-08-28 02:10:00,32.9,1012.1,58.2
ST02,19.07,72.87,2026-08-28 02:20:00,37.7,1009.2,69.0
ST02,19.07,72.87,2026-08-28 02:30:00,30.3,1010.2,80.6
ST02,19.07,72.87,2026-08-28 02:40:00,33.1,1010.6,59.8
ST02,19.07,72.87,2026-08-28 02:50:00,32.7,1008.4,55.4
ST02,19.07,72.87,2026-08-28 03:00:00,33.0,1007.9,55.7
ST02,19.07,72.87,2026-08-28 03:10:00,33.4,1014.5,58.0
ST02,19.07,72.87,2026-08-28 03:20:00,26.5,1013.7,68.7
ST02,19.07,72.87,2026-08-28 03:30:00,27.9,1008.9,57.3
ST02,19.07,72.87,2026-08-28 03:40:00,29.6,1006.7,53.8
ST02,19.07,72.87,2026-08-28 03:50:00,37.5,1013.8,67.5
ST02,19.07,72.87,2026-08-28 04:00:00,34.9,1008.4,51.0
ST02,19.07,72.87,2026-08-28 04:10:00,34.3,1012.1,50.2
ST02,19.07,72.87,2026-08-28 04:20:00,32.5,1012.1,57.0
ST02,19.07,72.87,2026-08-28 04:30:00,34.2,1013.5,57.1
ST02,19.07,72.87,2026-08-28 04:40:00,30.4,1011.8,64.9
ST02,19.07,72.87,2026-08-28 04:50:00,32.3,1006.2,62.6
ST02,19.07,72.87,2026-08-28 05:00:00,35.4,1008.4,58.5
ST02,19.07,72.87,2026-08-28 05:10:00,35.7,1005.8,54.4
ST02,19.07,72.87,2026-08-28 05:20:00,29.2,1006.2,64.8
ST02,19.07,72.87,2026-08-28 05:30:00,37.5,1015.1,43.3
ST02,19.07,72.87,2026-08-28 05:40:00,33.6,1008.4,59.2
ST02,19.07,72.87,2026-08-28 05:50:00,34.1,1013.3,59.7
ST02,19.07,72.87,2026-08-28 06:00:00,33.4,1008.9,61.2
ST02,19.07,72.87,2026-08-28 06:10:00,32.9,1004.9,62.5
ST02,19.07,72.87,2026-08-28 06:20:00,29.7,1010.5,65.9
ST02,19.07,72.87,2026-08-28 06:30:00,32.6,1011.0,60.1
ST02,19.07,72.87,2026-08-28 06:40:00,31.7,1010.6,53.8
ST02,19.07,72.87,2026-08-28 06:50:00,30.6,1004.9,63.3
ST02,19.07,72.87,2026-08-28 07:00:00,35.7,1010.8,63.8
ST02,19.07,72.87,2026-08-28 07:10:00,35.5,1013.0,73.3
ST02,19.07,72.87,2026-08-28 07:20:00,28.5,1008.1,49.8
ST02,19.07,72.87,2026-08-28 07:30:00,33.1,1007.8,64.1
ST02,19.07,72.87,2026-08-28 07:40:00,33.6,1008.2,54.0
ST02,19.07,72.87,2026-08-28 07:50:00,29.6,1005.9,52.6
ST02,19.07,72.87,2026-08-28 08:00:00,30.6,1007.2,68.4
ST02,19.07,72.87,2026-08-28 08:10:00,39.7,1010.6,63.9
ST02,19.07,72.87,2026-08-28 08:20:00,29.4,1008.3,65.6
ST02,19.07,72.87,2026-08-28 08:30:00,29.4,1009.7,80.5
ST02,19.07,72.87,2026-08-28 08:40:00,29.4,1009.9,54.4
ST02,19.07,72.87,2026-08-28 08:50:00,29.4,1015.4,55.0
ST02,19.07,72.87,2026-08-28 09:00:00,29.4,1011.9,55.5
ST02,19.07,72.87,2026-08-28 09:10:00,29.4,1005.3,65.0
ST02,19.07,72.87,2026-08-28 09:20:00,29.4,1009.8,58.0
ST02,19.07,72.87,2026-08-28 09:30:00,29.4,1006.0,61.4
ST02,19.07,72.87,2026-08-28 09:40:00,29.4,1011.7,64.9
ST02,19.07,72.87,2026-08-28 09:50:00,29.4,1011.4,66.7
ST02,19.07,72.87,2026-08-28 10:00:00,29.4,1011.3,46.7
ST02,19.07,72.87,2026-08-28 10:10:00,29.4,1006.2,62.2
ST02,19.07,72.87,2026-08-28 10:20:00,29.4,1009.9,68.4
ST02,19.07,72.87,2026-08-28 10:30:00,29.4,1010.1,60.2
ST02,19.07,72.87,2026-08-28 10:40:00,29.4,1010.3,55.9
ST02,19.07,72.87,2026-08-28 10:50:00,29.4,1009.1,56.5
ST02,19.07,72.87,2026-08-28 11:00:00,29.4,1013.8,56.2
ST02,19.07,72.87,2026-08-28 11:10:00,29.4,1008.7,58.5
ST02,19.07,72.87,2026-08-28 11:20:00,36.7,1013.1,61.6
ST02,19.07,72.87,2026-08-28 11:30:00,29.4,1012.7,62.1
ST02,19.07,72.87,2026-08-28 11:40:00,33.3,1008.4,68.5
ST02,19.07,72.87,2026-08-28 11:50:00,36.6,1008.9,78.4
ST02,19.07,72.87,2026-08-28 12:00:00,32.0,1014.7,71.6
ST02,19.07,72.87,2026-08-28 12:10:00,31.8,1009.2,56.6
ST02,19.07,72.87,2026-08-28 12:20:00,29.7,1007.0,52.7
ST02,19.07,72.87,2026-08-28 12:30:00,31.2,1010.7,59.7
ST02,19.07,72.87,2026-08-28 12:40:00,37.0,1013.0,52.0
ST02,19.07,72.87,2026-08-28 12:50:00,32.5,1012.0,59.6
ST02,19.07,72.87,2026-08-28 13:00:00,30.3,1010.5,63.1
ST02,19.07,72.87,2026-08-28 13:10:00,34.3,1017.4,62.3
ST02,19.07,72.87,2026-08-28 13:20:00,31.5,1008.1,55.8
ST02,19.07,72.87,2026-08-28 13:30:00,31.7,1013.6,54.9
ST02,19.07,72.87,2026-08-28 13:40:00,36.6,1007.5,55.4
ST02,19.07,72.87,2026-08-28 13:50:00,34.3,1011.9,55.6
ST02,19.07,72.87,2026-08-28 14:00:00,33.6,1014.6,47.9
ST02,19.07,72.87,2026-08-28 14:10:00,37.6,1008.8,55.1
ST02,19.07,72.87,2026-08-28 14:20:00,33.8,1012.0,62.7
ST02,19.07,72.87,2026-08-28 14:30:00,38.1,1007.6,58.6
ST02,19.07,72.87,2026-08-28 14:40:00,29.6,1009.9,54.2
ST02,19.07,72.87,2026-08-28 14:50:00,37.6,1010.7,55.9
ST02,19.07,72.87,2026-08-28 15:00:00,33.0,1017.6,69.5
ST02,19.07,72.87,2026-08-28 15:10:00,31.8,1013.1,56.1
ST02,19.07,72.87,2026-08-28 15:20:00,34.8,1011.8,74.8
ST02,19.07,72.87,2026-08-28 15:30:00,32.2,1013.3,64.7
ST02,19.07,72.87,2026-08-28 15:40:00,35.1,1013.2,64.1
ST02,19.07,72.87,2026-08-28 15:50:00,36.0,1011.9,71.1
ST02,19.07,72.87,2026-08-28 16:00:00,32.7,1013.6,61.2
ST02,19.07,72.87,2026-08-28 16:10:00,31.0,1008.8,62.9
ST02,19.07,72.87,2026-08-28 16:20:00,33.2,1010.6,70.2
ST02,19.07,72.87,2026-08-28 16:30:00,33.2,1012.2,49.1
ST02,19.07,72.87,2026-08-28 16:40:00,34.7,1009.1,77.3
ST02,19.07,72.87,2026-08-28 16:50:00,33.6,1014.7,62.0
ST02,19.07,72.87,2026-08-28 17:00:00,32.8,1011.8,62.2
ST02,19.07,72.87,2026-08-28 17:10:00,33.6,1010.6,56.4
ST02,19.07,72.87,2026-08-28 17:20:00,35.8,1010.4,51.8
ST02,19.07,72.87,2026-08-28 17:30:00,31.3,1005.4,69.6
ST02,19.07,72.87,2026-08-28 17:40:00,31.7,1014.7,63.0
ST02,19.07,72.87,2026-08-28 17:50:00,32.9,1015.6,55.6
ST02,19.07,72.87,2026-08-28 18:00:00,29.5,1011.3,42.4
ST02,19.07,72.87,2026-08-28 18:10:00,31.8,1012.1,51.8
ST02,19.07,72.87,2026-08-28 18:20:00,33.7,1006.2,55.5
ST02,19.07,72.87,2026-08-28 18:30:00,35.3,1009.7,65.2
ST02,19.07,72.87,2026-08-28 18:40:00,37.7,1005.4,51.4
ST02,19.07,72.87,2026-08-28 18:50:00,31.4,1010.7,59.6
ST02,19.07,72.87,2026-08-28 19:00:00,32.5,1006.2,62.8
ST02,19.07,72.87,2026-08-28 19:10:00,36.7,1013.4,59.3
ST02,19.07,72.87,2026-08-28 19:20:00,33.9,1011.7,63.7
ST02,19.07,72.87,2026-08-28 19:30:00,34.2,1014.0,65.1
ST02,19.07,72.87,2026-08-28 19:40:00,33.6,1009.7,65.7
ST02,19.07,72.87,2026-08-28 19:50:00,36.7,1015.4,54.6
ST02,19.07,72.87,2026-08-28 20:00:00,33.0,1010.4,48.6
ST02,19.07,72.87,2026-08-28 20:10:00,31.4,1008.0,66.7
ST02,19.07,72.87,2026-08-28 20:20:00,32.0,1008.6,44.9
ST02,19.07,72.87,2026-08-28 20:30:00,27.0,1012.3,47.3
ST02,19.07,72.87,2026-08-28 20:40:00,35.0,1007.1,63.4
ST02,19.07,72.87,2026-08-28 20:50:00,33.0,1006.5,60.0
ST02,19.07,72.87,2026-08-28 21:00:00,36.8,1009.3,67.0
ST02,19.07,72.87,2026-08-28 21:10:00,33.2,1003.9,61.7
ST02,19.07,72.87,2026-08-28 21:20:00,32.5,1007.0,54.5
ST02,19.07,72.87,2026-08-28 21:30:00,32.4,1011.9,74.4
ST02,19.07,72.87,2026-08-28 21:40:00,31.7,1014.2,64.6
ST02,19.07,72.87,2026-08-28 21:50:00,35.4,1008.1,60.5
ST02,19.07,72.87,2026-08-28 22:00:00,34.8,1012.7,63.1
ST02,19.07,72.87,2026-08-28 22:10:00,34.7,1008.4,68.4
ST02,19.07,72.87,2026-08-28 22:20:00,36.4,1016.2,61.6
ST02,19.07,72.87,2026-08-28 22:30:00,31.4,1010.6,73.9
ST02,19.07,72.87,2026-08-28 22:40:00,31.5,1009.0,56.1
ST02,19.07,72.87,2026-08-28 22:50:00,34.1,1008.3,64.2
ST02,19.07,72.87,2026-08-28 23:00:00,33.0,1015.2,77.1
ST02,19.07,72.87,2026-08-28 23:10:00,34.2,1010.4,60.3
ST02,19.07,72.87,2026-08-28 23:20:00,34.6,1009.2,51.8
ST02,19.07,72.87,2026-08-28 23:30:00,28.9,1011.9,63.2
ST02,19.07,72.87,2026-08-28 23:40:00,31.9,1006.3,72.6
ST02,19.07,72.87,2026-08-28 23:50:00,29.4,1013.1,61.8
ST02,19.07,72.87,2026-08-29 00:00:00,37.3,1013.2,56.3
ST02,19.07,72.87,2026-08-29 00:10:00,33.0,1012.7,58.6
ST02,19.07,72.87,2026-08-29 00:20:00,34.7,1014.4,47.4
ST02,19.07,72.87,2026-08-29 00:30:00,36.5,1011.2,55.0
ST02,19.07,72.87,2026-08-29 00:40:00,34.3,1008.3,62.1
ST02,19.07,72.87,2026-08-29 00:50:00,31.4,1013.5,59.8
ST02,19.07,72.87,2026-08-29 01:00:00,34.4,1012.3,57.0
ST02,19.07,72.87,2026-08-29 01:10:00,26.0,1004.8,69.2
ST02,19.07,72.87,2026-08-29 01:20:00,32.2,1006.1,51.0
ST02,19.07,72.87,2026-08-29 01:30:00,36.0,1011.0,56.3
ST02,19.07,72.87,2026-08-29 01:40:00,33.0,1010.2,63.8
ST02,19.07,72.87,2026-08-29 01:50:00,29.9,1008.5,68.0
ST02,19.07,72.87,2026-08-29 02:00:00,29.2,1014.5,56.6
ST02,19.07,72.87,2026-08-29 02:10:00,35.2,1009.0,57.2
ST02,19.07,72.87,2026-08-29 02:20:00,32.3,1011.1,76.6
ST02,19.07,72.87,2026-08-29 02:30:00,34.2,1010.7,68.2
ST02,19.07,72.87,2026-08-29 02:40:00,32.4,1009.8,58.4
ST02,19.07,72.87,2026-08-29 02:50:00,33.0,1010.2,65.8
ST02,19.07,72.87,2026-08-29 03:00:00,34.9,1010.2,59.4
ST02,19.07,72.87,2026-08-29 03:10:00,28.1,1011.0,67.3
ST02,19.07,72.87,2026-08-29 03:20:00,35.6,1016.3,36.8
ST02,19.07,72.87,2026-08-29 03:30:00,32.7,1006.9,68.9
ST02,19.07,72.87,2026-08-29 03:40:00,34.6,1008.1,51.6
ST02,19.07,72.87,2026-08-29 03:50:00,37.9,1010.7,58.5
ST02,19.07,72.87,2026-08-29 04:00:00,35.3,1010.5,64.0
ST02,19.07,72.87,2026-08-29 04:10:00,34.0,1009.8,79.2
ST02,19.07,72.87,2026-08-29 04:20:00,33.6,1013.3,68.4
ST02,19.07,72.87,2026-08-29 04:30:00,36.1,1006.6,65.1
ST02,19.07,72.87,2026-08-29 04:40:00,37.2,1010.9,50.8
ST02,19.07,72.87,2026-08-29 04:50:00,31.2,1011.0,59.5
ST02,19.07,72.87,2026-08-29 05:00:00,33.9,1014.8,63.4
ST02,19.07,72.87,2026-08-29 05:10:00,34.2,1012.9,58.0
ST02,19.07,72.87,2026-08-29 05:20:00,36.1,1011.8,50.2
ST02,19.07,72.87,2026-08-29 05:30:00,34.8,1014.1,57.6
ST02,19.07,72.87,2026-08-29 05:40:00,32.7,1009.5,61.0
ST02,19.07,72.87,2026-08-29 05:50:00,33.1,1005.7,51.2
ST02,19.07,72.87,2026-08-29 06:00:00,37.1,1007.0,53.2
ST02,19.07,72.87,2026-08-29 06:10:00,27.7,1006.0,54.9
ST02,19.07,72.87,2026-08-29 06:20:00,37.2,1007.9,68.1
ST02,19.07,72.87,2026-08-29 06:30:00,38.7,1009.0,67.9
ST02,19.07,72.87,2026-08-29 06:40:00,26.8,1005.8,78.3
ST02,19.07,72.87,2026-08-29 06:50:00,29.0,1017.3,68.2
ST02,19.07,72.87,2026-08-29 07:00:00,36.5,1011.8,64.5
ST02,19.07,72.87,2026-08-29 07:10:00,35.2,1010.8,66.1
ST02,19.07,72.87,2026-08-29 07:20:00,33.3,1007.7,59.5
ST02,19.07,72.87,2026-08-29 07:30:00,32.4,1009.7,46.5
ST02,19.07,72.87,2026-08-29 07:40:00,30.6,1010.5,51.2
ST02,19.07,72.87,2026-08-29 07:50:00,36.6,1005.3,67.3
ST02,19.07,72.87,2026-08-29 08:00:00,30.6,1007.1,67.5
ST02,19.07,72.87,2026-08-29 08:10:00,32.5,1007.1,64.4
ST02,19.07,72.87,2026-08-29 08:20:00,33.3,1008.2,49.3
ST02,19.07,72.87,2026-08-29 08:30:00,33.9,1011.3,47.3
ST02,19.07,72.87,2026-08-29 08:40:00,33.0,1010.7,64.4
ST02,19.07,72.87,2026-08-29 08:50:00,36.5,1008.7,61.0
ST02,19.07,72.87,2026-08-29 09:00:00,33.4,1010.1,64.3
ST02,19.07,72.87,2026-08-29 09:10:00,33.2,1008.0,54.4
ST03,13.08,80.27,2026-08-28 00:00:00,33.0,1009.2,57.6
ST03,13.08,80.27,2026-08-28 00:10:00,32.0,1007.9,66.0
ST03,13.08,80.27,2026-08-28 00:20:00,32.1,1015.5,55.5
ST03,13.08,80.27,2026-08-28 00:30:00,28.0,1007.7,61.9
ST03,13.08,80.27,2026-08-28 00:40:00,35.7,1011.6,50.1
ST03,13.08,80.27,2026-08-28 00:50:00,28.3,1011.4,57.2
ST03,13.08,80.27,2026-08-28 01:00:00,33.2,1005.4,73.0
ST03,13.08,80.27,2026-08-28 01:10:00,30.8,1004.9,71.7
ST03,13.08,80.27,2026-08-28 01:20:00,30.9,1011.2,60.0
ST03,13.08,80.27,2026-08-28 01:30:00,28.2,1004.3,48.5
ST03,13.08,80.27,2026-08-28 01:40:00,32.6,1010.9,68.8
ST03,13.08,80.27,2026-08-28 01:50:00,28.8,1011.7,47.0
ST03,13.08,80.27,2026-08-28 02:00:00,27.4,1008.2,54.3
ST03,13.08,80.27,2026-08-28 02:10:00,29.6,1010.1,53.9
ST03,13.08,80.27,2026-08-28 02:20:00,28.6,1013.1,65.6
ST03,13.08,80.27,2026-08-28 02:30:00,30.4,1016.4,63.7
ST03,13.08,80.27,2026-08-28 02:40:00,27.2,1012.1,50.1
ST03,13.08,80.27,2026-08-28 02:50:00,35.0,1015.2,57.9
ST03,13.08,80.27,2026-08-28 03:00:00,30.4,1007.0,54.6
ST03,13.08,80.27,2026-08-28 03:10:00,31.7,1010.2,52.7
ST03,13.08,80.27,2026-08-28 03:20:00,34.1,1013.9,57.5
ST03,13.08,80.27,2026-08-28 03:30:00,27.1,1005.8,55.7
ST03,13.08,80.27,2026-08-28 03:40:00,30.3,1010.2,66.2
ST03,13.08,80.27,2026-08-28 03:50:00,33.2,1010.7,54.0
ST03,13.08,80.27,2026-08-28 04:00:00,28.8,1011.5,62.9
ST03,13.08,80.27,2026-08-28 04:10:00,31.6,1007.3,51.4
ST03,13.08,80.27,2026-08-28 04:20:00,28.3,1010.3,58.1
ST03,13.08,80.27,2026-08-28 04:30:00,31.9,1005.2,53.2
ST03,13.08,80.27,2026-08-28 04:40:00,35.5,1012.5,50.9
ST03,13.08,80.27,2026-08-28 04:50:00,30.2,1010.0,62.0
ST03,13.08,80.27,2026-08-28 05:00:00,29.1,1008.7,63.7
ST03,13.08,80.27,2026-08-28 05:10:00,33.0,1011.8,64.5
ST03,13.08,80.27,2026-08-28 05:20:00,28.8,1006.4,58.1
ST03,13.08,80.27,2026-08-28 05:30:00,29.2,1013.9,51.7
ST03,13.08,80.27,2026-08-28 05:40:00,30.2,1009.3,61.4
ST03,13.08,80.27,2026-08-28 05:50:00,30.6,1009.1,79.7
ST03,13.08,80.27,2026-08-28 06:00:00,28.5,1002.4,64.2
ST03,13.08,80.27,2026-08-28 06:10:00,30.3,1007.0,57.0
ST03,13.08,80.27,2026-08-28 06:20:00,31.4,1004.6,60.4
ST03,13.08,80.27,2026-08-28 06:30:00,28.5,1010.9,36.9
ST03,13.08,80.27,2026-08-28 06:40:00,30.8,1011.6,53.7
ST03,13.08,80.27,2026-08-28 06:50:00,26.9,1011.3,52.3
ST03,13.08,80.27,2026-08-28 07:00:00,28.4,1008.3,59.5
ST03,13.08,80.27,2026-08-28 07:10:00,29.1,1007.9,57.1
ST03,13.08,80.27,2026-08-28 07:20:00,30.9,1010.0,55.0
ST03,13.08,80.27,2026-08-28 07:30:00,28.3,1012.7,47.7
ST03,13.08,80.27,2026-08-28 07:40:00,31.4,1006.9,78.3
ST03,13.08,80.27,2026-08-28 07:50:00,29.6,1013.0,59.0
ST03,13.08,80.27,2026-08-28 08:00:00,28.8,1013.6,50.6
ST03,13.08,80.27,2026-08-28 08:10:00,29.3,1012.3,67.0
ST03,13.08,80.27,2026-08-28 08:20:00,30.0,1008.8,58.6
ST03,13.08,80.27,2026-08-28 08:30:00,30.1,1007.6,66.9
ST03,13.08,80.27,2026-08-28 08:40:00,30.4,1007.0,51.1
ST03,13.08,80.27,2026-08-28 08:50:00,30.0,1016.2,44.3
ST03,13.08,80.27,2026-08-28 09:00:00,27.1,1013.5,59.7
ST03,13.08,80.27,2026-08-28 09:10:00,28.0,1008.7,41.6
ST03,13.08,80.27,2026-08-28 09:20:00,27.9,1010.9,41.8
ST03,13.08,80.27,2026-08-28 09:30:00,30.6,1006.6,69.1
ST03,13.08,80.27,2026-08-28 09:40:00,26.1,1009.7,56.7
ST03,13.08,80.27,2026-08-28 09:50:00,32.4,1013.6,71.3
ST03,13.08,80.27,2026-08-28 10:00:00,30.8,1008.1,66.4
ST03,13.08,80.27,2026-08-28 10:10:00,30.5,1010.2,50.5
ST03,13.08,80.27,2026-08-28 10:20:00,30.3,1009.3,73.8
ST03,13.08,80.27,2026-08-28 10:30:00,30.3,1008.6,61.9
ST03,13.08,80.27,2026-08-28 10:40:00,28.1,1007.1,70.4
ST03,13.08,80.27,2026-08-28 10:50:00,26.8,1013.5,65.4
ST03,13.08,80.27,2026-08-28 11:00:00,29.0,1010.8,56.5
ST03,13.08,80.27,2026-08-28 11:10:00,28.3,1012.6,53.7
ST03,13.08,80.27,2026-08-28 11:20:00,31.6,1006.2,70.5
ST03,13.08,80.27,2026-08-28 11:30:00,28.9,1007.2,62.2
ST03,13.08,80.27,2026-08-28 11:40:00,31.7,1008.2,69.8
ST03,13.08,80.27,2026-08-28 11:50:00,30.2,1015.4,71.6
ST03,13.08,80.27,2026-08-28 12:00:00,32.0,1007.4,64.7
ST03,13.08,80.27,2026-08-28 12:10:00,31.0,1009.4,64.5
ST03,13.08,80.27,2026-08-28 12:20:00,28.6,1004.8,49.7
ST03,13.08,80.27,2026-08-28 12:30:00,25.2,1010.4,64.6
ST03,13.08,80.27,2026-08-28 12:40:00,28.9,1010.6,57.3
ST03,13.08,80.27,2026-08-28 12:50:00,29.7,1012.7,49.3
ST03,13.08,80.27,2026-08-28 13:00:00,30.9,1012.5,62.1
ST03,13.08,80.27,2026-08-28 13:10:00,28.1,1009.6,69.7
ST03,13.08,80.27,2026-08-28 13:20:00,32.3,1006.9,65.9
ST03,13.08,80.27,2026-08-28 13:30:00,31.4,1010.1,62.6
ST03,13.08,80.27,2026-08-28 13:40:00,29.9,1012.4,59.3
ST03,13.08,80.27,2026-08-28 13:50:00,31.6,1005.5,60.2
ST03,13.08,80.27,2026-08-28 14:00:00,31.3,1016.9,65.8
ST03,13.08,80.27,2026-08-28 14:10:00,32.8,1010.2,44.8
ST03,13.08,80.27,2026-08-28 14:20:00,34.6,1011.0,65.0
ST03,13.08,80.27,2026-08-28 14:30:00,32.4,1011.4,55.0
ST03,13.08,80.27,2026-08-28 14:40:00,29.5,1012.5,59.8
ST03,13.08,80.27,2026-08-28 14:50:00,27.8,1008.7,70.3
ST03,13.08,80.27,2026-08-28 15:00:00,30.8,1012.2,48.8
ST03,13.08,80.27,2026-08-28 15:10:00,33.7,1006.7,55.9
ST03,13.08,80.27,2026-08-28 15:20:00,30.8,1005.7,71.6
ST03,13.08,80.27,2026-08-28 15:30:00,27.3,1007.5,56.4
ST03,13.08,80.27,2026-08-28 15:40:00,28.1,1011.8,43.2
ST03,13.08,80.27,2026-08-28 15:50:00,31.0,1014.4,46.4
ST03,13.08,80.27,2026-08-28 16:00:00,34.3,1013.5,54.0
ST03,13.08,80.27,2026-08-28 16:10:00,28.7,1007.5,61.4
ST03,13.08,80.27,2026-08-28 16:20:00,35.6,1010.4,57.6
ST03,13.08,80.27,2026-08-28 16:30:00,28.4,1015.7,74.9
ST03,13.08,80.27,2026-08-28 16:40:00,34.2,1008.1,67.7
ST03,13.08,80.27,2026-08-28 16:50:00,32.2,1013.9,59.9
ST03,13.08,80.27,2026-08-28 17:00:00,32.9,1012.8,54.8
ST03,13.08,80.27,2026-08-28 17:10:00,31.8,1012.4,37.8
ST03,13.08,80.27,2026-08-28 17:20:00,29.0,1007.5,52.9
ST03,13.08,80.27,2026-08-28 17:30:00,29.8,1005.9,63.8
ST03,13.08,80.27,2026-08-28 17:40:00,30.6,1015.6,64.6
ST03,13.08,80.27,2026-08-28 17:50:00,27.4,1010.8,57.2
ST03,13.08,80.27,2026-08-28 18:00:00,33.0,1013.6,57.6
ST03,13.08,80.27,2026-08-28 18:10:00,25.3,1011.0,50.0
ST03,13.08,80.27,2026-08-28 18:20:00,26.6,1008.4,50.6
ST03,13.08,80.27,2026-08-28 18:30:00,32.0,1010.5,44.8
ST03,13.08,80.27,2026-08-28 18:40:00,32.7,1008.9,58.4
ST03,13.08,80.27,2026-08-28 18:50:00,31.1,1014.2,58.5
ST03,13.08,80.27,2026-08-28 19:00:00,27.3,1010.6,59.6
ST03,13.08,80.27,2026-08-28 19:10:00,29.2,1009.5,37.0
ST03,13.08,80.27,2026-08-28 19:20:00,32.4,1011.1,66.2
ST03,13.08,80.27,2026-08-28 19:30:00,27.4,1008.3,63.2
ST03,13.08,80.27,2026-08-28 19:40:00,31.0,1007.1,61.0
ST03,13.08,80.27,2026-08-28 19:50:00,27.9,1009.3,62.8
ST03,13.08,80.27,2026-08-28 20:00:00,28.0,1009.1,52.6
ST03,13.08,80.27,2026-08-28 20:10:00,34.0,1010.0,55.8
ST03,13.08,80.27,2026-08-28 20:20:00,30.4,1004.7,51.0
ST03,13.08,80.27,2026-08-28 20:30:00,27.5,1010.3,62.0
ST03,13.08,80.27,2026-08-28 20:40:00,31.9,1009.7,60.8
ST03,13.08,80.27,2026-08-28 20:50:00,28.6,1007.2,67.1
ST03,13.08,80.27,2026-08-28 21:00:00,27.3,1006.0,64.5
ST03,13.08,80.27,2026-08-28 21:10:00,36.1,1011.0,60.6
ST03,13.08,80.27,2026-08-28 21:20:00,28.1,1008.7,57.5
ST03,13.08,80.27,2026-08-28 21:30:00,28.8,1008.7,65.1
ST03,13.08,80.27,2026-08-28 21:40:00,32.7,1009.1,81.3
ST03,13.08,80.27,2026-08-28 21:50:00,30.5,1015.4,63.0
ST03,13.08,80.27,2026-08-28 22:00:00,29.9,1006.2,53.4
ST03,13.08,80.27,2026-08-28 22:10:00,30.0,1016.0,56.4
ST03,13.08,80.27,2026-08-28 22:20:00,34.5,1007.9,51.7
ST03,13.08,80.27,2026-08-28 22:30:00,30.3,1010.2,71.2
ST03,13.08,80.27,2026-08-28 22:40:00,28.5,1008.1,59.5
ST03,13.08,80.27,2026-08-28 22:50:00,31.6,1008.5,54.3
ST03,13.08,80.27,2026-08-28 23:00:00,33.0,1005.7,53.9
ST03,13.08,80.27,2026-08-28 23:10:00,30.3,1011.5,57.1
ST03,13.08,80.27,2026-08-28 23:20:00,55.0,1009.8,59.7
ST03,13.08,80.27,2026-08-28 23:30:00,55.0,1012.6,60.7
ST03,13.08,80.27,2026-08-28 23:40:00,55.0,1013.1,60.0
ST03,13.08,80.27,2026-08-28 23:50:00,55.0,1008.3,70.5
ST03,13.08,80.27,2026-08-29 00:00:00,55.0,1011.1,61.6
ST03,13.08,80.27,2026-08-29 00:10:00,55.0,1011.6,69.5
ST03,13.08,80.27,2026-08-29 00:20:00,55.0,1006.3,58.5
ST03,13.08,80.27,2026-08-29 00:30:00,55.0,1012.0,67.9
ST03,13.08,80.27,2026-08-29 00:40:00,55.0,1009.2,56.6
ST03,13.08,80.27,2026-08-29 00:50:00,55.0,1008.5,55.6
ST03,13.08,80.27,2026-08-29 01:00:00,55.0,1009.4,66.1
ST03,13.08,80.27,2026-08-29 01:10:00,55.0,1010.6,54.1
ST03,13.08,80.27,2026-08-29 01:20:00,55.0,1011.6,61.9
ST03,13.08,80.27,2026-08-29 01:30:00,55.0,1009.9,62.1
ST03,13.08,80.27,2026-08-29 01:40:00,55.0,1006.4,71.5
ST03,13.08,80.27,2026-08-29 01:50:00,55.0,1009.2,60.3
ST03,13.08,80.27,2026-08-29 02:00:00,55.0,1007.6,61.8
ST03,13.08,80.27,2026-08-29 02:10:00,55.0,1010.9,62.2
ST03,13.08,80.27,2026-08-29 02:20:00,55.0,1009.1,62.8
ST03,13.08,80.27,2026-08-29 02:30:00,55.0,1013.9,58.7
ST03,13.08,80.27,2026-08-29 02:40:00,29.9,1008.5,42.1
ST03,13.08,80.27,2026-08-29 02:50:00,32.6,1007.5,64.4
ST03,13.08,80.27,2026-08-29 03:00:00,28.7,1008.0,56.7
ST03,13.08,80.27,2026-08-29 03:10:00,25.0,1013.8,66.1
ST03,13.08,80.27,2026-08-29 03:20:00,26.3,1009.7,70.0
ST03,13.08,80.27,2026-08-29 03:30:00,33.2,1010.4,60.3
ST03,13.08,80.27,2026-08-29 03:40:00,31.0,1013.6,53.7
ST03,13.08,80.27,2026-08-29 03:50:00,27.3,1011.6,56.8
ST03,13.08,80.27,2026-08-29 04:00:00,28.8,1014.1,66.2
ST03,13.08,80.27,2026-08-29 04:10:00,32.6,1010.4,44.5
ST03,13.08,80.27,2026-08-29 04:20:00,32.7,1012.2,49.5
ST03,13.08,80.27,2026-08-29 04:30:00,31.8,1012.5,50.3
ST03,13.08,80.27,2026-08-29 04:40:00,30.8,1007.1,65.2
ST03,13.08,80.27,2026-08-29 04:50:00,30.5,1003.2,46.4
ST03,13.08,80.27,2026-08-29 05:00:00,30.5,1010.8,68.8
ST03,13.08,80.27,2026-08-29 05:10:00,30.0,1007.2,58.5
ST03,13.08,80.27,2026-08-29 05:20:00,29.6,1008.7,63.4
ST03,13.08,80.27,2026-08-29 05:30:00,32.0,1011.0,61.6
ST03,13.08,80.27,2026-08-29 05:40:00,32.3,1012.0,55.8
ST03,13.08,80.27,2026-08-29 05:50:00,29.1,1008.1,62.7
ST03,13.08,80.27,2026-08-29 06:00:00,27.8,1004.3,60.7
ST03,13.08,80.27,2026-08-29 06:10:00,29.4,1012.3,47.1
ST03,13.08,80.27,2026-08-29 06:20:00,32.7,1011.3,53.1
ST03,13.08,80.27,2026-08-29 06:30:00,32.4,1010.6,67.2
ST03,13.08,80.27,2026-08-29 06:40:00,31.9,1010.2,54.8
ST03,13.08,80.27,2026-08-29 06:50:00,28.9,1010.1,54.1
ST03,13.08,80.27,2026-08-29 07:00:00,31.0,1010.8,69.3
ST03,13.08,80.27,2026-08-29 07:10:00,31.7,1018.1,65.2
ST03,13.08,80.27,2026-08-29 07:20:00,25.6,1014.4,54.5
ST03,13.08,80.27,2026-08-29 07:30:00,29.2,1010.7,67.1
ST03,13.08,80.27,2026-08-29 07:40:00,35.4,1013.7,51.1
ST03,13.08,80.27,2026-08-29 07:50:00,34.5,1012.3,51.9
ST03,13.08,80.27,2026-08-29 08:00:00,27.7,1009.2,60.2
ST03,13.08,80.27,2026-08-29 08:10:00,24.1,1010.4,63.4
ST03,13.08,80.27,2026-08-29 08:20:00,33.8,1016.9,64.9
ST03,13.08,80.27,2026-08-29 08:30:00,30.4,1009.4,59.2
ST03,13.08,80.27,2026-08-29 08:40:00,29.0,1009.3,42.3
ST03,13.08,80.27,2026-08-29 08:50:00,24.9,1006.3,63.6
ST03,13.08,80.27,2026-08-29 09:00:00,27.9,1009.4,54.6
ST03,13.08,80.27,2026-08-29 09:10:00,30.1,1008.3,68.7
ST04,12.97,77.59,2026-08-28 00:00:00,25.0,1009.5,60.9
ST04,12.97,77.59,2026-08-28 00:10:00,31.4,1007.7,61.7
ST04,12.97,77.59,2026-08-28 00:20:00,28.9,1013.2,53.6
ST04,12.97,77.59,2026-08-28 00:30:00,29.8,1009.8,75.2
ST04,12.97,77.59,2026-08-28 00:40:00,27.9,1004.6,47.9
ST04,12.97,77.59,2026-08-28 00:50:00,25.8,1011.5,62.1
ST04,12.97,77.59,2026-08-28 01:00:00,25.8,1008.6,67.2
ST04,12.97,77.59,2026-08-28 01:10:00,30.1,1012.7,72.9
ST04,12.97,77.59,2026-08-28 01:20:00,29.0,1003.5,52.9
ST04,12.97,77.59,2026-08-28 01:30:00,27.9,1007.0,58.3
ST04,12.97,77.59,2026-08-28 01:40:00,29.4,1009.3,60.6
ST04,12.97,77.59,2026-08-28 01:50:00,28.1,1011.3,61.3
ST04,12.97,77.59,2026-08-28 02:00:00,27.0,1009.7,71.3
ST04,12.97,77.59,2026-08-28 02:10:00,29.8,1010.7,65.7
ST04,12.97,77.59,2026-08-28 02:20:00,32.1,1008.2,62.3
ST04,12.97,77.59,2026-08-28 02:30:00,30.6,1010.3,50.9
ST04,12.97,77.59,2026-08-28 02:40:00,29.6,1009.6,58.3
ST04,12.97,77.59,2026-08-28 02:50:00,25.0,1010.3,55.6
ST04,12.97,77.59,2026-08-28 03:00:00,30.1,1013.8,51.8
ST04,12.97,77.59,2026-08-28 03:10:00,27.6,1011.3,67.8
ST04,12.97,77.59,2026-08-28 03:20:00,28.1,1006.4,74.2
ST04,12.97,77.59,2026-08-28 03:30:00,32.0,1008.0,68.0
ST04,12.97,77.59,2026-08-28 03:40:00,33.2,1010.9,58.0
ST04,12.97,77.59,2026-08-28 03:50:00,30.4,1012.4,58.9
ST04,12.97,77.59,2026-08-28 04:00:00,31.7,1013.9,46.0
ST04,12.97,77.59,2026-08-28 04:10:00,25.6,1013.4,68.3
ST04,12.97,77.59,2026-08-28 04:20:00,27.0,1006.7,56.7
ST04,12.97,77.59,2026-08-28 04:30:00,29.2,1012.3,57.5
ST04,12.97,77.59,2026-08-28 04:40:00,33.0,1008.3,71.2
ST04,12.97,77.59,2026-08-28 04:50:00,29.2,1007.6,46.5
ST04,12.97,77.59,2026-08-28 05:00:00,32.1,1006.3,72.9
ST04,12.97,77.59,2026-08-28 05:10:00,28.2,1010.8,59.8
ST04,12.97,77.59,2026-08-28 05:20:00,27.7,1008.6,63.4
ST04,12.97,77.59,2026-08-28 05:30:00,29.7,1010.0,64.4
ST04,12.97,77.59,2026-08-28 05:40:00,28.6,1009.7,59.1
ST04,12.97,77.59,2026-08-28 05:50:00,28.8,1014.8,57.9
ST04,12.97,77.59,2026-08-28 06:00:00,31.1,1012.1,57.6
ST04,12.97,77.59,2026-08-28 06:10:00,28.9,1011.1,69.4
ST04,12.97,77.59,2026-08-28 06:20:00,29.5,1005.3,63.6
ST04,12.97,77.59,2026-08-28 06:30:00,26.9,1010.4,50.4
ST04,12.97,77.59,2026-08-28 06:40:00,34.1,1011.9,77.9
ST04,12.97,77.59,2026-08-28 06:50:00,31.0,1008.4,45.6
ST04,12.97,77.59,2026-08-28 07:00:00,27.8,1009.5,55.0
ST04,12.97,77.59,2026-08-28 07:10:00,28.5,1012.2,44.2
ST04,12.97,77.59,2026-08-28 07:20:00,27.0,1016.2,61.9
ST04,12.97,77.59,2026-08-28 07:30:00,27.4,1009.1,39.8
ST04,12.97,77.59,2026-08-28 07:40:00,32.5,1006.3,75.7
ST04,12.97,77.59,2026-08-28 07:50:00,31.0,1009.7,56.3
ST04,12.97,77.59,2026-08-28 08:00:00,36.3,1010.8,48.0
ST04,12.97,77.59,2026-08-28 08:10:00,30.9,1010.3,68.7
ST04,12.97,77.59,2026-08-28 08:20:00,30.5,1010.8,56.9
ST04,12.97,77.59,2026-08-28 08:30:00,28.9,1008.9,65.0
ST04,12.97,77.59,2026-08-28 08:40:00,30.7,1013.4,59.8
ST04,12.97,77.59,2026-08-28 08:50:00,29.6,1013.8,45.8
ST04,12.97,77.59,2026-08-28 09:00:00,27.5,1008.2,54.8
ST04,12.97,77.59,2026-08-28 09:10:00,33.2,1019.4,42.9
ST04,12.97,77.59,2026-08-28 09:20:00,32.4,1009.8,61.8
ST04,12.97,77.59,2026-08-28 09:30:00,30.4,1011.9,64.2
ST04,12.97,77.59,2026-08-28 09:40:00,31.1,1009.4,60.7
ST04,12.97,77.59,2026-08-28 09:50:00,29.3,1013.4,58.4
ST04,12.97,77.59,2026-08-28 10:00:00,31.2,1012.0,36.5
ST04,12.97,77.59,2026-08-28 10:10:00,30.2,1008.8,59.9
ST04,12.97,77.59,2026-08-28 10:20:00,32.5,1007.7,67.6
ST04,12.97,77.59,2026-08-28 10:30:00,30.7,1005.9,52.2
ST04,12.97,77.59,2026-08-28 10:40:00,28.2,1012.9,66.9
ST04,12.97,77.59,2026-08-28 10:50:00,31.0,1011.5,65.8
ST04,12.97,77.59,2026-08-28 11:00:00,28.1,1012.4,63.5
ST04,12.97,77.59,2026-08-28 11:10:00,31.6,1012.1,69.5
ST04,12.97,77.59,2026-08-28 11:20:00,30.6,1009.9,68.6
ST04,12.97,77.59,2026-08-28 11:30:00,27.5,1007.8,58.7
ST04,12.97,77.59,2026-08-28 11:40:00,28.0,1007.6,58.8
ST04,12.97,77.59,2026-08-28 11:50:00,29.0,1010.6,44.9
ST04,12.97,77.59,2026-08-28 12:00:00,29.7,1012.0,53.5
ST04,12.97,77.59,2026-08-28 12:10:00,32.1,1007.7,47.1
ST04,12.97,77.59,2026-08-28 12:20:00,27.8,1012.5,52.5
ST04,12.97,77.59,2026-08-28 12:30:00,29.2,1004.0,57.9
ST04,12.97,77.59,2026-08-28 12:40:00,31.3,1010.2,50.1
ST04,12.97,77.59,2026-08-28 12:50:00,30.4,1006.1,70.9
ST04,12.97,77.59,2026-08-28 13:00:00,22.2,1015.4,61.5
ST04,12.97,77.59,2026-08-28 13:10:00,32.8,1008.5,61.7
ST04,12.97,77.59,2026-08-28 17:30:00,33.8,1011.9,52.8
ST04,12.97,77.59,2026-08-28 17:40:00,28.9,1008.4,64.8
ST04,12.97,77.59,2026-08-28 17:50:00,29.3,1007.0,60.3
ST04,12.97,77.59,2026-08-28 18:00:00,31.6,1009.3,55.9
ST04,12.97,77.59,2026-08-28 18:10:00,27.2,1009.4,39.5
ST04,12.97,77.59,2026-08-28 18:20:00,35.8,1009.9,66.3
ST04,12.97,77.59,2026-08-28 18:30:00,29.1,1011.6,60.2
ST04,12.97,77.59,2026-08-28 18:40:00,26.8,1012.1,68.9
ST04,12.97,77.59,2026-08-28 18:50:00,31.5,1010.1,63.5
ST04,12.97,77.59,2026-08-28 19:00:00,31.4,1008.9,64.7
ST04,12.97,77.59,2026-08-28 19:10:00,28.3,1014.6,60.8
ST04,12.97,77.59,2026-08-28 19:20:00,26.6,1010.5,48.3
ST04,12.97,77.59,2026-08-28 19:30:00,29.8,1010.7,61.4
ST04,12.97,77.59,2026-08-28 19:40:00,29.2,1005.2,71.9
ST04,12.97,77.59,2026-08-28 19:50:00,27.6,1005.1,59.2
ST04,12.97,77.59,2026-08-28 20:00:00,29.3,1010.1,73.3
ST04,12.97,77.59,2026-08-28 20:10:00,30.3,1008.2,49.9
ST04,12.97,77.59,2026-08-28 20:20:00,28.8,1013.8,57.5
ST04,12.97,77.59,2026-08-28 20:30:00,31.1,1010.7,51.1
ST04,12.97,77.59,2026-08-28 20:40:00,31.0,1014.7,69.1
ST04,12.97,77.59,2026-08-28 20:50:00,27.2,1006.2,53.5
ST04,12.97,77.59,2026-08-28 21:00:00,29.1,1013.0,63.7
ST04,12.97,77.59,2026-08-28 21:10:00,29.5,1010.5,57.4
ST04,12.97,77.59,2026-08-28 21:20:00,27.6,1005.2,76.7
ST04,12.97,77.59,2026-08-28 21:30:00,30.2,1010.0,76.2
ST04,12.97,77.59,2026-08-28 21:40:00,29.2,1009.5,57.1
ST04,12.97,77.59,2026-08-28 21:50:00,33.2,1014.6,42.3
ST04,12.97,77.59,2026-08-28 22:00:00,26.2,1008.7,57.9
ST04,12.97,77.59,2026-08-28 22:10:00,31.2,1011.4,47.2
ST04,12.97,77.59,2026-08-28 22:20:00,34.8,1010.6,49.1
ST04,12.97,77.59,2026-08-28 22:30:00,28.1,1010.1,63.4
ST04,12.97,77.59,2026-08-28 22:40:00,28.1,1015.4,63.9
ST04,12.97,77.59,2026-08-28 22:50:00,29.2,1006.1,65.8
ST04,12.97,77.59,2026-08-28 23:00:00,27.3,1014.5,63.8
ST04,12.97,77.59,2026-08-28 23:10:00,30.6,1010.0,57.5
ST04,12.97,77.59,2026-08-28 23:20:00,26.6,1012.6,64.8
ST04,12.97,77.59,2026-08-28 23:30:00,28.6,1010.8,56.2
ST04,12.97,77.59,2026-08-28 23:40:00,28.6,1016.3,59.5
ST04,12.97,77.59,2026-08-28 23:50:00,29.1,1008.1,57.1
ST04,12.97,77.59,2026-08-29 00:00:00,31.6,1008.1,58.6
ST04,12.97,77.59,2026-08-29 00:10:00,33.0,1008.2,71.4
ST04,12.97,77.59,2026-08-29 00:20:00,25.1,1007.9,68.1
ST04,12.97,77.59,2026-08-29 00:30:00,31.7,1012.7,44.2
ST04,12.97,77.59,2026-08-29 00:40:00,26.7,1010.0,65.8
ST04,12.97,77.59,2026-08-29 00:50:00,27.3,1012.1,56.7
ST04,12.97,77.59,2026-08-29 01:00:00,30.0,1015.9,64.7
ST04,12.97,77.59,2026-08-29 01:10:00,25.8,1010.3,72.9
ST04,12.97,77.59,2026-08-29 01:20:00,27.5,1009.4,49.4
ST04,12.97,77.59,2026-08-29 01:30:00,32.0,1014.5,59.0
ST04,12.97,77.59,2026-08-29 01:40:00,26.1,1006.2,59.9
ST04,12.97,77.59,2026-08-29 01:50:00,30.6,1008.7,67.1
ST04,12.97,77.59,2026-08-29 02:00:00,23.2,1011.3,61.6
ST04,12.97,77.59,2026-08-29 02:10:00,30.7,1006.8,69.9
ST04,12.97,77.59,2026-08-29 02:20:00,31.4,1004.7,69.5
ST04,12.97,77.59,2026-08-29 02:30:00,30.5,1009.8,56.0
ST04,12.97,77.59,2026-08-29 02:40:00,30.6,1008.0,56.1
ST04,12.97,77.59,2026-08-29 02:50:00,29.8,1006.7,51.3
ST04,12.97,77.59,2026-08-29 03:00:00,31.4,1012.0,50.8
ST04,12.97,77.59,2026-08-29 03:10:00,30.9,1008.0,46.2
ST04,12.97,77.59,2026-08-29 03:20:00,32.7,1008.6,52.2
ST04,12.97,77.59,2026-08-29 03:30:00,30.9,1009.2,66.3
ST04,12.97,77.59,2026-08-29 03:40:00,28.2,1015.2,71.4
ST04,12.97,77.59,2026-08-29 03:50:00,32.2,1007.6,60.7
ST04,12.97,77.59,2026-08-29 04:00:00,27.6,1011.3,64.2
ST04,12.97,77.59,2026-08-29 04:10:00,33.2,1005.5,65.2
ST04,12.97,77.59,2026-08-29 04:20:00,32.4,1008.8,52.0
ST04,12.97,77.59,2026-08-29 04:30:00,30.3,1019.3,76.0
ST04,12.97,77.59,2026-08-29 04:40:00,31.2,1011.6,58.5
ST04,12.97,77.59,2026-08-29 04:50:00,31.9,1015.4,57.4
ST04,12.97,77.59,2026-08-29 05:00:00,30.3,1012.0,64.0
ST04,12.97,77.59,2026-08-29 05:10:00,30.8,1008.1,66.7
ST04,12.97,77.59,2026-08-29 05:20:00,28.3,1011.3,51.2
ST04,12.97,77.59,2026-08-29 05:30:00,31.7,1015.0,63.7
ST04,12.97,77.59,2026-08-29 05:40:00,29.7,1006.7,65.3
ST04,12.97,77.59,2026-08-29 05:50:00,28.8,1012.5,65.6
ST04,12.97,77.59,2026-08-29 06:00:00,29.0,1005.4,59.4
ST04,12.97,77.59,2026-08-29 06:10:00,28.8,1011.7,67.1
ST04,12.97,77.59,2026-08-29 06:20:00,31.0,1010.0,60.4
ST04,12.97,77.59,2026-08-29 06:30:00,28.1,1011.3,65.6
ST04,12.97,77.59,2026-08-29 06:40:00,31.0,1003.5,55.8
ST04,12.97,77.59,2026-08-29 06:50:00,32.5,1007.4,56.2
ST04,12.97,77.59,2026-08-29 07:00:00,31.5,1013.2,56.9
ST04,12.97,77.59,2026-08-29 07:10:00,31.3,1005.9,65.5
ST04,12.97,77.59,2026-08-29 07:20:00,32.8,1008.9,62.1
ST04,12.97,77.59,2026-08-29 07:30:00,30.1,1011.2,45.8
ST04,12.97,77.59,2026-08-29 07:40:00,27.1,1005.4,49.2
ST04,12.97,77.59,2026-08-29 07:50:00,32.5,1014.6,55.0
ST04,12.97,77.59,2026-08-29 08:00:00,28.4,1006.7,46.3
ST04,12.97,77.59,2026-08-29 08:10:00,32.8,1008.4,58.8
ST04,12.97,77.59,2026-08-29 08:20:00,30.1,1013.4,64.0
ST04,12.97,77.59,2026-08-29 08:30:00,33.3,1006.0,57.1
ST04,12.97,77.59,2026-08-29 08:40:00,28.7,1007.1,62.1
ST04,12.97,77.59,2026-08-29 08:50:00,27.3,1009.9,62.8
ST04,12.97,77.59,2026-08-29 09:00:00,29.8,1009.3,53.9
ST04,12.97,77.59,2026-08-29 09:10:00,27.4,1013.1,67.1
ST05,22.57,88.36,2026-08-28 00:00:00,25.5,1007.5,46.7
ST05,22.57,88.36,2026-08-28 00:10:00,26.6,1009.6,46.0
ST05,22.57,88.36,2026-08-28 00:20:00,30.6,1010.3,49.7
ST05,22.57,88.36,2026-08-28 00:30:00,29.2,1010.6,59.3
ST05,22.57,88.36,2026-08-28 00:40:00,28.7,1014.5,53.5
ST05,22.57,88.36,2026-08-28 00:50:00,31.3,1013.0,69.5
ST05,22.57,88.36,2026-08-28 01:00:00,24.3,1012.0,67.4
ST05,22.57,88.36,2026-08-28 01:10:00,24.4,1010.8,58.3
ST05,22.57,88.36,2026-08-28 01:20:00,32.4,1007.4,65.8
ST05,22.57,88.36,2026-08-28 01:30:00,32.5,1009.2,60.4
ST05,22.57,88.36,2026-08-28 01:40:00,27.4,1009.7,47.0
ST05,22.57,88.36,2026-08-28 01:50:00,29.5,1011.3,56.9
ST05,22.57,88.36,2026-08-28 02:00:00,26.1,1010.9,58.9
ST05,22.57,88.36,2026-08-28 02:10:00,28.7,1008.7,47.2
ST05,22.57,88.36,2026-08-28 02:20:00,32.4,1010.0,56.1
ST05,22.57,88.36,2026-08-28 02:30:00,28.0,1013.9,72.5
ST05,22.57,88.36,2026-08-28 02:40:00,30.2,1011.1,52.2
ST05,22.57,88.36,2026-08-28 02:50:00,29.6,1007.4,54.4
ST05,22.57,88.36,2026-08-28 03:00:00,32.5,1014.8,57.6
ST05,22.57,88.36,2026-08-28 03:10:00,30.7,1011.4,63.3
ST05,22.57,88.36,2026-08-28 03:20:00,24.7,1014.3,61.7
ST05,22.57,88.36,2026-08-28 03:30:00,29.9,1015.1,61.2
ST05,22.57,88.36,2026-08-28 03:40:00,27.8,1010.5,55.0
ST05,22.57,88.36,2026-08-28 03:50:00,30.1,1010.9,46.3
ST05,22.57,88.36,2026-08-28 04:00:00,30.3,1013.3,57.8
ST05,22.57,88.36,2026-08-28 04:10:00,29.8,1007.7,77.1
ST05,22.57,88.36,2026-08-28 04:20:00,30.3,1005.2,51.9
ST05,22.57,88.36,2026-08-28 04:30:00,23.1,1010.6,64.3
ST05,22.57,88.36,2026-08-28 04:40:00,27.0,1007.9,45.8
ST05,22.57,88.36,2026-08-28 04:50:00,28.2,1010.0,66.3
ST05,22.57,88.36,2026-08-28 05:00:00,28.9,1015.2,57.0
ST05,22.57,88.36,2026-08-28 05:10:00,25.7,1008.5,54.4
ST05,22.57,88.36,2026-08-28 05:20:00,29.6,1010.4,51.7
ST05,22.57,88.36,2026-08-28 05:30:00,28.6,1011.0,54.4
ST05,22.57,88.36,2026-08-28 05:40:00,25.7,1010.3,51.1
ST05,22.57,88.36,2026-08-28 05:50:00,24.1,1011.6,42.8
ST05,22.57,88.36,2026-08-28 06:00:00,30.8,1008.0,56.3
ST05,22.57,88.36,2026-08-28 06:10:00,30.7,1005.9,50.8
ST05,22.57,88.36,2026-08-28 06:20:00,30.0,1013.2,60.1
ST05,22.57,88.36,2026-08-28 06:30:00,22.9,1010.0,48.8
ST05,22.57,88.36,2026-08-28 06:40:00,29.3,850.0,66.8
ST05,22.57,88.36,2026-08-28 06:50:00,28.6,1014.8,56.9
ST05,22.57,88.36,2026-08-28 07:00:00,25.5,1007.0,62.9
ST05,22.57,88.36,2026-08-28 07:10:00,29.6,1012.2,51.7
ST05,22.57,88.36,2026-08-28 07:20:00,28.5,1009.2,74.0
ST05,22.57,88.36,2026-08-28 07:30:00,29.3,1009.1,53.8
ST05,22.57,88.36,2026-08-28 07:40:00,28.5,1005.7,47.8
ST05,22.57,88.36,2026-08-28 07:50:00,29.7,1008.2,58.8
ST05,22.57,88.36,2026-08-28 08:00:00,26.4,1010.3,54.4
ST05,22.57,88.36,2026-08-28 08:10:00,29.3,1014.2,43.3
ST05,22.57,88.36,2026-08-28 08:20:00,31.6,1013.3,41.4
ST05,22.57,88.36,2026-08-28 08:30:00,30.9,1006.1,60.0
ST05,22.57,88.36,2026-08-28 08:40:00,30.8,1011.6,58.1
ST05,22.57,88.36,2026-08-28 08:50:00,33.8,1007.2,62.0
ST05,22.57,88.36,2026-08-28 09:00:00,27.4,1011.3,53.7
ST05,22.57,88.36,2026-08-28 09:10:00,26.2,1006.1,56.2
ST05,22.57,88.36,2026-08-28 09:20:00,27.9,1001.9,61.4
ST05,22.57,88.36,2026-08-28 09:30:00,28.9,1007.7,59.6
ST05,22.57,88.36,2026-08-28 09:40:00,33.3,1006.7,67.7
ST05,22.57,88.36,2026-08-28 09:50:00,30.3,1010.4,70.0
ST05,22.57,88.36,2026-08-28 10:00:00,29.1,1003.7,62.7
ST05,22.57,88.36,2026-08-28 10:10:00,27.8,1014.3,58.1
ST05,22.57,88.36,2026-08-28 10:20:00,29.1,1009.7,57.6
ST05,22.57,88.36,2026-08-28 10:30:00,30.8,1007.9,58.5
ST05,22.57,88.36,2026-08-28 10:40:00,27.5,1011.5,67.5
ST05,22.57,88.36,2026-08-28 10:50:00,28.3,1008.3,61.5
ST05,22.57,88.36,2026-08-28 11:00:00,27.7,1009.1,54.7
ST05,22.57,88.36,2026-08-28 11:10:00,31.6,1007.9,51.4
ST05,22.57,88.36,2026-08-28 11:20:00,25.1,1009.4,48.2
ST05,22.57,88.36,2026-08-28 11:30:00,26.7,1009.2,74.1
ST05,22.57,88.36,2026-08-28 11:40:00,31.5,1009.4,67.7
ST05,22.57,88.36,2026-08-28 11:50:00,33.5,1014.5,62.1
ST05,22.57,88.36,2026-08-28 12:00:00,31.7,1012.3,63.3
ST05,22.57,88.36,2026-08-28 12:10:00,29.8,1010.2,50.8
ST05,22.57,88.36,2026-08-28 12:20:00,30.9,1007.8,72.2
ST05,22.57,88.36,2026-08-28 12:30:00,29.5,1009.6,61.2
ST05,22.57,88.36,2026-08-28 12:40:00,29.1,1011.6,61.7
ST05,22.57,88.36,2026-08-28 12:50:00,31.8,1010.9,66.3
ST05,22.57,88.36,2026-08-28 13:00:00,32.9,1009.7,68.9
ST05,22.57,88.36,2026-08-28 13:10:00,25.2,1012.8,52.1
ST05,22.57,88.36,2026-08-28 13:20:00,26.7,1007.7,51.9
ST05,22.57,88.36,2026-08-28 13:30:00,26.5,1009.5,66.8
ST05,22.57,88.36,2026-08-28 13:40:00,24.8,1010.7,60.2
ST05,22.57,88.36,2026-08-28 13:50:00,27.0,1008.7,69.2
ST05,22.57,88.36,2026-08-28 14:00:00,31.0,1012.8,64.8
ST05,22.57,88.36,2026-08-28 14:10:00,25.5,1009.8,60.8
ST05,22.57,88.36,2026-08-28 14:20:00,24.7,1007.5,68.8
ST05,22.57,88.36,2026-08-28 14:30:00,26.7,1012.1,51.9
ST05,22.57,88.36,2026-08-28 14:40:00,24.4,1013.1,64.9
ST05,22.57,88.36,2026-08-28 14:50:00,29.6,1012.3,65.7
ST05,22.57,88.36,2026-08-28 15:00:00,25.9,1008.6,71.5
ST05,22.57,88.36,2026-08-28 15:10:00,28.1,1011.5,57.3
ST05,22.57,88.36,2026-08-28 15:20:00,26.9,1006.3,60.5
ST05,22.57,88.36,2026-08-28 15:30:00,31.1,1009.1,65.4
ST05,22.57,88.36,2026-08-28 15:40:00,27.1,1007.9,65.2
ST05,22.57,88.36,2026-08-28 15:50:00,28.5,1007.6,69.3
ST05,22.57,88.36,2026-08-28 16:00:00,29.1,1009.7,62.5
ST05,22.57,88.36,2026-08-28 16:10:00,27.0,1008.2,69.7
ST05,22.57,88.36,2026-08-28 16:20:00,23.7,1006.4,65.1
ST05,22.57,88.36,2026-08-28 16:30:00,30.0,1011.9,70.7
ST05,22.57,88.36,2026-08-28 16:40:00,30.9,1012.9,76.2
ST05,22.57,88.36,2026-08-28 16:50:00,29.1,1015.3,73.1
ST05,22.57,88.36,2026-08-28 17:00:00,32.6,1005.9,56.1
ST05,22.57,88.36,2026-08-28 17:10:00,26.8,1010.5,65.6
ST05,22.57,88.36,2026-08-28 17:20:00,27.7,1005.6,64.5
ST05,22.57,88.36,2026-08-28 17:30:00,28.6,1011.6,68.9
ST05,22.57,88.36,2026-08-28 17:40:00,30.0,1009.8,72.8
ST05,22.57,88.36,2026-08-28 17:50:00,26.6,1013.5,69.5
ST05,22.57,88.36,2026-08-28 18:00:00,29.6,1010.0,58.7
ST05,22.57,88.36,2026-08-28 18:10:00,25.0,1013.2,68.9
ST05,22.57,88.36,2026-08-28 18:20:00,24.9,1011.2,66.9
ST05,22.57,88.36,2026-08-28 18:30:00,25.7,1011.1,50.4
ST05,22.57,88.36,2026-08-28 18:40:00,27.2,1012.9,74.6
ST05,22.57,88.36,2026-08-28 18:50:00,29.4,1014.0,64.2
ST05,22.57,88.36,2026-08-28 19:00:00,30.3,1007.1,64.0
ST05,22.57,88.36,2026-08-28 19:10:00,35.9,1009.1,51.2
ST05,22.57,88.36,2026-08-28 19:20:00,24.1,1010.5,64.3
ST05,22.57,88.36,2026-08-28 19:30:00,30.1,1013.3,46.1
ST05,22.57,88.36,2026-08-28 19:40:00,26.2,1012.8,58.8
ST05,22.57,88.36,2026-08-28 19:50:00,28.9,1012.4,62.7
ST05,22.57,88.36,2026-08-28 20:00:00,29.3,1009.5,57.3
ST05,22.57,88.36,2026-08-28 20:10:00,28.8,1013.0,52.8
ST05,22.57,88.36,2026-08-28 20:20:00,28.9,1013.6,60.6
ST05,22.57,88.36,2026-08-28 20:30:00,27.9,1008.5,58.5
ST05,22.57,88.36,2026-08-28 20:40:00,29.1,1008.0,62.5
ST05,22.57,88.36,2026-08-28 20:50:00,27.8,1007.9,54.7
ST05,22.57,88.36,2026-08-28 21:00:00,23.9,1004.9,58.2
ST05,22.57,88.36,2026-08-28 21:10:00,27.1,1013.2,55.1
ST05,22.57,88.36,2026-08-28 21:20:00,25.7,1008.9,53.9
ST05,22.57,88.36,2026-08-28 21:30:00,26.8,1006.6,71.0
ST05,22.57,88.36,2026-08-28 21:40:00,27.3,1012.6,62.7
ST05,22.57,88.36,2026-08-28 21:50:00,27.3,1009.5,44.7
ST05,22.57,88.36,2026-08-28 22:00:00,31.6,1010.7,62.3
ST05,22.57,88.36,2026-08-28 22:10:00,25.6,1010.1,50.7
ST05,22.57,88.36,2026-08-28 22:20:00,24.7,1007.5,66.3
ST05,22.57,88.36,2026-08-28 22:30:00,28.2,1008.8,44.9
ST05,22.57,88.36,2026-08-28 22:40:00,25.3,1011.6,41.4
ST05,22.57,88.36,2026-08-28 22:50:00,32.3,1012.0,69.0
ST05,22.57,88.36,2026-08-28 23:00:00,27.2,1013.7,66.4
ST05,22.57,88.36,2026-08-28 23:10:00,28.6,1008.5,50.5
ST05,22.57,88.36,2026-08-28 23:20:00,32.5,1000.0,59.4
ST05,22.57,88.36,2026-08-28 23:30:00,24.6,1013.1,56.6
ST05,22.57,88.36,2026-08-28 23:40:00,27.5,1008.4,68.4
ST05,22.57,88.36,2026-08-28 23:50:00,23.3,1011.0,56.1
ST05,22.57,88.36,2026-08-29 00:00:00,28.9,1008.9,50.0
ST05,22.57,88.36,2026-08-29 00:10:00,34.9,1012.0,50.1
ST05,22.57,88.36,2026-08-29 00:20:00,23.0,1007.3,66.9
ST05,22.57,88.36,2026-08-29 00:30:00,29.2,1010.9,49.7
ST05,22.57,88.36,2026-08-29 00:40:00,26.0,1011.3,54.3
ST05,22.57,88.36,2026-08-29 00:50:00,27.2,1009.4,63.0
ST05,22.57,88.36,2026-08-29 01:00:00,28.4,1008.9,63.6
ST05,22.57,88.36,2026-08-29 01:10:00,25.7,1013.6,55.7
ST05,22.57,88.36,2026-08-29 01:20:00,28.5,1011.2,53.2
ST05,22.57,88.36,2026-08-29 01:30:00,29.4,1007.1,64.2
ST05,22.57,88.36,2026-08-29 01:40:00,26.5,1008.9,54.6
ST05,22.57,88.36,2026-08-29 01:50:00,29.6,1011.1,62.4
ST05,22.57,88.36,2026-08-29 02:00:00,31.6,1009.6,65.5
ST05,22.57,88.36,2026-08-29 02:10:00,25.3,1009.2,54.3
ST05,22.57,88.36,2026-08-29 02:20:00,30.3,1008.0,59.8
ST05,22.57,88.36,2026-08-29 02:30:00,26.4,1012.7,59.4
ST05,22.57,88.36,2026-08-29 02:40:00,32.2,1009.9,58.4
ST05,22.57,88.36,2026-08-29 02:50:00,25.2,1005.8,75.5
ST05,22.57,88.36,2026-08-29 03:00:00,31.2,1008.2,57.1
ST05,22.57,88.36,2026-08-29 03:10:00,25.5,1010.7,79.3
ST05,22.57,88.36,2026-08-29 03:20:00,28.3,1008.0,67.1
ST05,22.57,88.36,2026-08-29 03:30:00,28.2,1008.5,60.5
ST05,22.57,88.36,2026-08-29 03:40:00,31.2,1005.3,58.3
ST05,22.57,88.36,2026-08-29 03:50:00,27.5,1007.3,62.0
ST05,22.57,88.36,2026-08-29 04:00:00,26.2,1013.7,55.6
ST05,22.57,88.36,2026-08-29 04:10:00,27.0,1008.2,71.4
ST05,22.57,88.36,2026-08-29 04:20:00,29.0,1012.3,56.4
ST05,22.57,88.36,2026-08-29 04:30:00,25.4,1010.3,65.9
ST05,22.57,88.36,2026-08-29 04:40:00,26.6,1014.6,58.7
ST05,22.57,88.36,2026-08-29 04:50:00,28.6,1006.4,54.4
ST05,22.57,88.36,2026-08-29 05:00:00,29.5,1012.1,61.6
ST05,22.57,88.36,2026-08-29 05:10:00,24.6,1013.4,50.6
ST05,22.57,88.36,2026-08-29 05:20:00,29.1,1007.1,64.3
ST05,22.57,88.36,2026-08-29 05:30:00,25.8,1013.1,67.9
ST05,22.57,88.36,2026-08-29 05:40:00,25.5,1009.7,49.8
ST05,22.57,88.36,2026-08-29 05:50:00,26.2,1006.2,53.4
ST05,22.57,88.36,2026-08-29 06:00:00,27.1,1006.7,50.8
ST05,22.57,88.36,2026-08-29 06:10:00,29.0,1011.5,59.6
ST05,22.57,88.36,2026-08-29 06:20:00,24.1,1016.2,60.1
ST05,22.57,88.36,2026-08-29 06:30:00,27.3,1012.4,66.6
ST05,22.57,88.36,2026-08-29 06:40:00,30.4,1011.7,61.3
ST05,22.57,88.36,2026-08-29 06:50:00,30.0,1006.6,65.1
ST05,22.57,88.36,2026-08-29 07:00:00,24.0,1009.2,47.6
ST05,22.57,88.36,2026-08-29 07:10:00,29.7,1012.8,51.2
ST05,22.57,88.36,2026-08-29 07:20:00,27.0,1007.5,56.1
ST05,22.57,88.36,2026-08-29 07:30:00,23.5,1015.1,61.8
ST05,22.57,88.36,2026-08-29 07:40:00,28.1,1012.3,45.2
ST05,22.57,88.36,2026-08-29 07:50:00,24.2,1009.3,50.3
ST05,22.57,88.36,2026-08-29 08:00:00,28.5,1009.2,51.9
ST05,22.57,88.36,2026-08-29 08:10:00,30.0,1013.8,66.8
ST05,22.57,88.36,2026-08-29 08:20:00,33.0,1009.3,66.5
ST05,22.57,88.36,2026-08-29 08:30:00,30.4,1011.5,63.7
ST05,22.57,88.36,2026-08-29 08:40:00,28.7,1006.9,52.7
ST05,22.57,88.36,2026-08-29 08:50:00,28.0,1008.0,61.2
ST05,22.57,88.36,2026-08-29 09:00:00,29.3,1004.8,76.6
ST05,22.57,88.36,2026-08-29 09:10:00,29.7,1011.4,59.5
ST06,23.03,72.58,2026-08-28 00:00:00,26.4,1011.7,75.1
ST06,23.03,72.58,2026-08-28 00:10:00,24.1,1005.4,63.9
ST06,23.03,72.58,2026-08-28 00:20:00,30.2,1009.7,56.2
ST06,23.03,72.58,2026-08-28 00:30:00,30.8,1005.8,49.7
ST06,23.03,72.58,2026-08-28 00:40:00,26.0,1005.4,68.3
ST06,23.03,72.58,2026-08-28 00:50:00,20.4,1011.7,56.4
ST06,23.03,72.58,2026-08-28 01:00:00,30.5,1008.8,56.3
ST06,23.03,72.58,2026-08-28 01:10:00,30.4,1008.8,45.0
ST06,23.03,72.58,2026-08-28 01:20:00,28.0,1008.5,63.6
ST06,23.03,72.58,2026-08-28 01:30:00,27.6,1008.0,40.1
ST06,23.03,72.58,2026-08-28 01:40:00,28.6,1010.2,52.1
ST06,23.03,72.58,2026-08-28 01:50:00,28.6,1010.5,57.3
ST06,23.03,72.58,2026-08-28 02:00:00,25.1,1011.8,58.3
ST06,23.03,72.58,2026-08-28 02:10:00,27.9,1010.7,55.3
ST06,23.03,72.58,2026-08-28 02:20:00,29.3,1013.5,43.6
ST06,23.03,72.58,2026-08-28 02:30:00,26.6,1013.6,63.4
ST06,23.03,72.58,2026-08-28 02:40:00,24.0,1009.1,54.3
ST06,23.03,72.58,2026-08-28 02:50:00,25.5,1007.4,73.9
ST06,23.03,72.58,2026-08-28 03:00:00,26.1,1006.4,61.6
ST06,23.03,72.58,2026-08-28 03:10:00,26.5,1009.0,62.5
ST06,23.03,72.58,2026-08-28 03:20:00,27.2,1005.5,55.8
ST06,23.03,72.58,2026-08-28 03:30:00,28.3,1010.1,74.0
ST06,23.03,72.58,2026-08-28 03:40:00,28.0,1006.2,65.5
ST06,23.03,72.58,2026-08-28 03:50:00,31.7,1014.9,61.6
ST06,23.03,72.58,2026-08-28 04:00:00,25.6,1012.3,74.5
ST06,23.03,72.58,2026-08-28 04:10:00,28.9,1009.3,61.9
ST06,23.03,72.58,2026-08-28 04:20:00,30.5,1004.1,61.1
ST06,23.03,72.58,2026-08-28 04:30:00,24.7,1010.9,58.5
ST06,23.03,72.58,2026-08-28 04:40:00,27.3,1004.1,69.8
ST06,23.03,72.58,2026-08-28 04:50:00,27.8,1012.3,45.5
ST06,23.03,72.58,2026-08-28 05:00:00,27.2,1007.4,63.4
ST06,23.03,72.58,2026-08-28 05:10:00,30.7,1011.8,68.3
ST06,23.03,72.58,2026-08-28 05:20:00,27.2,1007.9,64.6
ST06,23.03,72.58,2026-08-28 05:30:00,29.6,1013.2,73.2
ST06,23.03,72.58,2026-08-28 05:40:00,25.7,1006.1,62.9
ST06,23.03,72.58,2026-08-28 05:50:00,28.9,1004.4,63.6
ST06,23.03,72.58,2026-08-28 06:00:00,24.6,1009.1,57.7
ST06,23.03,72.58,2026-08-28 06:10:00,24.5,1010.8,63.1
ST06,23.03,72.58,2026-08-28 06:20:00,27.0,1013.1,54.0
ST06,23.03,72.58,2026-08-28 06:30:00,31.6,1008.2,56.1
ST06,23.03,72.58,2026-08-28 06:40:00,28.7,1009.6,57.1
ST06,23.03,72.58,2026-08-28 06:50:00,29.3,1014.0,44.7
ST06,23.03,72.58,2026-08-28 07:00:00,27.7,1009.7,56.7
ST06,23.03,72.58,2026-08-28 07:10:00,27.4,1014.5,46.2
ST06,23.03,72.58,2026-08-28 07:20:00,27.6,1012.9,63.5
ST06,23.03,72.58,2026-08-28 07:30:00,24.9,1009.2,63.8
ST06,23.03,72.58,2026-08-28 07:40:00,29.6,1009.7,43.0
ST06,23.03,72.58,2026-08-28 07:50:00,26.0,1011.4,63.5
ST06,23.03,72.58,2026-08-28 08:00:00,25.7,1009.7,54.3
ST06,23.03,72.58,2026-08-28 08:10:00,25.2,1008.9,66.7
ST06,23.03,72.58,2026-08-28 08:20:00,20.2,1006.9,57.0
ST06,23.03,72.58,2026-08-28 08:30:00,23.4,1010.3,50.1
ST06,23.03,72.58,2026-08-28 08:40:00,30.8,1008.2,62.5
ST06,23.03,72.58,2026-08-28 08:50:00,28.6,1007.9,56.3
ST06,23.03,72.58,2026-08-28 09:00:00,24.6,1008.8,46.0
ST06,23.03,72.58,2026-08-28 09:10:00,27.9,1008.8,59.2
ST06,23.03,72.58,2026-08-28 09:20:00,25.1,1006.0,64.9
ST06,23.03,72.58,2026-08-28 09:30:00,29.4,1007.7,52.0
ST06,23.03,72.58,2026-08-28 09:40:00,23.8,1012.9,56.0
ST06,23.03,72.58,2026-08-28 09:50:00,28.8,1011.6,67.8
ST06,23.03,72.58,2026-08-28 10:00:00,24.7,1007.7,57.4
ST06,23.03,72.58,2026-08-28 10:10:00,30.8,1012.7,50.4
ST06,23.03,72.58,2026-08-28 10:20:00,29.7,1008.8,74.6
ST06,23.03,72.58,2026-08-28 10:30:00,29.3,1008.1,78.3
ST06,23.03,72.58,2026-08-28 10:40:00,23.6,1012.1,45.0
ST06,23.03,72.58,2026-08-28 10:50:00,22.8,1011.3,57.0
ST06,23.03,72.58,2026-08-28 11:00:00,27.9,1010.7,63.4
ST06,23.03,72.58,2026-08-28 11:10:00,30.7,1008.0,52.4
ST06,23.03,72.58,2026-08-28 11:20:00,25.5,1012.7,66.6
ST06,23.03,72.58,2026-08-28 11:30:00,28.6,1006.5,69.5
ST06,23.03,72.58,2026-08-28 11:40:00,31.6,1012.2,72.2
ST06,23.03,72.58,2026-08-28 11:50:00,31.9,1008.4,46.7
ST06,23.03,72.58,2026-08-28 12:00:00,25.6,1006.8,65.8
ST06,23.03,72.58,2026-08-28 12:10:00,29.4,1012.1,71.0
ST06,23.03,72.58,2026-08-28 12:20:00,28.2,1007.5,52.1
ST06,23.03,72.58,2026-08-28 12:30:00,30.6,1009.9,66.2
ST06,23.03,72.58,2026-08-28 12:40:00,26.4,1006.8,43.8
ST06,23.03,72.58,2026-08-28 12:50:00,32.3,1010.6,49.8
ST06,23.03,72.58,2026-08-28 13:00:00,30.0,1010.6,50.0
ST06,23.03,72.58,2026-08-28 13:10:00,29.8,1018.6,60.1
ST06,23.03,72.58,2026-08-28 13:20:00,23.3,1012.4,68.5
ST06,23.03,72.58,2026-08-28 13:30:00,29.4,1012.4,63.5
ST06,23.03,72.58,2026-08-28 13:40:00,28.0,1012.4,45.1
ST06,23.03,72.58,2026-08-28 13:50:00,28.2,1012.4,65.1
ST06,23.03,72.58,2026-08-28 14:00:00,28.4,1012.4,61.2
ST06,23.03,72.58,2026-08-28 14:10:00,25.7,1012.4,69.5
ST06,23.03,72.58,2026-08-28 14:20:00,26.9,1012.4,60.4
ST06,23.03,72.58,2026-08-28 14:30:00,30.4,1012.4,65.3
ST06,23.03,72.58,2026-08-28 14:40:00,25.3,1012.4,57.0
ST06,23.03,72.58,2026-08-28 14:50:00,29.1,1012.4,58.3
ST06,23.03,72.58,2026-08-28 15:00:00,29.7,1012.4,65.8
ST06,23.03,72.58,2026-08-28 15:10:00,30.9,1012.4,69.4
ST06,23.03,72.58,2026-08-28 15:20:00,27.7,1012.4,64.4
ST06,23.03,72.58,2026-08-28 15:30:00,27.6,1012.4,42.8
ST06,23.03,72.58,2026-08-28 15:40:00,23.6,1012.4,72.0
ST06,23.03,72.58,2026-08-28 15:50:00,26.9,1012.4,55.0
ST06,23.03,72.58,2026-08-28 16:00:00,31.0,1012.4,40.1
ST06,23.03,72.58,2026-08-28 16:10:00,28.3,1012.4,50.3
ST06,23.03,72.58,2026-08-28 16:20:00,31.7,1006.5,52.4
ST06,23.03,72.58,2026-08-28 16:30:00,30.3,1007.2,62.7
ST06,23.03,72.58,2026-08-28 16:40:00,28.0,1013.3,51.8
ST06,23.03,72.58,2026-08-28 16:50:00,30.1,1011.1,64.3
ST06,23.03,72.58,2026-08-28 17:00:00,31.9,1006.5,60.0
ST06,23.03,72.58,2026-08-28 17:10:00,28.6,1007.0,76.7
ST06,23.03,72.58,2026-08-28 17:20:00,26.6,1009.8,63.3
ST06,23.03,72.58,2026-08-28 17:30:00,25.0,1017.0,69.0
ST06,23.03,72.58,2026-08-28 17:40:00,28.0,1005.4,52.8
ST06,23.03,72.58,2026-08-28 17:50:00,28.1,1011.4,68.8
ST06,23.03,72.58,2026-08-28 18:00:00,27.5,1006.7,55.3
ST06,23.03,72.58,2026-08-28 18:10:00,29.6,1005.4,67.3
ST06,23.03,72.58,2026-08-28 18:20:00,31.4,1014.2,64.6
ST06,23.03,72.58,2026-08-28 18:30:00,24.1,1009.6,49.1
ST06,23.03,72.58,2026-08-28 18:40:00,28.7,1012.1,74.4
ST06,23.03,72.58,2026-08-28 18:50:00,26.9,1013.7,51.8
ST06,23.03,72.58,2026-08-28 19:00:00,25.1,1009.1,73.0
ST06,23.03,72.58,2026-08-28 19:10:00,31.5,1009.6,65.4
ST06,23.03,72.58,2026-08-28 19:20:00,26.2,1011.3,57.3
ST06,23.03,72.58,2026-08-28 19:30:00,27.7,1009.5,55.2
ST06,23.03,72.58,2026-08-28 19:40:00,27.7,1011.4,43.0
ST06,23.03,72.58,2026-08-28 19:50:00,25.0,1004.9,50.8
ST06,23.03,72.58,2026-08-28 20:00:00,23.0,1007.9,49.2
ST06,23.03,72.58,2026-08-28 20:10:00,32.4,1010.5,55.8
ST06,23.03,72.58,2026-08-28 20:20:00,28.5,1009.8,61.0
ST06,23.03,72.58,2026-08-28 20:30:00,24.5,1015.4,71.6
ST06,23.03,72.58,2026-08-28 20:40:00,23.3,1009.2,51.8
ST06,23.03,72.58,2026-08-28 20:50:00,25.1,1007.8,64.0
ST06,23.03,72.58,2026-08-28 21:00:00,32.9,1010.6,69.5
ST06,23.03,72.58,2026-08-28 21:10:00,30.0,1008.3,68.8
ST06,23.03,72.58,2026-08-28 21:20:00,25.4,1012.6,60.6
ST06,23.03,72.58,2026-08-28 21:30:00,27.8,1007.6,47.4
ST06,23.03,72.58,2026-08-28 21:40:00,27.3,1015.9,59.4
ST06,23.03,72.58,2026-08-28 21:50:00,24.0,1014.5,64.0
ST06,23.03,72.58,2026-08-28 22:00:00,33.2,1011.5,56.8
ST06,23.03,72.58,2026-08-28 22:10:00,28.9,1009.7,61.6
ST06,23.03,72.58,2026-08-28 22:20:00,28.6,1012.0,39.7
ST06,23.03,72.58,2026-08-28 22:30:00,27.8,1016.1,58.2
ST06,23.03,72.58,2026-08-28 22:40:00,25.8,1016.0,56.8
ST06,23.03,72.58,2026-08-28 22:50:00,25.4,1009.6,55.6
ST06,23.03,72.58,2026-08-28 23:00:00,29.6,1006.1,61.7
ST06,23.03,72.58,2026-08-28 23:10:00,26.1,1009.8,55.1
ST06,23.03,72.58,2026-08-28 23:20:00,28.5,1004.7,63.3
ST06,23.03,72.58,2026-08-28 23:30:00,30.1,1014.2,62.0
ST06,23.03,72.58,2026-08-28 23:40:00,28.6,1011.4,68.8
ST06,23.03,72.58,2026-08-28 23:50:00,30.8,1009.7,64.2
ST06,23.03,72.58,2026-08-29 00:00:00,33.2,1011.7,67.1
ST06,23.03,72.58,2026-08-29 00:10:00,24.3,1010.9,49.7
ST06,23.03,72.58,2026-08-29 00:20:00,27.8,1010.4,55.1
ST06,23.03,72.58,2026-08-29 00:30:00,31.4,1006.6,65.6
ST06,23.03,72.58,2026-08-29 00:40:00,27.2,1008.8,53.6
ST06,23.03,72.58,2026-08-29 00:50:00,26.4,1006.2,56.2
ST06,23.03,72.58,2026-08-29 01:00:00,27.2,1001.2,55.5
ST06,23.03,72.58,2026-08-29 01:10:00,32.6,1008.9,68.7
ST06,23.03,72.58,2026-08-29 01:20:00,27.5,1015.1,50.6
ST06,23.03,72.58,2026-08-29 01:30:00,32.2,1013.1,61.3
ST06,23.03,72.58,2026-08-29 01:40:00,27.9,1008.8,49.3
ST06,23.03,72.58,2026-08-29 01:50:00,27.8,1009.3,56.4
ST06,23.03,72.58,2026-08-29 02:00:00,27.2,1010.2,59.4
ST06,23.03,72.58,2026-08-29 02:10:00,24.8,1006.1,54.3
ST06,23.03,72.58,2026-08-29 02:20:00,29.9,1013.5,43.2
ST06,23.03,72.58,2026-08-29 02:30:00,30.9,1002.2,57.6
ST06,23.03,72.58,2026-08-29 02:40:00,26.6,1007.0,59.5
ST06,23.03,72.58,2026-08-29 02:50:00,26.2,1012.0,72.2
ST06,23.03,72.58,2026-08-29 03:00:00,25.2,1009.0,47.2
ST06,23.03,72.58,2026-08-29 03:10:00,26.9,1008.4,64.0
ST06,23.03,72.58,2026-08-29 03:20:00,28.8,1012.4,75.5
ST06,23.03,72.58,2026-08-29 03:30:00,27.4,1008.9,58.5
ST06,23.03,72.58,2026-08-29 03:40:00,30.4,1010.1,55.0
ST06,23.03,72.58,2026-08-29 03:50:00,27.6,1005.9,56.0
ST06,23.03,72.58,2026-08-29 04:00:00,28.3,1011.5,59.5
ST06,23.03,72.58,2026-08-29 04:10:00,26.1,1007.4,69.8
ST06,23.03,72.58,2026-08-29 04:20:00,31.8,1011.3,46.0
ST06,23.03,72.58,2026-08-29 04:30:00,28.7,1011.3,53.6
ST06,23.03,72.58,2026-08-29 04:40:00,30.7,1011.5,42.3
ST06,23.03,72.58,2026-08-29 04:50:00,21.2,1014.9,52.3
ST06,23.03,72.58,2026-08-29 05:00:00,26.0,1009.4,50.6
ST06,23.03,72.58,2026-08-29 05:10:00,32.6,1006.8,45.3
ST06,23.03,72.58,2026-08-29 05:20:00,31.2,1009.7,74.9
ST06,23.03,72.58,2026-08-29 05:30:00,24.4,1014.8,76.8
ST06,23.03,72.58,2026-08-29 05:40:00,29.2,1009.9,53.5
ST06,23.03,72.58,2026-08-29 05:50:00,27.1,1014.4,62.6
ST06,23.03,72.58,2026-08-29 06:00:00,29.7,1014.1,51.4
ST06,23.03,72.58,2026-08-29 06:10:00,28.3,1014.4,65.5
ST06,23.03,72.58,2026-08-29 06:20:00,24.7,1008.4,59.7
ST06,23.03,72.58,2026-08-29 06:30:00,23.6,1017.5,62.8
ST06,23.03,72.58,2026-08-29 06:40:00,22.9,1011.9,59.7
ST06,23.03,72.58,2026-08-29 06:50:00,27.8,1006.1,59.1
ST06,23.03,72.58,2026-08-29 07:00:00,28.1,1003.4,53.9
ST06,23.03,72.58,2026-08-29 07:10:00,30.5,1010.2,67.7
ST06,23.03,72.58,2026-08-29 07:20:00,28.0,1010.7,68.6
ST06,23.03,72.58,2026-08-29 07:30:00,29.7,1013.9,57.6
ST06,23.03,72.58,2026-08-29 07:40:00,28.3,1006.2,61.6
ST06,23.03,72.58,2026-08-29 07:50:00,28.2,1008.1,53.3
ST06,23.03,72.58,2026-08-29 08:00:00,25.4,1016.4,51.5
ST06,23.03,72.58,2026-08-29 08:10:00,30.8,1006.3,75.4
ST06,23.03,72.58,2026-08-29 08:20:00,27.7,1007.9,49.7
ST06,23.03,72.58,2026-08-29 08:30:00,25.2,1008.8,69.9
ST06,23.03,72.58,2026-08-29 08:40:00,30.1,1016.9,64.8
ST06,23.03,72.58,2026-08-29 08:50:00,23.8,1013.4,70.1
ST06,23.03,72.58,2026-08-29 09:00:00,25.0,1011.0,68.1
ST06,23.03,72.58,2026-08-29 09:10:00,26.9,1007.8,53.4
ST07,26.85,80.95,2026-08-28 00:00:00,25.4,1006.6,69.2
ST07,26.85,80.95,2026-08-28 00:10:00,27.3,1012.4,66.3
ST07,26.85,80.95,2026-08-28 00:20:00,23.4,1011.7,46.5
ST07,26.85,80.95,2026-08-28 00:30:00,25.9,1007.9,68.0
ST07,26.85,80.95,2026-08-28 00:40:00,27.3,1009.7,68.4
ST07,26.85,80.95,2026-08-28 00:50:00,26.4,1007.5,63.1
ST07,26.85,80.95,2026-08-28 01:00:00,26.7,1010.1,73.0
ST07,26.85,80.95,2026-08-28 01:10:00,21.7,1004.7,54.5
ST07,26.85,80.95,2026-08-28 01:20:00,28.6,1008.5,66.1
ST07,26.85,80.95,2026-08-28 01:30:00,21.8,1008.1,53.3
ST07,26.85,80.95,2026-08-28 01:40:00,25.7,1014.0,60.6
ST07,26.85,80.95,2026-08-28 01:50:00,23.6,1006.5,47.9
ST07,26.85,80.95,2026-08-28 02:00:00,25.3,1009.1,54.2
ST07,26.85,80.95,2026-08-28 02:10:00,24.2,1008.2,67.9
ST07,26.85,80.95,2026-08-28 02:20:00,24.4,1008.3,65.7
ST07,26.85,80.95,2026-08-28 02:30:00,26.4,1010.4,62.7
ST07,26.85,80.95,2026-08-28 02:40:00,22.5,1016.7,69.8
ST07,26.85,80.95,2026-08-28 02:50:00,25.4,1010.1,51.6
ST07,26.85,80.95,2026-08-28 03:00:00,27.9,1009.6,55.1
ST07,26.85,80.95,2026-08-28 03:10:00,26.2,1012.3,69.6
ST07,26.85,80.95,2026-08-28 03:20:00,27.4,1011.2,56.6
ST07,26.85,80.95,2026-08-28 03:30:00,23.6,1013.5,66.8
ST07,26.85,80.95,2026-08-28 03:40:00,26.8,1009.4,57.1
ST07,26.85,80.95,2026-08-28 03:50:00,29.9,1013.1,57.2
ST07,26.85,80.95,2026-08-28 04:00:00,26.2,1006.0,57.3
ST07,26.85,80.95,2026-08-28 04:10:00,25.9,1015.4,60.7
ST07,26.85,80.95,2026-08-28 04:20:00,23.2,1011.1,78.4
ST07,26.85,80.95,2026-08-28 04:30:00,26.3,1010.9,55.3
ST07,26.85,80.95,2026-08-28 04:40:00,26.6,1007.1,67.5
ST07,26.85,80.95,2026-08-28 04:50:00,28.9,1011.8,62.9
ST07,26.85,80.95,2026-08-28 05:00:00,24.8,1010.2,52.6
ST07,26.85,80.95,2026-08-28 05:10:00,25.8,1012.4,48.9
ST07,26.85,80.95,2026-08-28 05:20:00,27.9,1006.9,54.2
ST07,26.85,80.95,2026-08-28 05:30:00,24.6,1009.2,60.2
ST07,26.85,80.95,2026-08-28 05:40:00,25.2,1005.9,61.8
ST07,26.85,80.95,2026-08-28 05:50:00,22.2,1012.8,38.2
ST07,26.85,80.95,2026-08-28 06:00:00,25.4,1006.6,68.4
ST07,26.85,80.95,2026-08-28 06:10:00,25.4,1008.3,61.7
ST07,26.85,80.95,2026-08-28 06:20:00,21.5,1014.2,74.0
ST07,26.85,80.95,2026-08-28 06:30:00,24.4,1008.5,64.1
ST07,26.85,80.95,2026-08-28 06:40:00,22.9,1005.0,74.6
ST07,26.85,80.95,2026-08-28 06:50:00,24.7,1015.0,60.7
ST07,26.85,80.95,2026-08-28 07:00:00,27.6,1010.0,46.6
ST07,26.85,80.95,2026-08-28 07:10:00,25.4,1011.9,58.2
ST07,26.85,80.95,2026-08-28 07:20:00,21.9,1011.4,56.7
ST07,26.85,80.95,2026-08-28 07:30:00,27.1,1009.1,61.2
ST07,26.85,80.95,2026-08-28 07:40:00,25.1,1010.1,65.9
ST07,26.85,80.95,2026-08-28 07:50:00,22.8,1005.5,50.1
ST07,26.85,80.95,2026-08-28 08:00:00,29.0,1009.7,66.5
ST07,26.85,80.95,2026-08-28 08:10:00,24.2,1013.3,55.4
ST07,26.85,80.95,2026-08-28 08:20:00,30.1,1013.4,55.2
ST07,26.85,80.95,2026-08-28 08:30:00,25.5,1014.5,58.3
ST07,26.85,80.95,2026-08-28 08:40:00,25.4,1010.7,62.4
ST07,26.85,80.95,2026-08-28 08:50:00,21.3,1008.3,62.3
ST07,26.85,80.95,2026-08-28 09:00:00,21.8,1008.4,55.9
ST07,26.85,80.95,2026-08-28 09:10:00,28.0,1007.6,51.5
ST07,26.85,80.95,2026-08-28 09:20:00,26.0,1008.0,49.4
ST07,26.85,80.95,2026-08-28 09:30:00,21.2,1009.1,67.4
ST07,26.85,80.95,2026-08-28 09:40:00,25.3,1007.8,67.3
ST07,26.85,80.95,2026-08-28 09:50:00,24.6,1006.8,51.5
ST07,26.85,80.95,2026-08-28 10:00:00,23.1,1008.8,56.1
ST07,26.85,80.95,2026-08-28 10:10:00,26.1,1011.0,52.9
ST07,26.85,80.95,2026-08-28 10:20:00,26.6,1007.6,56.3
ST07,26.85,80.95,2026-08-28 10:30:00,25.6,1010.7,58.4
ST07,26.85,80.95,2026-08-28 10:40:00,29.3,1008.1,60.5
ST07,26.85,80.95,2026-08-28 10:50:00,23.2,1005.6,53.2
ST07,26.85,80.95,2026-08-28 11:00:00,27.7,1011.5,42.1
ST07,26.85,80.95,2026-08-28 11:10:00,23.2,1007.3,55.9
ST07,26.85,80.95,2026-08-28 11:20:00,29.0,1012.4,60.1
ST07,26.85,80.95,2026-08-28 11:30:00,28.6,1006.4,61.3
ST07,26.85,80.95,2026-08-28 11:40:00,24.8,1008.5,54.1
ST07,26.85,80.95,2026-08-28 11:50:00,25.1,1011.2,58.9
ST07,26.85,80.95,2026-08-28 12:00:00,26.8,1011.2,58.9
ST07,26.85,80.95,2026-08-28 12:10:00,24.0,1008.3,70.5
ST07,26.85,80.95,2026-08-28 12:20:00,28.4,1008.9,48.2
ST07,26.85,80.95,2026-08-28 12:30:00,24.6,1012.6,62.2
ST07,26.85,80.95,2026-08-28 12:40:00,22.3,1005.8,51.1
ST07,26.85,80.95,2026-08-28 12:50:00,28.7,1006.7,62.4
ST07,26.85,80.95,2026-08-28 13:00:00,24.3,1009.2,69.5
ST07,26.85,80.95,2026-08-28 13:10:00,24.5,1006.9,53.7
ST07,26.85,80.95,2026-08-28 13:20:00,28.3,1007.0,73.4
ST07,26.85,80.95,2026-08-28 13:30:00,28.9,1011.6,56.1
ST07,26.85,80.95,2026-08-28 13:40:00,28.9,1009.0,58.8
ST07,26.85,80.95,2026-08-28 13:50:00,27.4,1013.4,51.1
ST07,26.85,80.95,2026-08-28 14:00:00,25.7,1008.2,55.4
ST07,26.85,80.95,2026-08-28 14:10:00,21.9,1009.2,55.7
ST07,26.85,80.95,2026-08-28 14:20:00,22.7,1011.4,59.6
ST07,26.85,80.95,2026-08-28 14:30:00,24.8,1007.6,65.3
ST07,26.85,80.95,2026-08-28 14:40:00,27.9,1014.6,61.0
ST07,26.85,80.95,2026-08-28 14:50:00,31.4,1008.7,56.2
ST07,26.85,80.95,2026-08-28 15:00:00,24.8,1014.0,64.8
ST07,26.85,80.95,2026-08-28 15:10:00,23.7,1009.6,63.0
ST07,26.85,80.95,2026-08-28 15:20:00,26.9,1009.3,72.1
ST07,26.85,80.95,2026-08-28 15:30:00,21.2,1007.5,66.0
ST07,26.85,80.95,2026-08-28 15:40:00,25.0,1010.9,66.3
ST07,26.85,80.95,2026-08-28 15:50:00,25.1,1001.3,55.4
ST07,26.85,80.95,2026-08-28 16:00:00,27.1,1014.5,58.0
ST07,26.85,80.95,2026-08-28 16:10:00,26.4,1013.2,55.7
ST07,26.85,80.95,2026-08-28 16:20:00,28.3,1013.6,58.2
ST07,26.85,80.95,2026-08-28 16:30:00,24.0,1011.7,61.3
ST07,26.85,80.95,2026-08-28 16:40:00,27.3,1009.0,65.0
ST07,26.85,80.95,2026-08-28 16:50:00,28.1,1008.3,59.0
ST07,26.85,80.95,2026-08-28 17:00:00,24.0,1007.8,75.5
ST07,26.85,80.95,2026-08-28 17:10:00,28.6,1011.5,50.9
ST07,26.85,80.95,2026-08-28 17:20:00,26.1,1008.0,73.0
ST07,26.85,80.95,2026-08-28 17:30:00,23.1,1015.0,59.1
ST07,26.85,80.95,2026-08-28 17:40:00,23.2,1010.2,39.3
ST07,26.85,80.95,2026-08-28 17:50:00,27.8,1012.5,51.9
ST07,26.85,80.95,2026-08-28 18:00:00,22.8,1012.3,58.8
ST07,26.85,80.95,2026-08-28 18:10:00,22.4,1013.6,61.5
ST07,26.85,80.95,2026-08-28 18:20:00,26.6,1014.6,54.2
ST07,26.85,80.95,2026-08-28 18:30:00,27.0,1012.6,45.1
ST07,26.85,80.95,2026-08-28 18:40:00,24.0,1013.0,61.6
ST07,26.85,80.95,2026-08-28 18:50:00,24.0,1014.5,46.8
ST07,26.85,80.95,2026-08-28 19:00:00,28.3,1012.6,59.3
ST07,26.85,80.95,2026-08-28 19:10:00,24.5,1009.6,60.8
ST07,26.85,80.95,2026-08-28 19:20:00,24.6,1006.4,62.9
ST07,26.85,80.95,2026-08-28 19:30:00,24.8,1015.5,62.5
ST07,26.85,80.95,2026-08-28 19:40:00,22.5,1011.9,64.2
ST07,26.85,80.95,2026-08-28 19:50:00,20.7,1012.6,63.3
ST07,26.85,80.95,2026-08-28 20:00:00,61.0,1011.0,59.3
ST07,26.85,80.95,2026-08-28 20:10:00,25.8,1010.6,46.5
ST07,26.85,80.95,2026-08-28 20:20:00,24.5,1017.5,54.4
ST07,26.85,80.95,2026-08-28 20:30:00,28.5,1011.0,50.8
ST07,26.85,80.95,2026-08-28 20:40:00,29.0,1010.2,48.0
ST07,26.85,80.95,2026-08-28 20:50:00,25.7,1011.1,49.8
ST07,26.85,80.95,2026-08-28 21:00:00,28.2,1009.3,72.1
ST07,26.85,80.95,2026-08-28 21:10:00,31.6,1011.1,43.5
ST07,26.85,80.95,2026-08-28 21:20:00,21.9,1008.4,60.7
ST07,26.85,80.95,2026-08-28 21:30:00,26.6,1007.5,59.0
ST07,26.85,80.95,2026-08-28 21:40:00,23.5,1011.3,75.5
ST07,26.85,80.95,2026-08-28 21:50:00,21.1,1009.4,64.4
ST07,26.85,80.95,2026-08-28 22:00:00,25.4,1013.5,66.6
ST07,26.85,80.95,2026-08-28 22:10:00,23.2,1008.4,59.8
ST07,26.85,80.95,2026-08-28 22:20:00,26.9,1010.1,58.1
ST07,26.85,80.95,2026-08-28 22:30:00,24.7,1015.1,59.2
ST07,26.85,80.95,2026-08-28 22:40:00,31.4,1009.7,63.0
ST07,26.85,80.95,2026-08-28 22:50:00,21.4,1009.6,53.9
ST07,26.85,80.95,2026-08-28 23:00:00,23.6,1014.7,55.1
ST07,26.85,80.95,2026-08-28 23:10:00,25.5,1008.0,60.9
ST07,26.85,80.95,2026-08-28 23:20:00,28.3,1008.4,58.3
ST07,26.85,80.95,2026-08-28 23:30:00,21.4,1008.3,59.5
ST07,26.85,80.95,2026-08-28 23:40:00,29.6,1006.3,74.8
ST07,26.85,80.95,2026-08-28 23:50:00,22.6,1007.6,57.8
ST07,26.85,80.95,2026-08-29 00:00:00,25.9,1010.8,57.4
ST07,26.85,80.95,2026-08-29 00:10:00,27.9,1013.0,51.5
ST07,26.85,80.95,2026-08-29 00:20:00,23.6,1014.9,77.2
ST07,26.85,80.95,2026-08-29 00:30:00,25.1,1006.5,52.3
ST07,26.85,80.95,2026-08-29 00:40:00,27.6,1012.8,59.8
ST07,26.85,80.95,2026-08-29 00:50:00,30.9,1006.3,53.8
ST07,26.85,80.95,2026-08-29 01:00:00,25.9,1007.2,69.2
ST07,26.85,80.95,2026-08-29 01:10:00,25.5,1005.1,71.0
ST07,26.85,80.95,2026-08-29 01:20:00,26.0,1010.4,55.7
ST07,26.85,80.95,2026-08-29 01:30:00,27.2,1007.0,61.8
ST07,26.85,80.95,2026-08-29 01:40:00,24.1,1011.0,71.4
ST07,26.85,80.95,2026-08-29 01:50:00,27.5,1012.4,62.0
ST07,26.85,80.95,2026-08-29 02:00:00,24.4,1012.3,53.9
ST07,26.85,80.95,2026-08-29 02:10:00,28.2,1008.3,52.7
ST07,26.85,80.95,2026-08-29 02:20:00,25.0,1011.7,73.0
ST07,26.85,80.95,2026-08-29 02:30:00,22.1,1009.3,59.3
ST07,26.85,80.95,2026-08-29 02:40:00,22.4,1009.1,59.2
ST07,26.85,80.95,2026-08-29 02:50:00,24.5,1014.4,56.7
ST07,26.85,80.95,2026-08-29 03:00:00,24.5,1009.8,60.4
ST07,26.85,80.95,2026-08-29 03:10:00,24.1,1010.2,60.6
ST07,26.85,80.95,2026-08-29 03:20:00,25.6,1009.4,53.1
ST07,26.85,80.95,2026-08-29 03:30:00,27.3,1010.5,58.6
ST07,26.85,80.95,2026-08-29 03:40:00,25.8,1011.7,63.3
ST07,26.85,80.95,2026-08-29 03:50:00,24.9,1006.3,52.7
ST07,26.85,80.95,2026-08-29 04:00:00,27.9,1011.9,66.2
ST07,26.85,80.95,2026-08-29 04:10:00,27.4,1008.1,58.7
ST07,26.85,80.95,2026-08-29 04:20:00,22.9,1013.6,51.3
ST07,26.85,80.95,2026-08-29 04:30:00,24.1,1009.4,68.4
ST07,26.85,80.95,2026-08-29 04:40:00,23.7,1008.2,51.2
ST07,26.85,80.95,2026-08-29 04:50:00,28.9,1016.4,51.3
ST07,26.85,80.95,2026-08-29 05:00:00,23.3,1009.6,66.0
ST07,26.85,80.95,2026-08-29 05:10:00,24.6,1009.7,49.8
ST07,26.85,80.95,2026-08-29 05:20:00,22.5,1010.4,46.5
ST07,26.85,80.95,2026-08-29 05:30:00,23.8,1013.0,73.5
ST07,26.85,80.95,2026-08-29 05:40:00,29.6,1010.4,54.6
ST07,26.85,80.95,2026-08-29 05:50:00,18.8,1010.3,57.7
ST07,26.85,80.95,2026-08-29 06:00:00,25.8,1010.2,59.7
ST07,26.85,80.95,2026-08-29 06:10:00,18.6,1011.5,62.0
ST07,26.85,80.95,2026-08-29 06:20:00,28.7,1009.6,62.9
ST07,26.85,80.95,2026-08-29 06:30:00,28.1,1008.5,41.1
ST07,26.85,80.95,2026-08-29 06:40:00,23.5,1003.4,59.7
ST07,26.85,80.95,2026-08-29 06:50:00,28.7,1011.0,58.0
ST07,26.85,80.95,2026-08-29 07:00:00,25.9,1004.4,70.1
ST07,26.85,80.95,2026-08-29 07:10:00,25.7,1009.7,69.2
ST07,26.85,80.95,2026-08-29 07:20:00,23.0,1008.8,55.2
ST07,26.85,80.95,2026-08-29 07:30:00,23.6,1014.5,58.8
ST07,26.85,80.95,2026-08-29 07:40:00,23.9,1011.4,56.1
ST07,26.85,80.95,2026-08-29 07:50:00,24.9,1009.8,49.4
ST07,26.85,80.95,2026-08-29 08:00:00,25.1,1007.1,67.8
ST07,26.85,80.95,2026-08-29 08:10:00,27.8,1006.7,59.2
ST07,26.85,80.95,2026-08-29 08:20:00,22.1,1009.5,75.5
ST07,26.85,80.95,2026-08-29 08:30:00,27.7,1017.9,46.3
ST07,26.85,80.95,2026-08-29 08:40:00,27.6,1009.1,58.0
ST07,26.85,80.95,2026-08-29 08:50:00,27.2,1010.5,65.4
ST07,26.85,80.95,2026-08-29 09:00:00,25.4,1004.8,64.5
ST07,26.85,80.95,2026-08-29 09:10:00,24.5,1011.8,46.8
ST08,17.38,78.49,2026-08-28 00:00:00,27.1,1011.5,55.0
ST08,17.38,78.49,2026-08-28 00:10:00,19.7,1006.6,53.1
ST08,17.38,78.49,2026-08-28 00:20:00,26.1,1012.4,55.7
ST08,17.38,78.49,2026-08-28 00:30:00,22.1,1011.7,60.4
ST08,17.38,78.49,2026-08-28 00:40:00,31.4,1011.0,56.1
ST08,17.38,78.49,2026-08-28 00:50:00,22.3,1012.5,40.9
ST08,17.38,78.49,2026-08-28 01:00:00,26.8,1005.9,69.4
ST08,17.38,78.49,2026-08-28 01:10:00,28.1,1011.3,75.0
ST08,17.38,78.49,2026-08-28 01:20:00,27.5,1005.3,60.1
ST08,17.38,78.49,2026-08-28 01:30:00,30.2,1011.5,55.1
ST08,17.38,78.49,2026-08-28 01:40:00,22.9,1014.3,50.6
ST08,17.38,78.49,2026-08-28 01:50:00,25.9,1009.8,71.6
ST08,17.38,78.49,2026-08-28 02:00:00,22.2,1008.2,67.1
ST08,17.38,78.49,2026-08-28 02:10:00,28.5,1005.4,60.2
ST08,17.38,78.49,2026-08-28 02:20:00,27.2,1011.5,77.6
ST08,17.38,78.49,2026-08-28 02:30:00,26.6,1010.6,68.6
ST08,17.38,78.49,2026-08-28 02:40:00,27.3,1010.7,51.3
ST08,17.38,78.49,2026-08-28 02:50:00,29.4,1014.3,53.3
ST08,17.38,78.49,2026-08-28 03:00:00,26.6,1013.0,52.9
ST08,17.38,78.49,2026-08-28 03:10:00,26.1,1009.1,66.1
ST08,17.38,78.49,2026-08-28 03:20:00,26.6,1010.9,63.9
ST08,17.38,78.49,2026-08-28 03:30:00,21.8,1012.8,51.0
ST08,17.38,78.49,2026-08-28 03:40:00,26.5,1005.9,55.8
ST08,17.38,78.49,2026-08-28 03:50:00,24.1,1009.7,43.8
ST08,17.38,78.49,2026-08-28 04:00:00,25.3,1009.8,52.3
ST08,17.38,78.49,2026-08-28 04:10:00,27.7,1005.5,76.7
ST08,17.38,78.49,2026-08-28 04:20:00,29.7,1007.7,67.8
ST08,17.38,78.49,2026-08-28 04:30:00,27.3,1010.6,56.3
ST08,17.38,78.49,2026-08-28 04:40:00,30.6,1011.5,64.8
ST08,17.38,78.49,2026-08-28 04:50:00,25.7,1009.4,48.1
ST08,17.38,78.49,2026-08-28 05:00:00,29.8,1006.8,47.8
ST08,17.38,78.49,2026-08-28 05:10:00,27.1,1007.6,52.1
ST08,17.38,78.49,2026-08-28 05:20:00,25.7,1007.1,49.1
ST08,17.38,78.49,2026-08-28 05:30:00,28.5,1005.2,49.5
ST08,17.38,78.49,2026-08-28 05:40:00,25.2,1009.4,65.9
ST08,17.38,78.49,2026-08-28 05:50:00,25.6,1004.8,60.4
ST08,17.38,78.49,2026-08-28 06:00:00,28.0,1008.8,63.1
ST08,17.38,78.49,2026-08-28 06:10:00,29.3,1013.4,51.0
ST08,17.38,78.49,2026-08-28 06:20:00,27.2,1009.9,57.3
ST08,17.38,78.49,2026-08-28 06:30:00,26.5,1006.8,69.8
ST08,17.38,78.49,2026-08-28 06:40:00,24.9,1008.2,68.3
ST08,17.38,78.49,2026-08-28 06:50:00,29.0,1008.8,73.6
ST08,17.38,78.49,2026-08-28 07:00:00,28.5,1012.3,50.8
ST08,17.38,78.49,2026-08-28 07:10:00,27.3,1008.1,63.8
ST08,17.38,78.49,2026-08-28 07:20:00,22.6,1003.8,64.0
ST08,17.38,78.49,2026-08-28 07:30:00,26.0,1010.6,67.5
ST08,17.38,78.49,2026-08-28 07:40:00,31.7,1008.0,68.2
ST08,17.38,78.49,2026-08-28 07:50:00,26.9,1005.3,59.6
ST08,17.38,78.49,2026-08-28 08:00:00,24.4,1003.9,55.5
ST08,17.38,78.49,2026-08-28 08:10:00,26.9,1005.0,58.0
ST08,17.38,78.49,2026-08-28 08:20:00,27.8,1010.7,65.7
ST08,17.38,78.49,2026-08-28 08:30:00,26.0,1012.0,64.7
ST08,17.38,78.49,2026-08-28 08:40:00,27.6,1010.8,53.4
ST08,17.38,78.49,2026-08-28 08:50:00,29.8,1016.3,55.2
ST08,17.38,78.49,2026-08-28 09:00:00,25.5,1008.0,60.3
ST08,17.38,78.49,2026-08-28 09:10:00,27.3,1008.4,46.1
ST08,17.38,78.49,2026-08-28 09:20:00,24.1,1013.0,61.1
ST08,17.38,78.49,2026-08-28 09:30:00,28.4,1016.1,41.0
ST08,17.38,78.49,2026-08-28 09:40:00,27.5,1010.5,53.8
ST08,17.38,78.49,2026-08-28 09:50:00,27.2,1010.6,54.7
ST08,17.38,78.49,2026-08-28 10:00:00,25.3,1007.9,56.8
ST08,17.38,78.49,2026-08-28 10:10:00,23.2,1011.8,61.2
ST08,17.38,78.49,2026-08-28 10:20:00,28.1,1011.0,66.6
ST08,17.38,78.49,2026-08-28 10:30:00,25.5,1005.9,66.7
ST08,17.38,78.49,2026-08-28 10:40:00,24.5,1013.2,52.3
ST08,17.38,78.49,2026-08-28 10:50:00,29.1,1013.2,63.9
ST08,17.38,78.49,2026-08-28 11:00:00,24.6,1009.6,62.8
ST08,17.38,78.49,2026-08-28 11:10:00,28.9,1008.8,59.1
ST08,17.38,78.49,2026-08-28 11:20:00,28.1,1008.0,67.0
ST08,17.38,78.49,2026-08-28 11:30:00,26.6,1002.5,51.5
ST08,17.38,78.49,2026-08-28 11:40:00,27.3,1010.8,150.0
ST08,17.38,78.49,2026-08-28 11:50:00,21.9,1003.3,57.2
ST08,17.38,78.49,2026-08-28 12:00:00,30.2,1013.8,51.3
ST08,17.38,78.49,2026-08-28 12:10:00,29.2,1006.6,52.8
ST08,17.38,78.49,2026-08-28 12:20:00,27.7,1010.3,53.2
ST08,17.38,78.49,2026-08-28 12:30:00,25.6,1003.3,45.8
ST08,17.38,78.49,2026-08-28 12:40:00,27.4,1008.3,55.5
ST08,17.38,78.49,2026-08-28 12:50:00,28.5,1009.2,69.4
ST08,17.38,78.49,2026-08-28 13:00:00,25.9,1005.9,64.0
ST08,17.38,78.49,2026-08-28 13:10:00,27.3,1012.0,64.4
ST08,17.38,78.49,2026-08-28 13:20:00,21.9,1007.4,53.9
ST08,17.38,78.49,2026-08-28 13:30:00,27.0,1014.5,63.8
ST08,17.38,78.49,2026-08-28 13:40:00,25.6,1013.4,56.0
ST08,17.38,78.49,2026-08-28 13:50:00,27.5,1010.9,70.1
ST08,17.38,78.49,2026-08-28 14:00:00,23.9,1005.3,49.3
ST08,17.38,78.49,2026-08-28 14:10:00,28.4,1015.5,69.5
ST08,17.38,78.49,2026-08-28 14:20:00,28.9,1008.3,69.3
ST08,17.38,78.49,2026-08-28 14:30:00,23.9,1011.3,66.8
ST08,17.38,78.49,2026-08-28 14:40:00,27.1,1011.0,63.1
ST08,17.38,78.49,2026-08-28 14:50:00,30.0,1011.6,70.4
ST08,17.38,78.49,2026-08-28 15:00:00,28.9,1008.6,64.1
ST08,17.38,78.49,2026-08-28 15:10:00,28.7,1013.2,48.8
ST08,17.38,78.49,2026-08-28 15:20:00,23.8,1007.5,62.3
ST08,17.38,78.49,2026-08-28 15:30:00,28.2,1005.2,59.7
ST08,17.38,78.49,2026-08-28 15:40:00,27.8,1012.6,55.4
ST08,17.38,78.49,2026-08-28 15:50:00,26.8,1007.1,63.2
ST08,17.38,78.49,2026-08-28 16:00:00,25.3,1012.6,56.3
ST08,17.38,78.49,2026-08-28 16:10:00,31.0,1013.2,53.6
ST08,17.38,78.49,2026-08-28 16:20:00,21.4,1007.1,50.4
ST08,17.38,78.49,2026-08-28 16:30:00,23.4,1011.2,47.3
ST08,17.38,78.49,2026-08-28 16:40:00,26.3,1012.1,63.0
ST08,17.38,78.49,2026-08-28 16:50:00,27.5,1009.8,65.3
ST08,17.38,78.49,2026-08-28 17:00:00,23.8,1008.2,68.5
ST08,17.38,78.49,2026-08-28 17:10:00,24.5,1007.3,58.6
ST08,17.38,78.49,2026-08-28 17:20:00,25.7,1011.0,62.8
ST08,17.38,78.49,2026-08-28 17:30:00,24.5,1013.2,56.1
ST08,17.38,78.49,2026-08-28 17:40:00,28.0,1013.5,76.6
ST08,17.38,78.49,2026-08-28 17:50:00,29.7,1012.3,48.9
ST08,17.38,78.49,2026-08-28 18:00:00,26.7,1010.5,55.6
ST08,17.38,78.49,2026-08-28 18:10:00,29.2,1007.4,64.0
ST08,17.38,78.49,2026-08-28 18:20:00,28.6,1010.7,54.9
ST08,17.38,78.49,2026-08-28 18:30:00,26.0,1012.3,58.2
ST08,17.38,78.49,2026-08-28 18:40:00,24.2,1004.5,75.6
ST08,17.38,78.49,2026-08-28 18:50:00,25.3,1011.8,63.0
ST08,17.38,78.49,2026-08-28 19:00:00,26.5,1011.2,59.5
ST08,17.38,78.49,2026-08-28 19:10:00,26.2,1012.5,71.1
ST08,17.38,78.49,2026-08-28 19:20:00,29.0,1009.8,52.3
ST08,17.38,78.49,2026-08-28 19:30:00,26.0,1011.1,52.0
ST08,17.38,78.49,2026-08-28 19:40:00,25.4,1006.8,65.2
ST08,17.38,78.49,2026-08-28 19:50:00,31.1,1010.7,52.8
ST08,17.38,78.49,2026-08-28 20:00:00,28.8,1012.6,55.4
ST08,17.38,78.49,2026-08-28 20:10:00,23.7,1010.0,71.6
ST08,17.38,78.49,2026-08-28 20:20:00,25.3,1012.4,57.6
ST08,17.38,78.49,2026-08-28 20:30:00,25.3,1009.3,54.0
ST08,17.38,78.49,2026-08-28 20:40:00,23.8,1008.3,74.6
ST08,17.38,78.49,2026-08-28 20:50:00,28.9,1007.0,61.7
ST08,17.38,78.49,2026-08-28 21:00:00,26.8,1009.4,66.3
ST08,17.38,78.49,2026-08-28 21:10:00,29.8,1012.8,68.2
ST08,17.38,78.49,2026-08-28 21:20:00,25.6,1008.2,51.4
ST08,17.38,78.49,2026-08-28 21:30:00,27.3,1003.5,64.4
ST08,17.38,78.49,2026-08-28 21:40:00,26.8,1009.2,61.3
ST08,17.38,78.49,2026-08-28 21:50:00,30.0,1013.9,63.4
ST08,17.38,78.49,2026-08-28 22:00:00,26.3,1014.9,67.5
ST08,17.38,78.49,2026-08-28 22:10:00,30.1,1009.2,51.3
ST08,17.38,78.49,2026-08-28 22:20:00,25.9,1012.1,63.9
ST08,17.38,78.49,2026-08-28 22:30:00,24.7,1003.9,60.5
ST08,17.38,78.49,2026-08-28 22:40:00,30.4,1010.2,55.9
ST08,17.38,78.49,2026-08-28 22:50:00,26.0,1001.5,69.2
ST08,17.38,78.49,2026-08-28 23:00:00,26.7,1008.6,59.2
ST08,17.38,78.49,2026-08-28 23:10:00,31.1,1012.3,52.9
ST08,17.38,78.49,2026-08-28 23:20:00,27.7,1008.0,70.1
ST08,17.38,78.49,2026-08-28 23:30:00,25.0,1011.3,68.8
ST08,17.38,78.49,2026-08-28 23:40:00,22.9,1011.2,55.7
ST08,17.38,78.49,2026-08-28 23:50:00,28.9,1001.3,54.6
ST08,17.38,78.49,2026-08-29 00:00:00,28.1,1003.9,50.2
ST08,17.38,78.49,2026-08-29 00:10:00,19.7,1010.4,66.5
ST08,17.38,78.49,2026-08-29 00:20:00,26.2,1011.9,71.1
ST08,17.38,78.49,2026-08-29 00:30:00,30.8,1009.9,48.9
ST08,17.38,78.49,2026-08-29 00:40:00,22.7,1009.3,58.2
ST08,17.38,78.49,2026-08-29 00:50:00,28.4,1011.9,60.4
ST08,17.38,78.49,2026-08-29 01:00:00,28.5,1009.1,77.2
ST08,17.38,78.49,2026-08-29 01:10:00,24.4,1007.6,62.0
ST08,17.38,78.49,2026-08-29 01:20:00,30.5,1008.3,57.7
ST08,17.38,78.49,2026-08-29 01:30:00,25.6,1009.5,65.7
ST08,17.38,78.49,2026-08-29 01:40:00,25.2,1007.4,73.3
ST08,17.38,78.49,2026-08-29 01:50:00,26.9,1005.1,65.2
ST08,17.38,78.49,2026-08-29 02:00:00,28.0,1012.5,51.6
ST08,17.38,78.49,2026-08-29 02:10:00,24.4,1013.3,65.5
ST08,17.38,78.49,2026-08-29 02:20:00,28.9,1009.3,62.0
ST08,17.38,78.49,2026-08-29 02:30:00,25.3,1007.9,71.8
ST08,17.38,78.49,2026-08-29 02:40:00,24.2,1007.6,65.3
ST08,17.38,78.49,2026-08-29 02:50:00,24.4,1008.6,48.5
ST08,17.38,78.49,2026-08-29 03:00:00,26.6,1012.9,61.9
ST08,17.38,78.49,2026-08-29 03:10:00,28.1,1009.4,58.5
ST08,17.38,78.49,2026-08-29 03:20:00,28.1,1010.4,70.2
ST08,17.38,78.49,2026-08-29 03:30:00,25.6,1005.7,52.1
ST08,17.38,78.49,2026-08-29 03:40:00,28.5,1011.7,64.6
ST08,17.38,78.49,2026-08-29 03:50:00,26.5,1008.5,71.3
ST08,17.38,78.49,2026-08-29 04:00:00,29.2,1008.2,59.7
ST08,17.38,78.49,2026-08-29 04:10:00,28.3,1011.1,63.3
ST08,17.38,78.49,2026-08-29 04:20:00,27.0,1017.2,59.7
ST08,17.38,78.49,2026-08-29 04:30:00,29.8,1010.3,65.8
ST08,17.38,78.49,2026-08-29 04:40:00,29.3,1010.1,64.1
ST08,17.38,78.49,2026-08-29 04:50:00,26.0,1000.5,59.4
ST08,17.38,78.49,2026-08-29 05:00:00,27.3,1014.8,56.1
ST08,17.38,78.49,2026-08-29 05:10:00,26.8,1009.9,50.5
ST08,17.38,78.49,2026-08-29 05:20:00,24.2,1010.9,63.8
ST08,17.38,78.49,2026-08-29 05:30:00,29.2,1010.1,53.7
ST08,17.38,78.49,2026-08-29 05:40:00,23.4,1011.6,65.6
ST08,17.38,78.49,2026-08-29 05:50:00,28.0,1011.2,60.0
ST08,17.38,78.49,2026-08-29 06:00:00,30.8,1010.4,57.7
ST08,17.38,78.49,2026-08-29 06:10:00,24.1,1010.3,53.1
ST08,17.38,78.49,2026-08-29 06:20:00,29.5,1009.3,57.9
ST08,17.38,78.49,2026-08-29 06:30:00,25.8,1010.9,55.7
ST08,17.38,78.49,2026-08-29 06:40:00,23.0,1008.0,70.2
ST08,17.38,78.49,2026-08-29 06:50:00,28.6,1012.0,49.8
ST08,17.38,78.49,2026-08-29 07:00:00,28.5,1007.0,63.1
ST08,17.38,78.49,2026-08-29 07:10:00,27.4,1009.2,50.5
ST08,17.38,78.49,2026-08-29 07:20:00,29.4,1010.0,66.4
ST08,17.38,78.49,2026-08-29 07:30:00,24.4,1010.1,65.2
ST08,17.38,78.49,2026-08-29 07:40:00,21.0,1009.9,66.3
ST08,17.38,78.49,2026-08-29 07:50:00,29.8,1000.5,51.2
ST08,17.38,78.49,2026-08-29 08:00:00,27.5,1004.9,62.3
ST08,17.38,78.49,2026-08-29 08:10:00,24.3,1009.1,82.0
ST08,17.38,78.49,2026-08-29 08:20:00,28.6,1003.7,54.8
ST08,17.38,78.49,2026-08-29 08:30:00,26.4,1008.8,57.9
ST08,17.38,78.49,2026-08-29 08:40:00,26.5,1009.5,62.1
ST08,17.38,78.49,2026-08-29 08:50:00,23.6,1004.2,63.9
ST08,17.38,78.49,2026-08-29 09:00:00,21.7,1011.5,65.9
ST08,17.38,78.49,2026-08-29 09:10:00,26.6,1007.9,48.8
ST09,15.3,74.12,2026-08-28 00:00:00,30.4,1012.0,57.9
ST09,15.3,74.12,2026-08-28 00:10:00,24.1,1009.0,59.5
ST09,15.3,74.12,2026-08-28 00:20:00,24.7,1005.8,69.2
ST09,15.3,74.12,2026-08-28 00:30:00,27.2,1011.2,57.2
ST09,15.3,74.12,2026-08-28 00:40:00,25.6,1007.2,66.9
ST09,15.3,74.12,2026-08-28 00:50:00,29.3,1006.0,59.8
ST09,15.3,74.12,2026-08-28 01:00:00,28.1,1004.9,58.4
ST09,15.3,74.12,2026-08-28 01:10:00,27.3,1013.8,68.1
ST09,15.3,74.12,2026-08-28 01:20:00,25.5,1010.2,61.2
ST09,15.3,74.12,2026-08-28 01:30:00,30.2,1008.6,53.5
ST09,15.3,74.12,2026-08-28 01:40:00,24.3,1010.7,48.4
ST09,15.3,74.12,2026-08-28 01:50:00,30.4,1007.4,58.4
ST09,15.3,74.12,2026-08-28 02:00:00,26.9,1009.5,64.7
ST09,15.3,74.12,2026-08-28 02:10:00,29.9,1009.1,53.5
ST09,15.3,74.12,2026-08-28 02:20:00,27.2,1010.1,63.1
ST09,15.3,74.12,2026-08-28 02:30:00,23.2,1009.3,78.7
ST09,15.3,74.12,2026-08-28 02:40:00,26.7,1008.1,64.9
ST09,15.3,74.12,2026-08-28 02:50:00,26.6,1011.2,54.6
ST09,15.3,74.12,2026-08-28 03:00:00,25.7,1006.9,62.1
ST09,15.3,74.12,2026-08-28 03:10:00,24.4,1007.9,49.1
ST09,15.3,74.12,2026-08-28 03:20:00,20.0,1008.4,57.5
ST09,15.3,74.12,2026-08-28 03:30:00,26.8,1013.8,60.4
ST09,15.3,74.12,2026-08-28 03:40:00,32.9,1008.6,69.1
ST09,15.3,74.12,2026-08-28 03:50:00,25.2,1004.9,66.9
ST09,15.3,74.12,2026-08-28 04:00:00,25.6,1011.8,58.1
ST09,15.3,74.12,2026-08-28 04:10:00,28.0,1008.8,54.0
ST09,15.3,74.12,2026-08-28 04:20:00,27.5,1013.6,53.6
ST09,15.3,74.12,2026-08-28 04:30:00,28.0,1011.2,61.4
ST09,15.3,74.12,2026-08-28 04:40:00,25.3,1008.7,55.0
ST09,15.3,74.12,2026-08-28 04:50:00,27.7,1008.7,61.6
ST09,15.3,74.12,2026-08-28 05:00:00,28.3,1007.9,58.6
ST09,15.3,74.12,2026-08-28 05:10:00,27.1,1004.9,51.9
ST09,15.3,74.12,2026-08-28 05:20:00,26.4,1009.2,54.7
ST09,15.3,74.12,2026-08-28 05:30:00,24.0,1008.0,69.7
ST09,15.3,74.12,2026-08-28 05:40:00,25.4,1005.9,63.0
ST09,15.3,74.12,2026-08-28 05:50:00,22.8,1008.7,63.0
ST09,15.3,74.12,2026-08-28 06:00:00,24.2,1007.6,64.8
ST09,15.3,74.12,2026-08-28 06:10:00,25.7,1010.9,52.8
ST09,15.3,74.12,2026-08-28 06:20:00,29.8,1010.3,45.1
ST09,15.3,74.12,2026-08-28 06:30:00,28.6,1006.6,56.6
ST09,15.3,74.12,2026-08-28 06:40:00,27.5,1012.7,68.0
ST09,15.3,74.12,2026-08-28 06:50:00,27.3,1007.3,60.8
ST09,15.3,74.12,2026-08-28 07:00:00,28.6,1006.6,66.5
ST09,15.3,74.12,2026-08-28 07:10:00,27.3,1012.6,65.2
ST09,15.3,74.12,2026-08-28 07:20:00,26.2,1008.5,53.1
ST09,15.3,74.12,2026-08-28 07:30:00,23.9,1009.3,59.6
ST09,15.3,74.12,2026-08-28 07:40:00,31.8,1012.9,67.2
ST09,15.3,74.12,2026-08-28 07:50:00,27.6,1009.2,57.1
ST09,15.3,74.12,2026-08-28 08:00:00,26.0,1011.2,61.5
ST09,15.3,74.12,2026-08-28 08:10:00,26.4,1008.2,57.7
ST09,15.3,74.12,2026-08-28 08:20:00,23.0,1016.6,70.3
ST09,15.3,74.12,2026-08-28 08:30:00,29.4,1012.4,49.9
ST09,15.3,74.12,2026-08-28 08:40:00,29.0,1011.5,56.8
ST09,15.3,74.12,2026-08-28 08:50:00,25.3,1011.1,72.2
ST09,15.3,74.12,2026-08-28 09:00:00,24.1,1013.2,65.4
ST09,15.3,74.12,2026-08-28 09:10:00,26.9,1009.8,63.8
ST09,15.3,74.12,2026-08-28 09:20:00,23.6,1011.6,58.8
ST09,15.3,74.12,2026-08-28 09:30:00,26.1,1008.8,66.4
ST09,15.3,74.12,2026-08-28 09:40:00,25.6,1010.7,66.6
ST09,15.3,74.12,2026-08-28 09:50:00,25.4,1007.9,68.3
ST09,15.3,74.12,2026-08-28 10:00:00,24.6,1008.3,37.4
ST09,15.3,74.12,2026-08-28 10:10:00,29.7,1007.1,43.4
ST09,15.3,74.12,2026-08-28 10:20:00,27.5,1008.5,42.0
ST09,15.3,74.12,2026-08-28 10:30:00,29.3,1010.9,76.3
ST09,15.3,74.12,2026-08-28 10:40:00,24.1,1010.4,52.3
ST09,15.3,74.12,2026-08-28 10:50:00,27.1,1012.9,74.9
ST09,15.3,74.12,2026-08-28 11:00:00,26.6,1019.0,57.3
ST09,15.3,74.12,2026-08-28 11:10:00,28.0,1009.3,54.6
ST09,15.3,74.12,2026-08-28 11:20:00,24.2,1010.9,40.8
ST09,15.3,74.12,2026-08-28 11:30:00,30.9,1010.2,47.0
ST09,15.3,74.12,2026-08-28 11:40:00,24.7,1009.5,64.2
ST09,15.3,74.12,2026-08-28 11:50:00,23.0,1007.5,52.2
ST09,15.3,74.12,2026-08-28 12:00:00,29.8,1009.1,70.3
ST09,15.3,74.12,2026-08-28 12:10:00,29.5,1009.0,58.6
ST09,15.3,74.12,2026-08-28 12:20:00,26.6,1008.3,62.3
ST09,15.3,74.12,2026-08-28 12:30:00,26.5,1010.4,66.3
ST09,15.3,74.12,2026-08-28 12:40:00,26.5,1012.0,64.0
ST09,15.3,74.12,2026-08-28 12:50:00,26.3,1010.6,56.2
ST09,15.3,74.12,2026-08-28 13:00:00,22.4,1002.6,58.3
ST09,15.3,74.12,2026-08-28 13:10:00,22.2,1013.1,45.4
ST09,15.3,74.12,2026-08-28 13:20:00,26.5,1011.5,49.9
ST09,15.3,74.12,2026-08-28 13:30:00,28.9,1009.4,64.1
ST09,15.3,74.12,2026-08-28 13:40:00,27.0,1008.6,67.2
ST09,15.3,74.12,2026-08-28 13:50:00,26.5,1005.2,57.9
ST09,15.3,74.12,2026-08-28 14:00:00,28.7,1007.4,76.5
ST09,15.3,74.12,2026-08-28 14:10:00,28.8,1010.4,53.3
ST09,15.3,74.12,2026-08-28 14:20:00,30.2,1010.0,55.8
ST09,15.3,74.12,2026-08-28 14:30:00,21.9,1004.3,54.7
ST09,15.3,74.12,2026-08-28 14:40:00,27.5,1009.3,66.7
ST09,15.3,74.12,2026-08-28 14:50:00,27.1,1012.2,57.4
ST09,15.3,74.12,2026-08-28 15:00:00,26.8,1012.8,44.1
ST09,15.3,74.12,2026-08-28 15:10:00,25.5,1008.7,49.8
ST09,15.3,74.12,2026-08-28 15:20:00,21.7,1010.4,50.0
ST09,15.3,74.12,2026-08-28 15:30:00,27.0,1010.0,62.5
ST09,15.3,74.12,2026-08-28 15:40:00,24.7,1008.7,59.6
ST09,15.3,74.12,2026-08-28 15:50:00,22.4,1012.7,53.8
ST09,15.3,74.12,2026-08-28 16:00:00,30.4,1014.6,65.2
ST09,15.3,74.12,2026-08-28 16:10:00,26.6,1016.2,73.9
ST09,15.3,74.12,2026-08-28 16:20:00,22.1,1010.3,61.8
ST09,15.3,74.12,2026-08-28 16:30:00,25.4,1010.1,63.9
ST09,15.3,74.12,2026-08-28 16:40:00,24.6,1013.6,59.8
ST09,15.3,74.12,2026-08-28 16:50:00,26.9,1009.2,65.0
ST09,15.3,74.12,2026-08-28 17:00:00,27.6,1008.5,50.3
ST09,15.3,74.12,2026-08-28 17:10:00,26.2,1007.5,49.8
ST09,15.3,74.12,2026-08-28 17:20:00,27.2,1012.4,61.0
ST09,15.3,74.12,2026-08-28 17:30:00,24.9,1008.0,60.5
ST09,15.3,74.12,2026-08-28 17:40:00,28.2,1011.4,69.5
ST09,15.3,74.12,2026-08-28 17:50:00,29.1,1012.4,60.3
ST09,15.3,74.12,2026-08-28 18:00:00,26.6,1010.7,51.8
ST09,15.3,74.12,2026-08-28 18:10:00,23.9,1009.0,78.7
ST09,15.3,74.12,2026-08-28 18:20:00,28.0,1006.3,59.9
ST09,15.3,74.12,2026-08-28 18:30:00,21.7,1014.6,66.0
ST09,15.3,74.12,2026-08-28 18:40:00,24.6,1009.0,46.7
ST09,15.3,74.12,2026-08-28 18:50:00,24.1,1011.8,54.8
ST09,15.3,74.12,2026-08-28 19:00:00,26.3,1011.8,53.4
ST09,15.3,74.12,2026-08-28 19:10:00,28.1,1010.4,57.3
ST09,15.3,74.12,2026-08-28 19:20:00,27.7,1010.1,63.4
ST09,15.3,74.12,2026-08-28 19:30:00,30.0,1008.6,64.7
ST09,15.3,74.12,2026-08-28 19:40:00,25.3,1011.9,55.5
ST09,15.3,74.12,2026-08-28 19:50:00,24.9,1013.2,56.6
ST09,15.3,74.12,2026-08-28 20:00:00,26.9,1012.4,69.6
ST09,15.3,74.12,2026-08-28 20:10:00,23.5,1013.0,59.2
ST09,15.3,74.12,2026-08-28 20:20:00,23.4,1009.9,63.4
ST09,15.3,74.12,2026-08-28 20:30:00,22.0,1007.5,61.0
ST09,15.3,74.12,2026-08-28 20:40:00,23.5,1004.2,60.1
ST09,15.3,74.12,2026-08-28 20:50:00,24.7,1012.0,80.4
ST09,15.3,74.12,2026-08-28 21:00:00,24.2,1007.0,71.2
ST09,15.3,74.12,2026-08-28 21:10:00,25.1,1010.8,50.8
ST09,15.3,74.12,2026-08-28 21:20:00,29.9,1003.8,52.0
ST09,15.3,74.12,2026-08-28 21:30:00,29.2,1004.0,72.4
ST09,15.3,74.12,2026-08-28 21:40:00,28.1,1007.6,61.8
ST09,15.3,74.12,2026-08-28 21:50:00,23.9,1010.5,67.9
ST09,15.3,74.12,2026-08-28 22:00:00,28.6,1007.6,55.0
ST09,15.3,74.12,2026-08-28 22:10:00,22.3,1014.3,58.2
ST09,15.3,74.12,2026-08-28 22:20:00,26.7,1011.3,47.8
ST09,15.3,74.12,2026-08-28 22:30:00,31.0,1009.0,55.3
ST09,15.3,74.12,2026-08-28 22:40:00,30.6,1013.0,58.8
ST09,15.3,74.12,2026-08-28 22:50:00,36.5,1013.7,46.3
ST09,15.3,74.12,2026-08-28 23:00:00,31.2,1012.2,71.1
ST09,15.3,74.12,2026-08-28 23:10:00,31.6,1008.8,66.1
ST09,15.3,74.12,2026-08-28 23:20:00,30.0,1007.5,66.5
ST09,15.3,74.12,2026-08-28 23:30:00,34.0,1003.0,60.2
ST09,15.3,74.12,2026-08-28 23:40:00,31.5,1008.8,62.7
ST09,15.3,74.12,2026-08-28 23:50:00,27.1,1010.5,70.6
ST09,15.3,74.12,2026-08-29 00:00:00,35.0,1011.6,56.2
ST09,15.3,74.12,2026-08-29 00:10:00,39.0,1015.0,54.1
ST09,15.3,74.12,2026-08-29 00:20:00,35.9,1016.6,53.0
ST09,15.3,74.12,2026-08-29 00:30:00,36.4,1009.2,65.4
ST09,15.3,74.12,2026-08-29 00:40:00,33.9,1014.7,61.3
ST09,15.3,74.12,2026-08-29 00:50:00,35.7,1014.4,59.8
ST09,15.3,74.12,2026-08-29 01:00:00,25.7,1012.6,64.1
ST09,15.3,74.12,2026-08-29 01:10:00,25.9,1012.0,62.5
ST09,15.3,74.12,2026-08-29 01:20:00,25.4,1008.4,66.5
ST09,15.3,74.12,2026-08-29 01:30:00,24.7,1008.5,47.8
ST09,15.3,74.12,2026-08-29 01:40:00,24.4,1011.8,56.8
ST09,15.3,74.12,2026-08-29 01:50:00,22.1,1007.8,44.2
ST09,15.3,74.12,2026-08-29 02:00:00,27.6,1007.7,62.3
ST09,15.3,74.12,2026-08-29 02:10:00,29.4,1011.4,54.7
ST09,15.3,74.12,2026-08-29 02:20:00,25.5,1008.2,53.0
ST09,15.3,74.12,2026-08-29 02:30:00,28.3,1012.9,62.9
ST09,15.3,74.12,2026-08-29 02:40:00,27.3,1016.3,47.1
ST09,15.3,74.12,2026-08-29 02:50:00,27.4,1008.9,64.1
ST09,15.3,74.12,2026-08-29 03:00:00,29.2,1011.8,51.3
ST09,15.3,74.12,2026-08-29 03:10:00,21.2,1006.8,65.4
ST09,15.3,74.12,2026-08-29 03:20:00,27.1,1012.5,70.9
ST09,15.3,74.12,2026-08-29 03:30:00,29.5,1008.4,69.0
ST09,15.3,74.12,2026-08-29 03:40:00,27.9,1007.9,46.2
ST09,15.3,74.12,2026-08-29 03:50:00,29.9,1004.4,56.9
ST09,15.3,74.12,2026-08-29 04:00:00,31.5,1012.3,64.5
ST09,15.3,74.12,2026-08-29 04:10:00,24.0,1010.8,62.3
ST09,15.3,74.12,2026-08-29 04:20:00,24.4,1005.5,58.6
ST09,15.3,74.12,2026-08-29 04:30:00,25.6,1007.8,67.8
ST09,15.3,74.12,2026-08-29 04:40:00,31.2,1009.2,48.5
ST09,15.3,74.12,2026-08-29 04:50:00,24.8,1014.1,58.6
ST09,15.3,74.12,2026-08-29 05:00:00,24.0,1012.0,56.4
ST09,15.3,74.12,2026-08-29 05:10:00,26.7,1007.1,61.4
ST09,15.3,74.12,2026-08-29 05:20:00,26.3,1005.2,69.1
ST09,15.3,74.12,2026-08-29 05:30:00,24.7,1011.6,45.5
ST09,15.3,74.12,2026-08-29 05:40:00,29.5,1007.0,58.5
ST09,15.3,74.12,2026-08-29 05:50:00,24.0,1009.1,57.6
ST09,15.3,74.12,2026-08-29 06:00:00,28.7,1011.3,54.6
ST09,15.3,74.12,2026-08-29 06:10:00,25.7,1009.0,54.0
ST09,15.3,74.12,2026-08-29 06:20:00,27.3,1009.2,67.3
ST09,15.3,74.12,2026-08-29 06:30:00,23.4,1007.3,68.0
ST09,15.3,74.12,2026-08-29 06:40:00,27.1,1009.5,59.8
ST09,15.3,74.12,2026-08-29 06:50:00,25.2,999.3,65.0
ST09,15.3,74.12,2026-08-29 07:00:00,29.3,1011.2,52.7
ST09,15.3,74.12,2026-08-29 07:10:00,27.3,1010.6,70.2
ST09,15.3,74.12,2026-08-29 07:20:00,24.4,1009.0,47.2
ST09,15.3,74.12,2026-08-29 07:30:00,21.5,1009.1,55.0
ST09,15.3,74.12,2026-08-29 07:40:00,24.7,1009.3,60.3
ST09,15.3,74.12,2026-08-29 07:50:00,25.6,1006.1,40.6
ST09,15.3,74.12,2026-08-29 08:00:00,28.0,1004.5,66.4
ST09,15.3,74.12,2026-08-29 08:10:00,24.4,1007.8,68.6
ST09,15.3,74.12,2026-08-29 08:20:00,26.2,1008.9,71.5
ST09,15.3,74.12,2026-08-29 08:30:00,25.2,1015.6,58.7
ST09,15.3,74.12,2026-08-29 08:40:00,27.6,1008.4,60.2
ST09,15.3,74.12,2026-08-29 08:50:00,27.8,1006.8,65.3
ST09,15.3,74.12,2026-08-29 09:00:00,28.2,1010.1,58.8
ST09,15.3,74.12,2026-08-29 09:10:00,24.2,1006.9,56.8
ST10,30.74,76.78,2026-08-28 00:00:00,26.9,1007.9,42.6
ST10,30.74,76.78,2026-08-28 00:10:00,30.6,1010.4,60.8
ST10,30.74,76.78,2026-08-28 00:20:00,26.7,1010.7,66.4
ST10,30.74,76.78,2026-08-28 00:30:00,32.0,1010.9,44.9
ST10,30.74,76.78,2026-08-28 00:40:00,27.2,1011.6,56.8
ST10,30.74,76.78,2026-08-28 00:50:00,30.4,1010.0,53.2
ST10,30.74,76.78,2026-08-28 01:00:00,26.4,1009.4,69.2
ST10,30.74,76.78,2026-08-28 01:10:00,33.0,1008.4,55.8
ST10,30.74,76.78,2026-08-28 01:20:00,28.3,1007.9,67.0
ST10,30.74,76.78,2026-08-28 01:30:00,31.8,1004.1,56.9
ST10,30.74,76.78,2026-08-28 01:40:00,28.8,1010.1,50.6
ST10,30.74,76.78,2026-08-28 01:50:00,27.2,1009.7,67.4
ST10,30.74,76.78,2026-08-28 02:00:00,29.7,1012.9,65.2
ST10,30.74,76.78,2026-08-28 02:10:00,30.1,1004.7,53.8
ST10,30.74,76.78,2026-08-28 02:20:00,28.5,1010.3,55.1
ST10,30.74,76.78,2026-08-28 02:30:00,29.3,1008.2,65.5
ST10,30.74,76.78,2026-08-28 02:40:00,30.0,1011.0,69.5
ST10,30.74,76.78,2026-08-28 02:50:00,30.0,1008.1,55.2
ST10,30.74,76.78,2026-08-28 03:00:00,28.1,1012.3,55.7
ST10,30.74,76.78,2026-08-28 03:10:00,29.6,1015.3,49.2
ST10,30.74,76.78,2026-08-28 03:20:00,31.0,1008.7,48.7
ST10,30.74,76.78,2026-08-28 03:30:00,30.5,1006.7,73.6
ST10,30.74,76.78,2026-08-28 03:40:00,32.6,1008.1,71.2
ST10,30.74,76.78,2026-08-28 03:50:00,29.5,1009.4,51.7
ST10,30.74,76.78,2026-08-28 04:00:00,30.1,1013.3,65.3
ST10,30.74,76.78,2026-08-28 04:10:00,28.3,1009.9,44.3
ST10,30.74,76.78,2026-08-28 04:20:00,30.9,1009.0,62.0
ST10,30.74,76.78,2026-08-28 04:30:00,30.5,1011.1,72.1
ST10,30.74,76.78,2026-08-28 04:40:00,29.3,1009.5,56.0
ST10,30.74,76.78,2026-08-28 04:50:00,34.3,1009.9,58.5
ST10,30.74,76.78,2026-08-28 05:00:00,29.0,1015.9,68.8
ST10,30.74,76.78,2026-08-28 05:10:00,31.3,1010.1,60.7
ST10,30.74,76.78,2026-08-28 05:20:00,24.2,1010.4,66.0
ST10,30.74,76.78,2026-08-28 05:30:00,31.3,1008.8,54.3
ST10,30.74,76.78,2026-08-28 05:40:00,29.2,1008.9,68.2
ST10,30.74,76.78,2026-08-28 05:50:00,35.4,1006.2,63.4
ST10,30.74,76.78,2026-08-28 06:00:00,29.9,1003.4,54.8
ST10,30.74,76.78,2026-08-28 06:10:00,34.2,1011.6,65.6
ST10,30.74,76.78,2026-08-28 06:20:00,30.6,1008.5,48.9
ST10,30.74,76.78,2026-08-28 06:30:00,32.3,1002.4,51.6
ST10,30.74,76.78,2026-08-28 06:40:00,29.6,1010.4,58.9
ST10,30.74,76.78,2026-08-28 06:50:00,32.0,1010.8,65.1
ST10,30.74,76.78,2026-08-28 07:00:00,33.2,1011.5,47.8
ST10,30.74,76.78,2026-08-28 07:10:00,31.8,1005.5,50.1
ST10,30.74,76.78,2026-08-28 07:20:00,28.3,1012.3,54.7
ST10,30.74,76.78,2026-08-28 07:30:00,28.7,1008.2,53.1
ST10,30.74,76.78,2026-08-28 07:40:00,33.0,1009.5,60.1
ST10,30.74,76.78,2026-08-28 07:50:00,29.9,1007.8,70.3
ST10,30.74,76.78,2026-08-28 08:00:00,33.5,1009.5,61.7
ST10,30.74,76.78,2026-08-28 08:10:00,36.4,1008.9,51.6
ST10,30.74,76.78,2026-08-28 08:20:00,27.1,1015.1,67.6
ST10,30.74,76.78,2026-08-28 08:30:00,34.4,1009.4,69.8
ST10,30.74,76.78,2026-08-28 08:40:00,29.3,1016.1,46.6
ST10,30.74,76.78,2026-08-28 08:50:00,31.4,1014.0,56.1
ST10,30.74,76.78,2026-08-28 09:00:00,27.8,1009.5,63.3
ST10,30.74,76.78,2026-08-28 09:10:00,31.8,1005.6,59.5
ST10,30.74,76.78,2026-08-28 09:20:00,30.4,1009.9,68.4
ST10,30.74,76.78,2026-08-28 09:30:00,32.1,1009.9,51.6
ST10,30.74,76.78,2026-08-28 09:40:00,28.6,1010.1,66.0
ST10,30.74,76.78,2026-08-28 09:50:00,31.9,1012.1,68.7
ST10,30.74,76.78,2026-08-28 10:00:00,30.9,1010.0,52.0
ST10,30.74,76.78,2026-08-28 10:10:00,28.9,1008.9,57.2
ST10,30.74,76.78,2026-08-28 10:20:00,27.7,1008.0,44.3
ST10,30.74,76.78,2026-08-28 10:30:00,30.7,1010.0,49.2
ST10,30.74,76.78,2026-08-28 10:40:00,34.9,1014.9,68.2
ST10,30.74,76.78,2026-08-28 10:50:00,31.2,1007.8,69.3
ST10,30.74,76.78,2026-08-28 11:00:00,28.6,1013.6,38.1
ST10,30.74,76.78,2026-08-28 11:10:00,34.0,1009.2,55.6
ST10,30.74,76.78,2026-08-28 11:20:00,28.3,1013.4,63.1
ST10,30.74,76.78,2026-08-28 11:30:00,25.8,1009.2,63.3
ST10,30.74,76.78,2026-08-28 11:40:00,30.5,1009.4,63.7
ST10,30.74,76.78,2026-08-28 11:50:00,29.9,1012.9,58.3
ST10,30.74,76.78,2026-08-28 12:00:00,31.2,1006.2,61.8
ST10,30.74,76.78,2026-08-28 12:10:00,29.2,1010.1,67.2
ST10,30.74,76.78,2026-08-28 12:20:00,31.8,1013.1,74.1
ST10,30.74,76.78,2026-08-28 12:30:00,30.4,1002.3,55.9
ST10,30.74,76.78,2026-08-28 12:40:00,29.8,1011.2,57.4
ST10,30.74,76.78,2026-08-28 12:50:00,29.8,1004.7,57.4
ST10,30.74,76.78,2026-08-28 13:00:00,27.8,1015.1,63.8
ST10,30.74,76.78,2026-08-28 13:10:00,29.9,1012.9,62.6
ST10,30.74,76.78,2026-08-28 13:20:00,28.2,1007.8,62.9
ST10,30.74,76.78,2026-08-28 13:30:00,32.4,1010.9,61.2
ST10,30.74,76.78,2026-08-28 13:40:00,28.2,1016.3,65.7
ST10,30.74,76.78,2026-08-28 13:50:00,27.7,1010.7,57.3
ST10,30.74,76.78,2026-08-28 14:00:00,32.2,1001.5,55.5
ST10,30.74,76.78,2026-08-28 14:10:00,33.6,1004.8,66.1
ST10,30.74,76.78,2026-08-28 14:20:00,28.7,1014.3,72.5
ST10,30.74,76.78,2026-08-28 14:30:00,32.5,1010.2,58.6
ST10,30.74,76.78,2026-08-28 14:40:00,29.9,1007.4,69.0
ST10,30.74,76.78,2026-08-28 14:50:00,28.2,1009.9,68.1
ST10,30.74,76.78,2026-08-28 15:00:00,33.6,1009.8,54.6
ST10,30.74,76.78,2026-08-28 15:10:00,27.9,1005.6,60.1
ST10,30.74,76.78,2026-08-28 15:20:00,29.0,1012.1,48.5
ST10,30.74,76.78,2026-08-28 15:30:00,32.0,1014.0,46.2
ST10,30.74,76.78,2026-08-28 15:40:00,36.4,1008.1,60.4
ST10,30.74,76.78,2026-08-28 15:50:00,37.3,1010.1,49.4
ST10,30.74,76.78,2026-08-28 16:00:00,30.6,1011.1,70.8
ST10,30.74,76.78,2026-08-28 16:10:00,28.9,1009.0,52.4
ST10,30.74,76.78,2026-08-28 16:20:00,27.7,1008.3,60.4
ST10,30.74,76.78,2026-08-28 16:30:00,26.5,1008.5,70.0
ST10,30.74,76.78,2026-08-28 16:40:00,27.0,1010.2,58.7
ST10,30.74,76.78,2026-08-28 16:50:00,25.8,1006.9,62.7
ST10,30.74,76.78,2026-08-28 17:00:00,34.5,1008.8,64.2
ST10,30.74,76.78,2026-08-28 17:10:00,28.3,1011.8,59.2
ST10,30.74,76.78,2026-08-28 17:20:00,30.1,1010.2,58.3
ST10,30.74,76.78,2026-08-28 17:30:00,28.7,1003.7,57.3
ST10,30.74,76.78,2026-08-28 17:40:00,32.6,1007.7,62.4
ST10,30.74,76.78,2026-08-28 17:50:00,34.9,1006.9,60.7
ST10,30.74,76.78,2026-08-28 18:00:00,32.3,1011.2,63.2
ST10,30.74,76.78,2026-08-28 18:10:00,29.1,1009.2,63.6
ST10,30.74,76.78,2026-08-28 18:20:00,15.0,950.0,99.0
ST10,30.74,76.78,2026-08-28 18:30:00,34.5,1008.2,53.9
ST10,30.74,76.78,2026-08-28 18:40:00,29.1,1003.4,50.3
ST10,30.74,76.78,2026-08-28 18:50:00,29.6,1009.8,61.1
ST10,30.74,76.78,2026-08-28 19:00:00,29.8,1013.1,60.3
ST10,30.74,76.78,2026-08-28 19:10:00,29.7,1009.2,55.4
ST10,30.74,76.78,2026-08-28 19:20:00,31.6,1008.1,71.3
ST10,30.74,76.78,2026-08-28 19:30:00,30.4,1007.0,62.7
ST10,30.74,76.78,2026-08-28 19:40:00,30.2,1004.7,48.3
ST10,30.74,76.78,2026-08-28 19:50:00,31.1,1010.6,56.9
ST10,30.74,76.78,2026-08-28 20:00:00,30.1,1009.9,52.2
ST10,30.74,76.78,2026-08-28 20:10:00,27.1,1005.9,71.1
ST10,30.74,76.78,2026-08-28 20:20:00,29.7,1011.7,51.7
ST10,30.74,76.78,2026-08-28 20:30:00,29.4,1012.6,55.9
ST10,30.74,76.78,2026-08-28 20:40:00,30.3,1007.1,64.1
ST10,30.74,76.78,2026-08-28 20:50:00,26.7,1009.0,60.9
ST10,30.74,76.78,2026-08-28 21:00:00,31.8,1010.6,59.4
ST10,30.74,76.78,2026-08-28 21:10:00,26.1,1009.5,75.1
ST10,30.74,76.78,2026-08-28 21:20:00,31.9,1010.9,53.3
ST10,30.74,76.78,2026-08-28 21:30:00,26.9,1008.9,63.6
ST10,30.74,76.78,2026-08-28 21:40:00,30.3,1006.3,65.6
ST10,30.74,76.78,2026-08-28 21:50:00,28.5,1016.3,63.7
ST10,30.74,76.78,2026-08-28 22:00:00,29.8,1009.7,64.7
ST10,30.74,76.78,2026-08-28 22:10:00,35.0,1010.3,46.0
ST10,30.74,76.78,2026-08-28 22:20:00,26.1,1010.9,39.9
ST10,30.74,76.78,2026-08-28 22:30:00,30.5,1009.7,57.7
ST10,30.74,76.78,2026-08-28 22:40:00,37.9,1011.5,57.9
ST10,30.74,76.78,2026-08-28 22:50:00,28.6,1009.3,62.4
ST10,30.74,76.78,2026-08-28 23:00:00,29.2,1013.5,74.6
ST10,30.74,76.78,2026-08-28 23:10:00,30.5,1008.9,41.6
ST10,30.74,76.78,2026-08-28 23:20:00,36.9,1013.3,58.2
ST10,30.74,76.78,2026-08-28 23:30:00,33.8,1007.5,61.8
ST10,30.74,76.78,2026-08-28 23:40:00,24.1,1007.6,65.5
ST10,30.74,76.78,2026-08-28 23:50:00,30.6,1009.2,50.0
ST10,30.74,76.78,2026-08-29 00:00:00,30.3,1006.7,62.1
ST10,30.74,76.78,2026-08-29 00:10:00,33.2,1005.0,55.2
ST10,30.74,76.78,2026-08-29 00:20:00,29.9,1010.5,60.3
ST10,30.74,76.78,2026-08-29 00:30:00,33.6,1009.6,58.1
ST10,30.74,76.78,2026-08-29 00:40:00,27.4,1010.6,66.6
ST10,30.74,76.78,2026-08-29 00:50:00,29.1,1014.3,44.8
ST10,30.74,76.78,2026-08-29 01:00:00,27.1,1011.1,55.3
ST10,30.74,76.78,2026-08-29 01:10:00,27.2,1003.6,48.1
ST10,30.74,76.78,2026-08-29 01:20:00,32.0,1018.8,55.6
ST10,30.74,76.78,2026-08-29 01:30:00,27.7,1008.3,52.6
ST10,30.74,76.78,2026-08-29 01:40:00,30.8,1011.8,56.2
ST10,30.74,76.78,2026-08-29 01:50:00,27.7,1004.6,48.9
ST10,30.74,76.78,2026-08-29 02:00:00,24.6,1009.1,55.9
ST10,30.74,76.78,2026-08-29 02:10:00,28.6,1013.7,69.9
ST10,30.74,76.78,2026-08-29 02:20:00,29.4,1008.3,45.6
ST10,30.74,76.78,2026-08-29 02:30:00,28.7,1007.9,54.7
ST10,30.74,76.78,2026-08-29 02:40:00,28.6,1008.1,56.9
ST10,30.74,76.78,2026-08-29 02:50:00,30.7,1007.3,62.9
ST10,30.74,76.78,2026-08-29 03:00:00,33.4,1005.1,52.2
ST10,30.74,76.78,2026-08-29 03:10:00,31.1,1011.0,53.5
ST10,30.74,76.78,2026-08-29 03:20:00,24.2,1012.0,71.1
ST10,30.74,76.78,2026-08-29 03:30:00,26.4,1015.0,48.2
ST10,30.74,76.78,2026-08-29 03:40:00,28.3,1003.2,53.3
ST10,30.74,76.78,2026-08-29 03:50:00,29.3,1012.1,58.2
ST10,30.74,76.78,2026-08-29 04:00:00,26.7,1011.4,47.8
ST10,30.74,76.78,2026-08-29 04:10:00,32.7,1013.2,47.4
ST10,30.74,76.78,2026-08-29 04:20:00,30.3,1009.8,68.7
ST10,30.74,76.78,2026-08-29 04:30:00,23.9,1013.2,58.8
ST10,30.74,76.78,2026-08-29 04:40:00,28.0,1009.5,56.9
ST10,30.74,76.78,2026-08-29 04:50:00,22.9,1007.3,73.4
ST10,30.74,76.78,2026-08-29 05:00:00,31.5,1013.8,59.3
ST10,30.74,76.78,2026-08-29 05:10:00,31.2,1007.3,58.1
ST10,30.74,76.78,2026-08-29 05:20:00,32.2,1011.9,45.0
ST10,30.74,76.78,2026-08-29 05:30:00,27.4,1010.5,70.0
ST10,30.74,76.78,2026-08-29 05:40:00,31.8,1004.7,60.7
ST10,30.74,76.78,2026-08-29 05:50:00,28.0,1010.5,65.4
ST10,30.74,76.78,2026-08-29 06:00:00,33.1,1007.1,63.2
ST10,30.74,76.78,2026-08-29 06:10:00,28.2,1003.1,60.8
ST10,30.74,76.78,2026-08-29 06:20:00,34.4,1013.7,63.5
ST10,30.74,76.78,2026-08-29 06:30:00,26.2,1016.7,70.0
ST10,30.74,76.78,2026-08-29 06:40:00,26.9,1010.0,66.2
ST10,30.74,76.78,2026-08-29 06:50:00,26.3,1012.5,63.9
ST10,30.74,76.78,2026-08-29 07:00:00,28.7,1005.0,69.3
ST10,30.74,76.78,2026-08-29 07:10:00,26.5,1010.1,61.1
ST10,30.74,76.78,2026-08-29 07:20:00,28.4,1011.6,66.5
ST10,30.74,76.78,2026-08-29 07:30:00,32.3,1011.8,59.0
ST10,30.74,76.78,2026-08-29 07:40:00,29.1,1007.6,76.4
ST10,30.74,76.78,2026-08-29 07:50:00,35.5,1005.9,60.3
ST10,30.74,76.78,2026-08-29 08:00:00,33.6,1012.6,61.0
ST10,30.74,76.78,2026-08-29 08:10:00,33.3,1008.2,62.7
ST10,30.74,76.78,2026-08-29 08:20:00,32.6,1012.1,60.0
ST10,30.74,76.78,2026-08-29 08:30:00,24.8,1008.1,63.6
ST10,30.74,76.78,2026-08-29 08:40:00,34.3,1010.7,65.0
ST10,30.74,76.78,2026-08-29 08:50:00,31.4,1014.9,52.0
ST10,30.74,76.78,2026-08-29 09:00:00,35.2,1014.8,63.1
ST10,30.74,76.78,2026-08-29 09:10:00,28.8,1010.1,53.6
