station_id,timestamp,attribution,flagged_by_rule,flagged_by_physics,flagged_by_neighbor,flagged_by_ml,flagged_by_temporal,confidence_%,trust_state,alert_priority,corrected_value,ml_explanation
ST03,2026-08-28 23:20:00,Sensor fault,True,True,True,True,False,100.0,QUARANTINE,CRITICAL - send immediately,"26.4°C to 30.3°C (estimated, not confirmed)","{'available': True, 'model': 'Isolation Forest', 'top_features': [{'feature': 'temperature', 'display_name': 'Temperature', 'contribution': -1.5742, 'abs_contribution': 1.5742, 'importance': 'HIGH', 'direction': 'anomalous'}, {'feature': 'temperature_deviation', 'display_name': 'Temperature Deviation', 'contribution': -1.3558, 'abs_contribution': 1.3558, 'importance': 'HIGH', 'direction': 'anomalous'}, {'feature': 'dew_point', 'display_name': 'Dew Point', 'contribution': -1.2812, 'abs_contribution': 1.2812, 'importance': 'MEDIUM', 'direction': 'anomalous'}, {'feature': 'temp_humidity_ratio', 'display_name': 'Temp Humidity Ratio', 'contribution': -1.2199, 'abs_contribution': 1.2199, 'importance': 'MEDIUM', 'direction': 'anomalous'}, {'feature': 'temperature_zscore', 'display_name': 'Temperature Zscore', 'contribution': -0.7184, 'abs_contribution': 0.7184, 'importance': 'MEDIUM', 'direction': 'anomalous'}, {'feature': 'temperature_rate_of_change', 'display_name': 'Temperature Rate Of Change', 'contribution': -0.6465, 'abs_contribution': 0.6465, 'importance': 'MEDIUM', 'direction': 'anomalous'}, {'feature': 'humidity_rate_of_change', 'display_name': 'Humidity Rate Of Change', 'contribution': 0.1221, 'abs_contribution': 0.1221, 'importance': 'LOW', 'direction': 'normal'}, {'feature': 'pressure', 'display_name': 'Pressure', 'contribution': 0.1116, 'abs_contribution': 0.1116, 'importance': 'LOW', 'direction': 'normal'}, {'feature': 'pressure_zscore', 'display_name': 'Pressure Zscore', 'contribution': 0.1053, 'abs_contribution': 0.1053, 'importance': 'LOW', 'direction': 'normal'}, {'feature': 'pressure_deviation', 'display_name': 'Pressure Deviation', 'contribution': 0.0802, 'abs_contribution': 0.0802, 'importance': 'LOW', 'direction': 'normal'}, {'feature': 'humidity_zscore', 'display_name': 'Humidity Zscore', 'contribution': 0.0726, 'abs_contribution': 0.0726, 'importance': 'LOW', 'direction': 'normal'}, {'feature': 'humidity_deviation', 'display_name': 'Humidity Deviation', 'contribution': 0.0648, 'abs_contribution': 0.0648, 'importance': 'LOW', 'direction': 'normal'}, {'feature': 'humidity', 'display_name': 'Humidity', 'contribution': 0.0614, 'abs_contribution': 0.0614, 'importance': 'LOW', 'direction': 'normal'}, {'feature': 'pressure_rate_of_change', 'display_name': 'Pressure Rate Of Change', 'contribution': 0.0605, 'abs_contribution': 0.0605, 'importance': 'LOW', 'direction': 'normal'}], 'summary': 'Temperature had the strongest contribution to the Isolation Forest decision.'}"
ST04,2026-08-28 17:30:00,Silent station,True,False,True,False,False,100.0,REJECT,CRITICAL - send immediately,"25.4°C to 27.4°C (estimated, not confirmed)",
ST07,2026-08-28 20:00:00,Sensor fault,True,True,False,True,False,100.0,QUARANTINE,CRITICAL - send immediately,,"{'available': True, 'model': 'Isolation Forest', 'top_features': [{'feature': 'temperature', 'display_name': 'Temperature', 'contribution': -1.5809, 'abs_contribution': 1.5809, 'importance': 'HIGH', 'direction': 'anomalous'}, {'feature': 'dew_point', 'display_name': 'Dew Point', 'contribution': -1.4504, 'abs_contribution': 1.4504, 'importance': 'HIGH', 'direction': 'anomalous'}, {'feature': 'temperature_deviation', 'display_name': 'Temperature Deviation', 'contribution': -1.4016, 'abs_contribution': 1.4016, 'importance': 'MEDIUM', 'direction': 'anomalous'}, {'feature': 'temp_humidity_ratio', 'display_name': 'Temp Humidity Ratio', 'contribution': -1.2296, 'abs_contribution': 1.2296, 'importance': 'MEDIUM', 'direction': 'anomalous'}, {'feature': 'temperature_zscore', 'display_name': 'Temperature Zscore', 'contribution': -1.0269, 'abs_contribution': 1.0269, 'importance': 'MEDIUM', 'direction': 'anomalous'}, {'feature': 'temperature_rate_of_change', 'display_name': 'Temperature Rate Of Change', 'contribution': -0.7354, 'abs_contribution': 0.7354, 'importance': 'MEDIUM', 'direction': 'anomalous'}, {'feature': 'humidity_rate_of_change', 'display_name': 'Humidity Rate Of Change', 'contribution': 0.1042, 'abs_contribution': 0.1042, 'importance': 'LOW', 'direction': 'normal'}, {'feature': 'humidity_zscore', 'display_name': 'Humidity Zscore', 'contribution': 0.0831, 'abs_contribution': 0.0831, 'importance': 'LOW', 'direction': 'normal'}, {'feature': 'pressure_deviation', 'display_name': 'Pressure Deviation', 'contribution': 0.0743, 'abs_contribution': 0.0743, 'importance': 'LOW', 'direction': 'normal'}, {'feature': 'humidity_deviation', 'display_name': 'Humidity Deviation', 'contribution': 0.0663, 'abs_contribution': 0.0663, 'importance': 'LOW', 'direction': 'normal'}, {'feature': 'humidity', 'display_name': 'Humidity', 'contribution': 0.0619, 'abs_contribution': 0.0619, 'importance': 'LOW', 'direction': 'normal'}, {'feature': 'pressure_rate_of_change', 'display_name': 'Pressure Rate Of Change', 'contribution': 0.0506, 'abs_contribution': 0.0506, 'importance': 'LOW', 'direction': 'normal'}, {'feature': 'pressure', 'display_name': 'Pressure', 'contribution': 0.0472, 'abs_contribution': 0.0472, 'importance': 'LOW', 'direction': 'normal'}, {'feature': 'pressure_zscore', 'display_name': 'Pressure Zscore', 'contribution': 0.0353, 'abs_contribution': 0.0353, 'importance': 'LOW', 'direction': 'normal'}], 'summary': 'Temperature had the strongest contribution to the Isolation Forest decision.'}"
ST10,2026-08-28 18:20:00,Sensor fault,True,True,True,True,False,100.0,QUARANTINE,CRITICAL - send immediately,"26.7°C to 28.5°C (estimated, not confirmed)","{'available': True, 'model': 'Isolation Forest', 'top_features': [{'feature': 'pressure_zscore', 'display_name': 'Pressure Zscore', 'contribution': -0.8976, 'abs_contribution': 0.8976, 'importance': 'MEDIUM', 'direction': 'anomalous'}, {'feature': 'humidity', 'display_name': 'Humidity', 'contribution': -0.7723, 'abs_contribution': 0.7723, 'importance': 'MEDIUM', 'direction': 'anomalous'}, {'feature': 'temperature_deviation', 'display_name': 'Temperature Deviation', 'contribution': -0.7432, 'abs_contribution': 0.7432, 'importance': 'MEDIUM', 'direction': 'anomalous'}, {'feature': 'humidity_zscore', 'display_name': 'Humidity Zscore', 'contribution': -0.7033, 'abs_contribution': 0.7033, 'importance': 'MEDIUM', 'direction': 'anomalous'}, {'feature': 'humidity_deviation', 'display_name': 'Humidity Deviation', 'contribution': -0.6943, 'abs_contribution': 0.6943, 'importance': 'MEDIUM', 'direction': 'anomalous'}, {'feature': 'pressure_deviation', 'display_name': 'Pressure Deviation', 'contribution': -0.6786, 'abs_contribution': 0.6786, 'importance': 'MEDIUM', 'direction': 'anomalous'}, {'feature': 'pressure', 'display_name': 'Pressure', 'contribution': -0.624, 'abs_contribution': 0.624, 'importance': 'MEDIUM', 'direction': 'anomalous'}, {'feature': 'pressure_rate_of_change', 'display_name': 'Pressure Rate Of Change', 'contribution': -0.6006, 'abs_contribution': 0.6006, 'importance': 'MEDIUM', 'direction': 'anomalous'}, {'feature': 'temperature_zscore', 'display_name': 'Temperature Zscore', 'contribution': -0.5865, 'abs_contribution': 0.5865, 'importance': 'MEDIUM', 'direction': 'anomalous'}, {'feature': 'temp_humidity_ratio', 'display_name': 'Temp Humidity Ratio', 'contribution': -0.5804, 'abs_contribution': 0.5804, 'importance': 'MEDIUM', 'direction': 'anomalous'}, {'feature': 'temperature_rate_of_change', 'display_name': 'Temperature Rate Of Change', 'contribution': -0.5803, 'abs_contribution': 0.5803, 'importance': 'MEDIUM', 'direction': 'anomalous'}, {'feature': 'humidity_rate_of_change', 'display_name': 'Humidity Rate Of Change', 'contribution': -0.5561, 'abs_contribution': 0.5561, 'importance': 'MEDIUM', 'direction': 'anomalous'}, {'feature': 'temperature', 'display_name': 'Temperature', 'contribution': -0.3002, 'abs_contribution': 0.3002, 'importance': 'LOW', 'direction': 'anomalous'}, {'feature': 'dew_point', 'display_name': 'Dew Point', 'contribution': -0.0873, 'abs_contribution': 0.0873, 'importance': 'LOW', 'direction': 'anomalous'}], 'summary': 'Pressure Zscore had the strongest contribution to the Isolation Forest decision.'}"
ST03,2026-08-28 23:40:00,Sensor fault,True,True,False,True,False,96.5,QUARANTINE,CRITICAL - send immediately,,"{'available': True, 'model': 'Isolation Forest', 'top_features': [{'feature': 'temperature', 'display_name': 'Temperature', 'contribution': -1.5783, 'abs_contribution': 1.5783, 'importance': 'HIGH', 'direction': 'anomalous'}, {'feature': 'temperature_deviation', 'display_name': 'Temperature Deviation', 'contribution': -1.3289, 'abs_contribution': 1.3289, 'importance': 'HIGH', 'direction': 'anomalous'}, {'feature': 'dew_point', 'display_name': 'Dew Point', 'contribution': -1.3244, 'abs_contribution': 1.3244, 'importance': 'HIGH', 'direction': 'anomalous'}, {'feature': 'temp_humidity_ratio', 'display_name': 'Temp Humidity Ratio', 'contribution': -1.2871, 'abs_contribution': 1.2871, 'importance': 'HIGH', 'direction': 'anomalous'}, {'feature': 'temperature_zscore', 'display_name': 'Temperature Zscore', 'contribution': -0.6843, 'abs_contribution': 0.6843, 'importance': 'MEDIUM', 'direction': 'anomalous'}, {'feature': 'humidity_rate_of_change', 'display_name': 'Humidity Rate Of Change', 'contribution': 0.1266, 'abs_contribution': 0.1266, 'importance': 'LOW', 'direction': 'normal'}, {'feature': 'pressure_deviation', 'display_name': 'Pressure Deviation', 'contribution': -0.0938, 'abs_contribution': 0.0938, 'importance': 'LOW', 'direction': 'anomalous'}, {'feature': 'pressure_rate_of_change', 'display_name': 'Pressure Rate Of Change', 'contribution': 0.0882, 'abs_contribution': 0.0882, 'importance': 'LOW', 'direction': 'normal'}, {'feature': 'humidity_zscore', 'display_name': 'Humidity Zscore', 'contribution': 0.0816, 'abs_contribution': 0.0816, 'importance': 'LOW', 'direction': 'normal'}, {'feature': 'temperature_rate_of_change', 'display_name': 'Temperature Rate Of Change', 'contribution': 0.0669, 'abs_contribution': 0.0669, 'importance': 'LOW', 'direction': 'normal'}, {'feature': 'humidity', 'display_name': 'Humidity', 'contribution': 0.0599, 'abs_contribution': 0.0599, 'importance': 'LOW', 'direction': 'normal'}, {'feature': 'pressure_zscore', 'display_name': 'Pressure Zscore', 'contribution': -0.0553, 'abs_contribution': 0.0553, 'importance': 'LOW', 'direction': 'anomalous'}, {'feature': 'humidity_deviation', 'display_name': 'Humidity Deviation', 'contribution': 0.0527, 'abs_contribution': 0.0527, 'importance': 'LOW', 'direction': 'normal'}, {'feature': 'pressure', 'display_name': 'Pressure', 'contribution': -0.0418, 'abs_contribution': 0.0418, 'importance': 'LOW', 'direction': 'anomalous'}], 'summary': 'Temperature had the strongest contribution to the Isolation Forest decision.'}"
ST03,2026-08-29 00:00:00,Sensor fault,True,True,False,True,False,96.4,QUARANTINE,CRITICAL - send immediately,,"{'available': True, 'model': 'Isolation Forest', 'top_features': [{'feature': 'temperature', 'display_name': 'Temperature', 'contribution': -1.6967, 'abs_contribution': 1.6967, 'importance': 'HIGH', 'direction': 'anomalous'}, {'feature': 'dew_point', 'display_name': 'Dew Point', 'contribution': -1.3672, 'abs_contribution': 1.3672, 'importance': 'HIGH', 'direction': 'anomalous'}, {'feature': 'temperature_deviation', 'display_name': 'Temperature Deviation', 'contribution': -1.2549, 'abs_contribution': 1.2549, 'importance': 'HIGH', 'direction': 'anomalous'}, {'feature': 'temp_humidity_ratio', 'display_name': 'Temp Humidity Ratio', 'contribution': -1.2383, 'abs_contribution': 1.2383, 'importance': 'HIGH', 'direction': 'anomalous'}, {'feature': 'temperature_zscore', 'display_name': 'Temperature Zscore', 'contribution': -0.7306, 'abs_contribution': 0.7306, 'importance': 'MEDIUM', 'direction': 'anomalous'}, {'feature': 'pressure', 'display_name': 'Pressure', 'contribution': 0.1027, 'abs_contribution': 0.1027, 'importance': 'LOW', 'direction': 'normal'}, {'feature': 'humidity_rate_of_change', 'display_name': 'Humidity Rate Of Change', 'contribution': -0.0814, 'abs_contribution': 0.0814, 'importance': 'LOW', 'direction': 'anomalous'}, {'feature': 'temperature_rate_of_change', 'display_name': 'Temperature Rate Of Change', 'contribution': 0.07, 'abs_contribution': 0.07, 'importance': 'LOW', 'direction': 'normal'}, {'feature': 'pressure_deviation', 'display_name': 'Pressure Deviation', 'contribution': 0.0689, 'abs_contribution': 0.0689, 'importance': 'LOW', 'direction': 'normal'}, {'feature': 'humidity_zscore', 'display_name': 'Humidity Zscore', 'contribution': 0.059, 'abs_contribution': 0.059, 'importance': 'LOW', 'direction': 'normal'}, {'feature': 'pressure_zscore', 'display_name': 'Pressure Zscore', 'contribution': 0.0584, 'abs_contribution': 0.0584, 'importance': 'LOW', 'direction': 'normal'}, {'feature': 'humidity', 'display_name': 'Humidity', 'contribution': 0.0512, 'abs_contribution': 0.0512, 'importance': 'LOW', 'direction': 'normal'}, {'feature': 'pressure_rate_of_change', 'display_name': 'Pressure Rate Of Change', 'contribution': 0.0385, 'abs_contribution': 0.0385, 'importance': 'LOW', 'direction': 'normal'}, {'feature': 'humidity_deviation', 'display_name': 'Humidity Deviation', 'contribution': 0.0194, 'abs_contribution': 0.0194, 'importance': 'LOW', 'direction': 'normal'}], 'summary': 'Temperature had the strongest contribution to the Isolation Forest decision.'}"
ST03,2026-08-28 23:30:00,Sensor fault,True,True,False,True,False,96.1,QUARANTINE,CRITICAL - send immediately,,"{'available': True, 'model': 'Isolation Forest', 'top_features': [{'feature': 'temperature', 'display_name': 'Temperature', 'contribution': -1.6045, 'abs_contribution': 1.6045, 'importance': 'HIGH', 'direction': 'anomalous'}, {'feature': 'temperature_deviation', 'display_name': 'Temperature Deviation', 'contribution': -1.3502, 'abs_contribution': 1.3502, 'importance': 'HIGH', 'direction': 'anomalous'}, {'feature': 'dew_point', 'display_name': 'Dew Point', 'contribution': -1.3022, 'abs_contribution': 1.3022, 'importance': 'HIGH', 'direction': 'anomalous'}, {'feature': 'temp_humidity_ratio', 'display_name': 'Temp Humidity Ratio', 'contribution': -1.2736, 'abs_contribution': 1.2736, 'importance': 'HIGH', 'direction': 'anomalous'}, {'feature': 'temperature_zscore', 'display_name': 'Temperature Zscore', 'contribution': -0.7383, 'abs_contribution': 0.7383, 'importance': 'MEDIUM', 'direction': 'anomalous'}, {'feature': 'humidity_rate_of_change', 'display_name': 'Humidity Rate Of Change', 'contribution': 0.1209, 'abs_contribution': 0.1209, 'importance': 'LOW', 'direction': 'normal'}, {'feature': 'humidity_zscore', 'display_name': 'Humidity Zscore', 'contribution': 0.0912, 'abs_contribution': 0.0912, 'importance': 'LOW', 'direction': 'normal'}, {'feature': 'temperature_rate_of_change', 'display_name': 'Temperature Rate Of Change', 'contribution': 0.0671, 'abs_contribution': 0.0671, 'importance': 'LOW', 'direction': 'normal'}, {'feature': 'humidity_deviation', 'display_name': 'Humidity Deviation', 'contribution': 0.0609, 'abs_contribution': 0.0609, 'importance': 'LOW', 'direction': 'normal'}, {'feature': 'humidity', 'display_name': 'Humidity', 'contribution': 0.0577, 'abs_contribution': 0.0577, 'importance': 'LOW', 'direction': 'normal'}, {'feature': 'pressure_deviation', 'display_name': 'Pressure Deviation', 'contribution': -0.0576, 'abs_contribution': 0.0576, 'importance': 'LOW', 'direction': 'anomalous'}, {'feature': 'pressure_rate_of_change', 'display_name': 'Pressure Rate Of Change', 'contribution': 0.041, 'abs_contribution': 0.041, 'importance': 'LOW', 'direction': 'normal'}, {'feature': 'pressure', 'display_name': 'Pressure', 'contribution': 0.0193, 'abs_contribution': 0.0193, 'importance': 'LOW', 'direction': 'normal'}, {'feature': 'pressure_zscore', 'display_name': 'Pressure Zscore', 'contribution': 0.006, 'abs_contribution': 0.006, 'importance': 'LOW', 'direction': 'normal'}], 'summary': 'Temperature had the strongest contribution to the Isolation Forest decision.'}"
ST05,2026-08-28 06:40:00,Sensor fault,True,True,True,True,False,94.7,QUARANTINE,CRITICAL - send immediately,"1008.1hPa to 1010.1hPa (estimated, not confirmed)","{'available': True, 'model': 'Isolation Forest', 'top_features': [{'feature': 'pressure_zscore', 'display_name': 'Pressure Zscore', 'contribution': -1.5639, 'abs_contribution': 1.5639, 'importance': 'HIGH', 'direction': 'anomalous'}, {'feature': 'pressure_deviation', 'display_name': 'Pressure Deviation', 'contribution': -1.1788, 'abs_contribution': 1.1788, 'importance': 'HIGH', 'direction': 'anomalous'}, {'feature': 'pressure', 'display_name': 'Pressure', 'contribution': -1.0604, 'abs_contribution': 1.0604, 'importance': 'MEDIUM', 'direction': 'anomalous'}, {'feature': 'pressure_rate_of_change', 'display_name': 'Pressure Rate Of Change', 'contribution': -1.0375, 'abs_contribution': 1.0375, 'importance': 'MEDIUM', 'direction': 'anomalous'}, {'feature': 'temperature_rate_of_change', 'display_name': 'Temperature Rate Of Change', 'contribution': -0.3137, 'abs_contribution': 0.3137, 'importance': 'LOW', 'direction': 'anomalous'}, {'feature': 'humidity_rate_of_change', 'display_name': 'Humidity Rate Of Change', 'contribution': -0.2296, 'abs_contribution': 0.2296, 'importance': 'LOW', 'direction': 'anomalous'}, {'feature': 'humidity_deviation', 'display_name': 'Humidity Deviation', 'contribution': -0.1426, 'abs_contribution': 0.1426, 'importance': 'LOW', 'direction': 'anomalous'}, {'feature': 'temp_humidity_ratio', 'display_name': 'Temp Humidity Ratio', 'contribution': 0.0991, 'abs_contribution': 0.0991, 'importance': 'LOW', 'direction': 'normal'}, {'feature': 'temperature_deviation', 'display_name': 'Temperature Deviation', 'contribution': 0.0952, 'abs_contribution': 0.0952, 'importance': 'LOW', 'direction': 'normal'}, {'feature': 'humidity_zscore', 'display_name': 'Humidity Zscore', 'contribution': -0.0789, 'abs_contribution': 0.0789, 'importance': 'LOW', 'direction': 'anomalous'}, {'feature': 'temperature_zscore', 'display_name': 'Temperature Zscore', 'contribution': 0.0624, 'abs_contribution': 0.0624, 'importance': 'LOW', 'direction': 'normal'}, {'feature': 'temperature', 'display_name': 'Temperature', 'contribution': 0.0552, 'abs_contribution': 0.0552, 'importance': 'LOW', 'direction': 'normal'}, {'feature': 'dew_point', 'display_name': 'Dew Point', 'contribution': 0.033, 'abs_contribution': 0.033, 'importance': 'LOW', 'direction': 'normal'}, {'feature': 'humidity', 'display_name': 'Humidity', 'contribution': -0.0113, 'abs_contribution': 0.0113, 'importance': 'LOW', 'direction': 'anomalous'}], 'summary': 'Pressure Zscore had the strongest contribution to the Isolation Forest decision.'}"
ST03,2026-08-29 00:20:00,Sensor fault,True,False,False,True,False,91.0,QUARANTINE,CRITICAL - send immediately,,"{'available': True, 'model': 'Isolation Forest', 'top_features': [{'feature': 'temperature', 'display_name': 'Temperature', 'contribution': -1.5813, 'abs_contribution': 1.5813, 'importance': 'HIGH', 'direction': 'anomalous'}, {'feature': 'dew_point', 'display_name': 'Dew Point', 'contribution': -1.3631, 'abs_contribution': 1.3631, 'importance': 'HIGH', 'direction': 'anomalous'}, {'feature': 'temp_humidity_ratio', 'display_name': 'Temp Humidity Ratio', 'contribution': -1.3522, 'abs_contribution': 1.3522, 'importance': 'HIGH', 'direction': 'anomalous'}, {'feature': 'temperature_deviation', 'display_name': 'Temperature Deviation', 'contribution': -1.1208, 'abs_contribution': 1.1208, 'importance': 'MEDIUM', 'direction': 'anomalous'}, {'feature': 'temperature_zscore', 'display_name': 'Temperature Zscore', 'contribution': -0.6578, 'abs_contribution': 0.6578, 'importance': 'MEDIUM', 'direction': 'anomalous'}, {'feature': 'pressure_zscore', 'display_name': 'Pressure Zscore', 'contribution': -0.1348, 'abs_contribution': 0.1348, 'importance': 'LOW', 'direction': 'anomalous'}, {'feature': 'pressure', 'display_name': 'Pressure', 'contribution': -0.1009, 'abs_contribution': 0.1009, 'importance': 'LOW', 'direction': 'anomalous'}, {'feature': 'humidity_rate_of_change', 'display_name': 'Humidity Rate Of Change', 'contribution': -0.0896, 'abs_contribution': 0.0896, 'importance': 'LOW', 'direction': 'anomalous'}, {'feature': 'humidity_zscore', 'display_name': 'Humidity Zscore', 'contribution': 0.0812, 'abs_contribution': 0.0812, 'importance': 'LOW', 'direction': 'normal'}, {'feature': 'temperature_rate_of_change', 'display_name': 'Temperature Rate Of Change', 'contribution': 0.0794, 'abs_contribution': 0.0794, 'importance': 'LOW', 'direction': 'normal'}, {'feature': 'pressure_rate_of_change', 'display_name': 'Pressure Rate Of Change', 'contribution': -0.0573, 'abs_contribution': 0.0573, 'importance': 'LOW', 'direction': 'anomalous'}, {'feature': 'humidity', 'display_name': 'Humidity', 'contribution': 0.0512, 'abs_contribution': 0.0512, 'importance': 'LOW', 'direction': 'normal'}, {'feature': 'humidity_deviation', 'display_name': 'Humidity Deviation', 'contribution': 0.0464, 'abs_contribution': 0.0464, 'importance': 'LOW', 'direction': 'normal'}, {'feature': 'pressure_deviation', 'display_name': 'Pressure Deviation', 'contribution': -0.0297, 'abs_contribution': 0.0297, 'importance': 'LOW', 'direction': 'anomalous'}], 'summary': 'Temperature had the strongest contribution to the Isolation Forest decision.'}"
ST03,2026-08-28 23:50:00,Sensor fault,True,False,False,True,False,89.8,QUARANTINE,CRITICAL - send immediately,,"{'available': True, 'model': 'Isolation Forest', 'top_features': [{'feature': 'temperature', 'display_name': 'Temperature', 'contribution': -1.5396, 'abs_contribution': 1.5396, 'importance': 'HIGH', 'direction': 'anomalous'}, {'feature': 'dew_point', 'display_name': 'Dew Point', 'contribution': -1.374, 'abs_contribution': 1.374, 'importance': 'HIGH', 'direction': 'anomalous'}, {'feature': 'temperature_deviation', 'display_name': 'Temperature Deviation', 'contribution': -1.2215, 'abs_contribution': 1.2215, 'importance': 'HIGH', 'direction': 'anomalous'}, {'feature': 'temp_humidity_ratio', 'display_name': 'Temp Humidity Ratio', 'contribution': -0.7759, 'abs_contribution': 0.7759, 'importance': 'MEDIUM', 'direction': 'anomalous'}, {'feature': 'temperature_zscore', 'display_name': 'Temperature Zscore', 'contribution': -0.7204, 'abs_contribution': 0.7204, 'importance': 'MEDIUM', 'direction': 'anomalous'}, {'feature': 'humidity_zscore', 'display_name': 'Humidity Zscore', 'contribution': -0.3207, 'abs_contribution': 0.3207, 'importance': 'LOW', 'direction': 'anomalous'}, {'feature': 'humidity', 'display_name': 'Humidity', 'contribution': -0.2337, 'abs_contribution': 0.2337, 'importance': 'LOW', 'direction': 'anomalous'}, {'feature': 'humidity_deviation', 'display_name': 'Humidity Deviation', 'contribution': -0.1403, 'abs_contribution': 0.1403, 'importance': 'LOW', 'direction': 'anomalous'}, {'feature': 'pressure_deviation', 'display_name': 'Pressure Deviation', 'contribution': 0.0645, 'abs_contribution': 0.0645, 'importance': 'LOW', 'direction': 'normal'}, {'feature': 'pressure', 'display_name': 'Pressure', 'contribution': 0.0637, 'abs_contribution': 0.0637, 'importance': 'LOW', 'direction': 'normal'}, {'feature': 'temperature_rate_of_change', 'display_name': 'Temperature Rate Of Change', 'contribution': 0.0611, 'abs_contribution': 0.0611, 'importance': 'LOW', 'direction': 'normal'}, {'feature': 'humidity_rate_of_change', 'display_name': 'Humidity Rate Of Change', 'contribution': 0.0467, 'abs_contribution': 0.0467, 'importance': 'LOW', 'direction': 'normal'}, {'feature': 'pressure_zscore', 'display_name': 'Pressure Zscore', 'contribution': 0.0387, 'abs_contribution': 0.0387, 'importance': 'LOW', 'direction': 'normal'}, {'feature': 'pressure_rate_of_change', 'display_name': 'Pressure Rate Of Change', 'contribution': -0.0285, 'abs_contribution': 0.0285, 'importance': 'LOW', 'direction': 'anomalous'}], 'summary': 'Temperature had the strongest contribution to the Isolation Forest decision.'}"
ST03,2026-08-29 01:40:00,Sensor fault,True,False,False,True,False,88.5,QUARANTINE,CRITICAL - send immediately,,"{'available': True, 'model': 'Isolation Forest', 'top_features': [{'feature': 'temperature', 'display_name': 'Temperature', 'contribution': -1.4973, 'abs_contribution': 1.4973, 'importance': 'HIGH', 'direction': 'anomalous'}, {'feature': 'dew_point', 'display_name': 'Dew Point', 'contribution': -1.373, 'abs_contribution': 1.373, 'importance': 'HIGH', 'direction': 'anomalous'}, {'feature': 'temp_humidity_ratio', 'display_name': 'Temp Humidity Ratio', 'contribution': -0.7311, 'abs_contribution': 0.7311, 'importance': 'MEDIUM', 'direction': 'anomalous'}, {'feature': 'temperature_zscore', 'display_name': 'Temperature Zscore', 'contribution': -0.6964, 'abs_contribution': 0.6964, 'importance': 'MEDIUM', 'direction': 'anomalous'}, {'feature': 'temperature_deviation', 'display_name': 'Temperature Deviation', 'contribution': -0.6242, 'abs_contribution': 0.6242, 'importance': 'MEDIUM', 'direction': 'anomalous'}, {'feature': 'humidity_zscore', 'display_name': 'Humidity Zscore', 'contribution': -0.3142, 'abs_contribution': 0.3142, 'importance': 'LOW', 'direction': 'anomalous'}, {'feature': 'humidity', 'display_name': 'Humidity', 'contribution': -0.3131, 'abs_contribution': 0.3131, 'importance': 'LOW', 'direction': 'anomalous'}, {'feature': 'pressure_zscore', 'display_name': 'Pressure Zscore', 'contribution': -0.1874, 'abs_contribution': 0.1874, 'importance': 'LOW', 'direction': 'anomalous'}, {'feature': 'humidity_deviation', 'display_name': 'Humidity Deviation', 'contribution': -0.1691, 'abs_contribution': 0.1691, 'importance': 'LOW', 'direction': 'anomalous'}, {'feature': 'pressure', 'display_name': 'Pressure', 'contribution': -0.1443, 'abs_contribution': 0.1443, 'importance': 'LOW', 'direction': 'anomalous'}, {'feature': 'temperature_rate_of_change', 'display_name': 'Temperature Rate Of Change', 'contribution': 0.0791, 'abs_contribution': 0.0791, 'importance': 'LOW', 'direction': 'normal'}, {'feature': 'humidity_rate_of_change', 'display_name': 'Humidity Rate Of Change', 'contribution': 0.0778, 'abs_contribution': 0.0778, 'importance': 'LOW', 'direction': 'normal'}, {'feature': 'pressure_deviation', 'display_name': 'Pressure Deviation', 'contribution': -0.0534, 'abs_contribution': 0.0534, 'importance': 'LOW', 'direction': 'anomalous'}, {'feature': 'pressure_rate_of_change', 'display_name': 'Pressure Rate Of Change', 'contribution': 0.0325, 'abs_contribution': 0.0325, 'importance': 'LOW', 'direction': 'normal'}], 'summary': 'Temperature had the strongest contribution to the Isolation Forest decision.'}"
ST02,2026-08-28 05:30:00,Possible tampering,False,False,True,True,False,88.3,QUARANTINE,CRITICAL - send immediately,"25.3°C to 26.9°C (estimated, not confirmed)","{'available': True, 'model': 'Isolation Forest', 'top_features': [{'feature': 'temp_humidity_ratio', 'display_name': 'Temp Humidity Ratio', 'contribution': -0.9656, 'abs_contribution': 0.9656, 'importance': 'HIGH', 'direction': 'anomalous'}, {'feature': 'temperature', 'display_name': 'Temperature', 'contribution': -0.4796, 'abs_contribution': 0.4796, 'importance': 'MEDIUM', 'direction': 'anomalous'}, {'feature': 'humidity_rate_of_change', 'display_name': 'Humidity Rate Of Change', 'contribution': -0.4726, 'abs_contribution': 0.4726, 'importance': 'MEDIUM', 'direction': 'anomalous'}, {'feature': 'humidity_zscore', 'display_name': 'Humidity Zscore', 'contribution': -0.4134, 'abs_contribution': 0.4134, 'importance': 'MEDIUM', 'direction': 'anomalous'}, {'feature': 'pressure_zscore', 'display_name': 'Pressure Zscore', 'contribution': -0.3956, 'abs_contribution': 0.3956, 'importance': 'MEDIUM', 'direction': 'anomalous'}, {'feature': 'temperature_rate_of_change', 'display_name': 'Temperature Rate Of Change', 'contribution': -0.3855, 'abs_contribution': 0.3855, 'importance': 'MEDIUM', 'direction': 'anomalous'}, {'feature': 'pressure_deviation', 'display_name': 'Pressure Deviation', 'contribution': -0.3671, 'abs_contribution': 0.3671, 'importance': 'MEDIUM', 'direction': 'anomalous'}, {'feature': 'pressure', 'display_name': 'Pressure', 'contribution': -0.3078, 'abs_contribution': 0.3078, 'importance': 'MEDIUM', 'direction': 'anomalous'}, {'feature': 'humidity_deviation', 'display_name': 'Humidity Deviation', 'contribution': -0.3072, 'abs_contribution': 0.3072, 'importance': 'MEDIUM', 'direction': 'anomalous'}, {'feature': 'humidity', 'display_name': 'Humidity', 'contribution': -0.3025, 'abs_contribution': 0.3025, 'importance': 'LOW', 'direction': 'anomalous'}, {'feature': 'pressure_rate_of_change', 'display_name': 'Pressure Rate Of Change', 'contribution': -0.2729, 'abs_contribution': 0.2729, 'importance': 'LOW', 'direction': 'anomalous'}, {'feature': 'temperature_zscore', 'display_name': 'Temperature Zscore', 'contribution': -0.2138, 'abs_contribution': 0.2138, 'importance': 'LOW', 'direction': 'anomalous'}, {'feature': 'temperature_deviation', 'display_name': 'Temperature Deviation', 'contribution': -0.1988, 'abs_contribution': 0.1988, 'importance': 'LOW', 'direction': 'anomalous'}, {'feature': 'dew_point', 'display_name': 'Dew Point', 'contribution': -0.0082, 'abs_contribution': 0.0082, 'importance': 'LOW', 'direction': 'anomalous'}], 'summary': 'Temp Humidity Ratio had the strongest contribution to the Isolation Forest decision.'}"
ST08,2026-08-28 11:40:00,Sensor fault,True,False,True,True,False,88.1,QUARANTINE,CRITICAL - send immediately,"63.3% to 65.3% (estimated, not confirmed)","{'available': True, 'model': 'Isolation Forest', 'top_features': [{'feature': 'humidity_zscore', 'display_name': 'Humidity Zscore', 'contribution': -1.5775, 'abs_contribution': 1.5775, 'importance': 'HIGH', 'direction': 'anomalous'}, {'feature': 'humidity', 'display_name': 'Humidity', 'contribution': -1.1781, 'abs_contribution': 1.1781, 'importance': 'MEDIUM', 'direction': 'anomalous'}, {'feature': 'humidity_deviation', 'display_name': 'Humidity Deviation', 'contribution': -1.1528, 'abs_contribution': 1.1528, 'importance': 'MEDIUM', 'direction': 'anomalous'}, {'feature': 'humidity_rate_of_change', 'display_name': 'Humidity Rate Of Change', 'contribution': -0.9404, 'abs_contribution': 0.9404, 'importance': 'MEDIUM', 'direction': 'anomalous'}, {'feature': 'temp_humidity_ratio', 'display_name': 'Temp Humidity Ratio', 'contribution': -0.8707, 'abs_contribution': 0.8707, 'importance': 'MEDIUM', 'direction': 'anomalous'}, {'feature': 'dew_point', 'display_name': 'Dew Point', 'contribution': -0.33, 'abs_contribution': 0.33, 'importance': 'LOW', 'direction': 'anomalous'}, {'feature': 'pressure_rate_of_change', 'display_name': 'Pressure Rate Of Change', 'contribution': -0.2655, 'abs_contribution': 0.2655, 'importance': 'LOW', 'direction': 'anomalous'}, {'feature': 'temperature_zscore', 'display_name': 'Temperature Zscore', 'contribution': 0.0904, 'abs_contribution': 0.0904, 'importance': 'LOW', 'direction': 'normal'}, {'feature': 'pressure', 'display_name': 'Pressure', 'contribution': 0.0849, 'abs_contribution': 0.0849, 'importance': 'LOW', 'direction': 'normal'}, {'feature': 'temperature_rate_of_change', 'display_name': 'Temperature Rate Of Change', 'contribution': 0.0824, 'abs_contribution': 0.0824, 'importance': 'LOW', 'direction': 'normal'}, {'feature': 'temperature_deviation', 'display_name': 'Temperature Deviation', 'contribution': 0.0711, 'abs_contribution': 0.0711, 'importance': 'LOW', 'direction': 'normal'}, {'feature': 'temperature', 'display_name': 'Temperature', 'contribution': 0.0607, 'abs_contribution': 0.0607, 'importance': 'LOW', 'direction': 'normal'}, {'feature': 'pressure_deviation', 'display_name': 'Pressure Deviation', 'contribution': 0.0522, 'abs_contribution': 0.0522, 'importance': 'LOW', 'direction': 'normal'}, {'feature': 'pressure_zscore', 'display_name': 'Pressure Zscore', 'contribution': 0.0118, 'abs_contribution': 0.0118, 'importance': 'LOW', 'direction': 'normal'}], 'summary': 'Humidity Zscore had the strongest contribution to the Isolation Forest decision.'}"
ST03,2026-08-29 00:40:00,Sensor fault,True,False,False,True,False,88.0,QUARANTINE,CRITICAL - send immediately,,"{'available': True, 'model': 'Isolation Forest', 'top_features': [{'feature': 'temperature', 'display_name': 'Temperature', 'contribution': -1.6483, 'abs_contribution': 1.6483, 'importance': 'HIGH', 'direction': 'anomalous'}, {'feature': 'dew_point', 'display_name': 'Dew Point', 'contribution': -1.4064, 'abs_contribution': 1.4064, 'importance': 'HIGH', 'direction': 'anomalous'}, {'feature': 'temp_humidity_ratio', 'display_name': 'Temp Humidity Ratio', 'contribution': -1.3974, 'abs_contribution': 1.3974, 'importance': 'HIGH', 'direction': 'anomalous'}, {'feature': 'temperature_deviation', 'display_name': 'Temperature Deviation', 'contribution': -1.1464, 'abs_contribution': 1.1464, 'importance': 'MEDIUM', 'direction': 'anomalous'}, {'feature': 'temperature_zscore', 'display_name': 'Temperature Zscore', 'contribution': -0.7059, 'abs_contribution': 0.7059, 'importance': 'MEDIUM', 'direction': 'anomalous'}, {'feature': 'humidity_rate_of_change', 'display_name': 'Humidity Rate Of Change', 'contribution': -0.1206, 'abs_contribution': 0.1206, 'importance': 'LOW', 'direction': 'anomalous'}, {'feature': 'pressure', 'display_name': 'Pressure', 'contribution': 0.1128, 'abs_contribution': 0.1128, 'importance': 'LOW', 'direction': 'normal'}, {'feature': 'pressure_zscore', 'display_name': 'Pressure Zscore', 'contribution': 0.097, 'abs_contribution': 0.097, 'importance': 'LOW', 'direction': 'normal'}, {'feature': 'humidity_zscore', 'display_name': 'Humidity Zscore', 'contribution': 0.0933, 'abs_contribution': 0.0933, 'importance': 'LOW', 'direction': 'normal'}, {'feature': 'pressure_deviation', 'display_name': 'Pressure Deviation', 'contribution': 0.0909, 'abs_contribution': 0.0909, 'importance': 'LOW', 'direction': 'normal'}, {'feature': 'humidity', 'display_name': 'Humidity', 'contribution': 0.087, 'abs_contribution': 0.087, 'importance': 'LOW', 'direction': 'normal'}, {'feature': 'temperature_rate_of_change', 'display_name': 'Temperature Rate Of Change', 'contribution': 0.0783, 'abs_contribution': 0.0783, 'importance': 'LOW', 'direction': 'normal'}, {'feature': 'humidity_deviation', 'display_name': 'Humidity Deviation', 'contribution': 0.0295, 'abs_contribution': 0.0295, 'importance': 'LOW', 'direction': 'normal'}, {'feature': 'pressure_rate_of_change', 'display_name': 'Pressure Rate Of Change', 'contribution': -0.008, 'abs_contribution': 0.008, 'importance': 'LOW', 'direction': 'anomalous'}], 'summary': 'Temperature had the strongest contribution to the Isolation Forest decision.'}"
ST03,2026-08-29 00:10:00,Sensor fault,True,False,False,True,False,87.9,QUARANTINE,CRITICAL - send immediately,,"{'available': True, 'model': 'Isolation Forest', 'top_features': [{'feature': 'temperature', 'display_name': 'Temperature', 'contribution': -1.5583, 'abs_contribution': 1.5583, 'importance': 'HIGH', 'direction': 'anomalous'}, {'feature': 'dew_point', 'display_name': 'Dew Point', 'contribution': -1.3841, 'abs_contribution': 1.3841, 'importance': 'HIGH', 'direction': 'anomalous'}, {'feature': 'temperature_deviation', 'display_name': 'Temperature Deviation', 'contribution': -1.2363, 'abs_contribution': 1.2363, 'importance': 'HIGH', 'direction': 'anomalous'}, {'feature': 'temp_humidity_ratio', 'display_name': 'Temp Humidity Ratio', 'contribution': -0.8815, 'abs_contribution': 0.8815, 'importance': 'MEDIUM', 'direction': 'anomalous'}, {'feature': 'temperature_zscore', 'display_name': 'Temperature Zscore', 'contribution': -0.718, 'abs_contribution': 0.718, 'importance': 'MEDIUM', 'direction': 'anomalous'}, {'feature': 'humidity_zscore', 'display_name': 'Humidity Zscore', 'contribution': -0.2991, 'abs_contribution': 0.2991, 'importance': 'LOW', 'direction': 'anomalous'}, {'feature': 'humidity', 'display_name': 'Humidity', 'contribution': -0.1982, 'abs_contribution': 0.1982, 'importance': 'LOW', 'direction': 'anomalous'}, {'feature': 'humidity_rate_of_change', 'display_name': 'Humidity Rate Of Change', 'contribution': 0.124, 'abs_contribution': 0.124, 'importance': 'LOW', 'direction': 'normal'}, {'feature': 'pressure', 'display_name': 'Pressure', 'contribution': 0.1063, 'abs_contribution': 0.1063, 'importance': 'LOW', 'direction': 'normal'}, {'feature': 'pressure_rate_of_change', 'display_name': 'Pressure Rate Of Change', 'contribution': 0.102, 'abs_contribution': 0.102, 'importance': 'LOW', 'direction': 'normal'}, {'feature': 'temperature_rate_of_change', 'display_name': 'Temperature Rate Of Change', 'contribution': 0.063, 'abs_contribution': 0.063, 'importance': 'LOW', 'direction': 'normal'}, {'feature': 'pressure_deviation', 'display_name': 'Pressure Deviation', 'contribution': 0.0471, 'abs_contribution': 0.0471, 'importance': 'LOW', 'direction': 'normal'}, {'feature': 'pressure_zscore', 'display_name': 'Pressure Zscore', 'contribution': 0.0428, 'abs_contribution': 0.0428, 'importance': 'LOW', 'direction': 'normal'}, {'feature': 'humidity_deviation', 'display_name': 'Humidity Deviation', 'contribution': -0.0392, 'abs_contribution': 0.0392, 'importance': 'LOW', 'direction': 'anomalous'}], 'summary': 'Temperature had the strongest contribution to the Isolation Forest decision.'}"
ST03,2026-08-29 00:30:00,Sensor fault,True,False,False,True,False,87.6,QUARANTINE,CRITICAL - send immediately,,"{'available': True, 'model': 'Isolation Forest', 'top_features': [{'feature': 'temperature', 'display_name': 'Temperature', 'contribution': -1.5163, 'abs_contribution': 1.5163, 'importance': 'HIGH', 'direction': 'anomalous'}, {'feature': 'dew_point', 'display_name': 'Dew Point', 'contribution': -1.264, 'abs_contribution': 1.264, 'importance': 'HIGH', 'direction': 'anomalous'}, {'feature': 'temperature_deviation', 'display_name': 'Temperature Deviation', 'contribution': -1.2037, 'abs_contribution': 1.2037, 'importance': 'HIGH', 'direction': 'anomalous'}, {'feature': 'temp_humidity_ratio', 'display_name': 'Temp Humidity Ratio', 'contribution': -0.9481, 'abs_contribution': 0.9481, 'importance': 'MEDIUM', 'direction': 'anomalous'}, {'feature': 'temperature_zscore', 'display_name': 'Temperature Zscore', 'contribution': -0.7177, 'abs_contribution': 0.7177, 'importance': 'MEDIUM', 'direction': 'anomalous'}, {'feature': 'humidity_zscore', 'display_name': 'Humidity Zscore', 'contribution': -0.2494, 'abs_contribution': 0.2494, 'importance': 'LOW', 'direction': 'anomalous'}, {'feature': 'humidity', 'display_name': 'Humidity', 'contribution': -0.118, 'abs_contribution': 0.118, 'importance': 'LOW', 'direction': 'anomalous'}, {'feature': 'pressure_rate_of_change', 'display_name': 'Pressure Rate Of Change', 'contribution': -0.1034, 'abs_contribution': 0.1034, 'importance': 'LOW', 'direction': 'anomalous'}, {'feature': 'pressure', 'display_name': 'Pressure', 'contribution': 0.0895, 'abs_contribution': 0.0895, 'importance': 'LOW', 'direction': 'normal'}, {'feature': 'humidity_rate_of_change', 'display_name': 'Humidity Rate Of Change', 'contribution': 0.0865, 'abs_contribution': 0.0865, 'importance': 'LOW', 'direction': 'normal'}, {'feature': 'temperature_rate_of_change', 'display_name': 'Temperature Rate Of Change', 'contribution': 0.0625, 'abs_contribution': 0.0625, 'importance': 'LOW', 'direction': 'normal'}, {'feature': 'pressure_zscore', 'display_name': 'Pressure Zscore', 'contribution': 0.0415, 'abs_contribution': 0.0415, 'importance': 'LOW', 'direction': 'normal'}, {'feature': 'pressure_deviation', 'display_name': 'Pressure Deviation', 'contribution': 0.0255, 'abs_contribution': 0.0255, 'importance': 'LOW', 'direction': 'normal'}, {'feature': 'humidity_deviation', 'display_name': 'Humidity Deviation', 'contribution': 0.0191, 'abs_contribution': 0.0191, 'importance': 'LOW', 'direction': 'normal'}], 'summary': 'Temperature had the strongest contribution to the Isolation Forest decision.'}"
ST01,2026-08-28 05:00:00,Sensor fault,True,False,True,False,False,87.0,QUARANTINE,CRITICAL - send immediately,"1010.2hPa to 1012.2hPa (estimated, not confirmed)",
ST02,2026-08-28 08:30:00,Sensor fault,True,False,True,False,False,87.0,QUARANTINE,CRITICAL - send immediately,"53.9% to 55.9% (estimated, not confirmed)",
ST03,2026-08-29 01:10:00,Sensor fault,True,False,False,True,False,87.0,QUARANTINE,CRITICAL - send immediately,,"{'available': True, 'model': 'Isolation Forest', 'top_features': [{'feature': 'temperature', 'display_name': 'Temperature', 'contribution': -1.6038, 'abs_contribution': 1.6038, 'importance': 'HIGH', 'direction': 'anomalous'}, {'feature': 'temp_humidity_ratio', 'display_name': 'Temp Humidity Ratio', 'contribution': -1.403, 'abs_contribution': 1.403, 'importance': 'HIGH', 'direction': 'anomalous'}, {'feature': 'dew_point', 'display_name': 'Dew Point', 'contribution': -1.3298, 'abs_contribution': 1.3298, 'importance': 'HIGH', 'direction': 'anomalous'}, {'feature': 'temperature_deviation', 'display_name': 'Temperature Deviation', 'contribution': -0.9628, 'abs_contribution': 0.9628, 'importance': 'MEDIUM', 'direction': 'anomalous'}, {'feature': 'temperature_zscore', 'display_name': 'Temperature Zscore', 'contribution': -0.7553, 'abs_contribution': 0.7553, 'importance': 'MEDIUM', 'direction': 'anomalous'}, {'feature': 'humidity_rate_of_change', 'display_name': 'Humidity Rate Of Change', 'contribution': -0.173, 'abs_contribution': 0.173, 'importance': 'LOW', 'direction': 'anomalous'}, {'feature': 'pressure_zscore', 'display_name': 'Pressure Zscore', 'contribution': 0.119, 'abs_contribution': 0.119, 'importance': 'LOW', 'direction': 'normal'}, {'feature': 'pressure', 'display_name': 'Pressure', 'contribution': 0.1126, 'abs_contribution': 0.1126, 'importance': 'LOW', 'direction': 'normal'}, {'feature': 'humidity_zscore', 'display_name': 'Humidity Zscore', 'contribution': 0.1004, 'abs_contribution': 0.1004, 'importance': 'LOW', 'direction': 'normal'}, {'feature': 'pressure_deviation', 'display_name': 'Pressure Deviation', 'contribution': 0.0855, 'abs_contribution': 0.0855, 'importance': 'LOW', 'direction': 'normal'}, {'feature': 'pressure_rate_of_change', 'display_name': 'Pressure Rate Of Change', 'contribution': 0.0853, 'abs_contribution': 0.0853, 'importance': 'LOW', 'direction': 'normal'}, {'feature': 'temperature_rate_of_change', 'display_name': 'Temperature Rate Of Change', 'contribution': 0.0836, 'abs_contribution': 0.0836, 'importance': 'LOW', 'direction': 'normal'}, {'feature': 'humidity', 'display_name': 'Humidity', 'contribution': 0.0604, 'abs_contribution': 0.0604, 'importance': 'LOW', 'direction': 'normal'}, {'feature': 'humidity_deviation', 'display_name': 'Humidity Deviation', 'contribution': 0.0174, 'abs_contribution': 0.0174, 'importance': 'LOW', 'direction': 'normal'}], 'summary': 'Temperature had the strongest contribution to the Isolation Forest decision.'}"
ST03,2026-08-29 02:10:00,Sensor fault,True,False,False,True,False,87.0,QUARANTINE,CRITICAL - send immediately,,"{'available': True, 'model': 'Isolation Forest', 'top_features': [{'feature': 'temperature', 'display_name': 'Temperature', 'contribution': -1.681, 'abs_contribution': 1.681, 'importance': 'HIGH', 'direction': 'anomalous'}, {'feature': 'dew_point', 'display_name': 'Dew Point', 'contribution': -1.3676, 'abs_contribution': 1.3676, 'importance': 'HIGH', 'direction': 'anomalous'}, {'feature': 'temp_humidity_ratio', 'display_name': 'Temp Humidity Ratio', 'contribution': -1.1913, 'abs_contribution': 1.1913, 'importance': 'HIGH', 'direction': 'anomalous'}, {'feature': 'temperature_zscore', 'display_name': 'Temperature Zscore', 'contribution': -0.7866, 'abs_contribution': 0.7866, 'importance': 'MEDIUM', 'direction': 'anomalous'}, {'feature': 'temperature_deviation', 'display_name': 'Temperature Deviation', 'contribution': -0.3604, 'abs_contribution': 0.3604, 'importance': 'LOW', 'direction': 'anomalous'}, {'feature': 'humidity_rate_of_change', 'display_name': 'Humidity Rate Of Change', 'contribution': 0.1355, 'abs_contribution': 0.1355, 'importance': 'LOW', 'direction': 'normal'}, {'feature': 'pressure', 'display_name': 'Pressure', 'contribution': 0.0855, 'abs_contribution': 0.0855, 'importance': 'LOW', 'direction': 'normal'}, {'feature': 'humidity', 'display_name': 'Humidity', 'contribution': 0.0848, 'abs_contribution': 0.0848, 'importance': 'LOW', 'direction': 'normal'}, {'feature': 'pressure_zscore', 'display_name': 'Pressure Zscore', 'contribution': 0.0835, 'abs_contribution': 0.0835, 'importance': 'LOW', 'direction': 'normal'}, {'feature': 'temperature_rate_of_change', 'display_name': 'Temperature Rate Of Change', 'contribution': 0.0807, 'abs_contribution': 0.0807, 'importance': 'LOW', 'direction': 'normal'}, {'feature': 'pressure_deviation', 'display_name': 'Pressure Deviation', 'contribution': 0.0646, 'abs_contribution': 0.0646, 'importance': 'LOW', 'direction': 'normal'}, {'feature': 'humidity_zscore', 'display_name': 'Humidity Zscore', 'contribution': 0.0411, 'abs_contribution': 0.0411, 'importance': 'LOW', 'direction': 'normal'}, {'feature': 'pressure_rate_of_change', 'display_name': 'Pressure Rate Of Change', 'contribution': 0.0317, 'abs_contribution': 0.0317, 'importance': 'LOW', 'direction': 'normal'}, {'feature': 'humidity_deviation', 'display_name': 'Humidity Deviation', 'contribution': 0.0182, 'abs_contribution': 0.0182, 'importance': 'LOW', 'direction': 'normal'}], 'summary': 'Temperature had the strongest contribution to the Isolation Forest decision.'}"
ST03,2026-08-29 02:20:00,Sensor fault,True,False,False,True,False,87.0,QUARANTINE,CRITICAL - send immediately,,"{'available': True, 'model': 'Isolation Forest', 'top_features': [{'feature': 'temperature', 'display_name': 'Temperature', 'contribution': -1.7259, 'abs_contribution': 1.7259, 'importance': 'HIGH', 'direction': 'anomalous'}, {'feature': 'dew_point', 'display_name': 'Dew Point', 'contribution': -1.4316, 'abs_contribution': 1.4316, 'importance': 'HIGH', 'direction': 'anomalous'}, {'feature': 'temp_humidity_ratio', 'display_name': 'Temp Humidity Ratio', 'contribution': -1.1111, 'abs_contribution': 1.1111, 'importance': 'HIGH', 'direction': 'anomalous'}, {'feature': 'temperature_zscore', 'display_name': 'Temperature Zscore', 'contribution': -0.7874, 'abs_contribution': 0.7874, 'importance': 'MEDIUM', 'direction': 'anomalous'}, {'feature': 'temperature_deviation', 'display_name': 'Temperature Deviation', 'contribution': -0.359, 'abs_contribution': 0.359, 'importance': 'LOW', 'direction': 'anomalous'}, {'feature': 'humidity_rate_of_change', 'display_name': 'Humidity Rate Of Change', 'contribution': 0.1402, 'abs_contribution': 0.1402, 'importance': 'LOW', 'direction': 'normal'}, {'feature': 'pressure', 'display_name': 'Pressure', 'contribution': 0.11, 'abs_contribution': 0.11, 'importance': 'LOW', 'direction': 'normal'}, {'feature': 'pressure_deviation', 'display_name': 'Pressure Deviation', 'contribution': 0.1095, 'abs_contribution': 0.1095, 'importance': 'LOW', 'direction': 'normal'}, {'feature': 'pressure_zscore', 'display_name': 'Pressure Zscore', 'contribution': 0.0959, 'abs_contribution': 0.0959, 'importance': 'LOW', 'direction': 'normal'}, {'feature': 'pressure_rate_of_change', 'display_name': 'Pressure Rate Of Change', 'contribution': 0.09, 'abs_contribution': 0.09, 'importance': 'LOW', 'direction': 'normal'}, {'feature': 'temperature_rate_of_change', 'display_name': 'Temperature Rate Of Change', 'contribution': 0.0744, 'abs_contribution': 0.0744, 'importance': 'LOW', 'direction': 'normal'}, {'feature': 'humidity', 'display_name': 'Humidity', 'contribution': 0.0561, 'abs_contribution': 0.0561, 'importance': 'LOW', 'direction': 'normal'}, {'feature': 'humidity_deviation', 'display_name': 'Humidity Deviation', 'contribution': 0.0361, 'abs_contribution': 0.0361, 'importance': 'LOW', 'direction': 'normal'}, {'feature': 'humidity_zscore', 'display_name': 'Humidity Zscore', 'contribution': 0.0089, 'abs_contribution': 0.0089, 'importance': 'LOW', 'direction': 'normal'}], 'summary': 'Temperature had the strongest contribution to the Isolation Forest decision.'}"
ST03,2026-08-29 01:50:00,Sensor fault,True,False,False,True,False,87.0,QUARANTINE,CRITICAL - send immediately,,"{'available': True, 'model': 'Isolation Forest', 'top_features': [{'feature': 'temperature', 'display_name': 'Temperature', 'contribution': -1.7267, 'abs_contribution': 1.7267, 'importance': 'HIGH', 'direction': 'anomalous'}, {'feature': 'dew_point', 'display_name': 'Dew Point', 'contribution': -1.3942, 'abs_contribution': 1.3942, 'importance': 'HIGH', 'direction': 'anomalous'}, {'feature': 'temp_humidity_ratio', 'display_name': 'Temp Humidity Ratio', 'contribution': -1.3331, 'abs_contribution': 1.3331, 'importance': 'HIGH', 'direction': 'anomalous'}, {'feature': 'temperature_zscore', 'display_name': 'Temperature Zscore', 'contribution': -0.7262, 'abs_contribution': 0.7262, 'importance': 'MEDIUM', 'direction': 'anomalous'}, {'feature': 'temperature_deviation', 'display_name': 'Temperature Deviation', 'contribution': -0.5288, 'abs_contribution': 0.5288, 'importance': 'MEDIUM', 'direction': 'anomalous'}, {'feature': 'humidity_rate_of_change', 'display_name': 'Humidity Rate Of Change', 'contribution': -0.1728, 'abs_contribution': 0.1728, 'importance': 'LOW', 'direction': 'anomalous'}, {'feature': 'pressure', 'display_name': 'Pressure', 'contribution': 0.1305, 'abs_contribution': 0.1305, 'importance': 'LOW', 'direction': 'normal'}, {'feature': 'pressure_deviation', 'display_name': 'Pressure Deviation', 'contribution': 0.1032, 'abs_contribution': 0.1032, 'importance': 'LOW', 'direction': 'normal'}, {'feature': 'pressure_zscore', 'display_name': 'Pressure Zscore', 'contribution': 0.0907, 'abs_contribution': 0.0907, 'importance': 'LOW', 'direction': 'normal'}, {'feature': 'humidity_zscore', 'display_name': 'Humidity Zscore', 'contribution': 0.0882, 'abs_contribution': 0.0882, 'importance': 'LOW', 'direction': 'normal'}, {'feature': 'temperature_rate_of_change', 'display_name': 'Temperature Rate Of Change', 'contribution': 0.0777, 'abs_contribution': 0.0777, 'importance': 'LOW', 'direction': 'normal'}, {'feature': 'humidity_deviation', 'display_name': 'Humidity Deviation', 'contribution': 0.062, 'abs_contribution': 0.062, 'importance': 'LOW', 'direction': 'normal'}, {'feature': 'humidity', 'display_name': 'Humidity', 'contribution': 0.0537, 'abs_contribution': 0.0537, 'importance': 'LOW', 'direction': 'normal'}, {'feature': 'pressure_rate_of_change', 'display_name': 'Pressure Rate Of Change', 'contribution': 0.0403, 'abs_contribution': 0.0403, 'importance': 'LOW', 'direction': 'normal'}], 'summary': 'Temperature had the strongest contribution to the Isolation Forest decision.'}"
ST03,2026-08-29 02:30:00,Sensor fault,True,False,False,True,False,87.0,QUARANTINE,CRITICAL - send immediately,,"{'available': True, 'model': 'Isolation Forest', 'top_features': [{'feature': 'temperature', 'display_name': 'Temperature', 'contribution': -1.5458, 'abs_contribution': 1.5458, 'importance': 'HIGH', 'direction': 'anomalous'}, {'feature': 'dew_point', 'display_name': 'Dew Point', 'contribution': -1.3585, 'abs_contribution': 1.3585, 'importance': 'HIGH', 'direction': 'anomalous'}, {'feature': 'temp_humidity_ratio', 'display_name': 'Temp Humidity Ratio', 'contribution': -1.2929, 'abs_contribution': 1.2929, 'importance': 'HIGH', 'direction': 'anomalous'}, {'feature': 'temperature_zscore', 'display_name': 'Temperature Zscore', 'contribution': -0.6986, 'abs_contribution': 0.6986, 'importance': 'MEDIUM', 'direction': 'anomalous'}, {'feature': 'temperature_deviation', 'display_name': 'Temperature Deviation', 'contribution': -0.1892, 'abs_contribution': 0.1892, 'importance': 'LOW', 'direction': 'anomalous'}, {'feature': 'pressure', 'display_name': 'Pressure', 'contribution': -0.1529, 'abs_contribution': 0.1529, 'importance': 'LOW', 'direction': 'anomalous'}, {'feature': 'humidity_rate_of_change', 'display_name': 'Humidity Rate Of Change', 'contribution': 0.1362, 'abs_contribution': 0.1362, 'importance': 'LOW', 'direction': 'normal'}, {'feature': 'pressure_deviation', 'display_name': 'Pressure Deviation', 'contribution': -0.106, 'abs_contribution': 0.106, 'importance': 'LOW', 'direction': 'anomalous'}, {'feature': 'humidity_deviation', 'display_name': 'Humidity Deviation', 'contribution': 0.1042, 'abs_contribution': 0.1042, 'importance': 'LOW', 'direction': 'normal'}, {'feature': 'pressure_zscore', 'display_name': 'Pressure Zscore', 'contribution': -0.0964, 'abs_contribution': 0.0964, 'importance': 'LOW', 'direction': 'anomalous'}, {'feature': 'humidity_zscore', 'display_name': 'Humidity Zscore', 'contribution': 0.0738, 'abs_contribution': 0.0738, 'importance': 'LOW', 'direction': 'normal'}, {'feature': 'temperature_rate_of_change', 'display_name': 'Temperature Rate Of Change', 'contribution': 0.0694, 'abs_contribution': 0.0694, 'importance': 'LOW', 'direction': 'normal'}, {'feature': 'humidity', 'display_name': 'Humidity', 'contribution': 0.0651, 'abs_contribution': 0.0651, 'importance': 'LOW', 'direction': 'normal'}, {'feature': 'pressure_rate_of_change', 'display_name': 'Pressure Rate Of Change', 'contribution': -0.0186, 'abs_contribution': 0.0186, 'importance': 'LOW', 'direction': 'anomalous'}], 'summary': 'Temperature had the strongest contribution to the Isolation Forest decision.'}"
ST03,2026-08-29 02:00:00,Sensor fault,True,False,False,True,False,87.0,QUARANTINE,CRITICAL - send immediately,,"{'available': True, 'model': 'Isolation Forest', 'top_features': [{'feature': 'temperature', 'display_name': 'Temperature', 'contribution': -1.686, 'abs_contribution': 1.686, 'importance': 'HIGH', 'direction': 'anomalous'}, {'feature': 'dew_point', 'display_name': 'Dew Point', 'contribution': -1.4213, 'abs_contribution': 1.4213, 'importance': 'HIGH', 'direction': 'anomalous'}, {'feature': 'temp_humidity_ratio', 'display_name': 'Temp Humidity Ratio', 'contribution': -1.148, 'abs_contribution': 1.148, 'importance': 'HIGH', 'direction': 'anomalous'}, {'feature': 'temperature_zscore', 'display_name': 'Temperature Zscore', 'contribution': -0.7567, 'abs_contribution': 0.7567, 'importance': 'MEDIUM', 'direction': 'anomalous'}, {'feature': 'temperature_deviation', 'display_name': 'Temperature Deviation', 'contribution': -0.4833, 'abs_contribution': 0.4833, 'importance': 'MEDIUM', 'direction': 'anomalous'}, {'feature': 'humidity_rate_of_change', 'display_name': 'Humidity Rate Of Change', 'contribution': 0.1437, 'abs_contribution': 0.1437, 'importance': 'LOW', 'direction': 'normal'}, {'feature': 'pressure_rate_of_change', 'display_name': 'Pressure Rate Of Change', 'contribution': 0.0853, 'abs_contribution': 0.0853, 'importance': 'LOW', 'direction': 'normal'}, {'feature': 'temperature_rate_of_change', 'display_name': 'Temperature Rate Of Change', 'contribution': 0.0794, 'abs_contribution': 0.0794, 'importance': 'LOW', 'direction': 'normal'}, {'feature': 'pressure_zscore', 'display_name': 'Pressure Zscore', 'contribution': -0.0784, 'abs_contribution': 0.0784, 'importance': 'LOW', 'direction': 'anomalous'}, {'feature': 'humidity', 'display_name': 'Humidity', 'contribution': 0.0766, 'abs_contribution': 0.0766, 'importance': 'LOW', 'direction': 'normal'}, {'feature': 'humidity_zscore', 'display_name': 'Humidity Zscore', 'contribution': 0.0381, 'abs_contribution': 0.0381, 'importance': 'LOW', 'direction': 'normal'}, {'feature': 'pressure_deviation', 'display_name': 'Pressure Deviation', 'contribution': 0.0312, 'abs_contribution': 0.0312, 'importance': 'LOW', 'direction': 'normal'}, {'feature': 'pressure', 'display_name': 'Pressure', 'contribution': -0.0231, 'abs_contribution': 0.0231, 'importance': 'LOW', 'direction': 'anomalous'}, {'feature': 'humidity_deviation', 'display_name': 'Humidity Deviation', 'contribution': 0.0184, 'abs_contribution': 0.0184, 'importance': 'LOW', 'direction': 'normal'}], 'summary': 'Temperature had the strongest contribution to the Isolation Forest decision.'}"
ST03,2026-08-29 01:00:00,Sensor fault,True,False,False,True,False,87.0,QUARANTINE,CRITICAL - send immediately,,"{'available': True, 'model': 'Isolation Forest', 'top_features': [{'feature': 'temperature', 'display_name': 'Temperature', 'contribution': -1.5888, 'abs_contribution': 1.5888, 'importance': 'HIGH', 'direction': 'anomalous'}, {'feature': 'dew_point', 'display_name': 'Dew Point', 'contribution': -1.2584, 'abs_contribution': 1.2584, 'importance': 'HIGH', 'direction': 'anomalous'}, {'feature': 'temperature_deviation', 'display_name': 'Temperature Deviation', 'contribution': -1.0715, 'abs_contribution': 1.0715, 'importance': 'MEDIUM', 'direction': 'anomalous'}, {'feature': 'temp_humidity_ratio', 'display_name': 'Temp Humidity Ratio', 'contribution': -0.9962, 'abs_contribution': 0.9962, 'importance': 'MEDIUM', 'direction': 'anomalous'}, {'feature': 'temperature_zscore', 'display_name': 'Temperature Zscore', 'contribution': -0.76, 'abs_contribution': 0.76, 'importance': 'MEDIUM', 'direction': 'anomalous'}, {'feature': 'pressure_deviation', 'display_name': 'Pressure Deviation', 'contribution': 0.1083, 'abs_contribution': 0.1083, 'importance': 'LOW', 'direction': 'normal'}, {'feature': 'pressure', 'display_name': 'Pressure', 'contribution': 0.1033, 'abs_contribution': 0.1033, 'importance': 'LOW', 'direction': 'normal'}, {'feature': 'pressure_zscore', 'display_name': 'Pressure Zscore', 'contribution': 0.1004, 'abs_contribution': 0.1004, 'importance': 'LOW', 'direction': 'normal'}, {'feature': 'pressure_rate_of_change', 'display_name': 'Pressure Rate Of Change', 'contribution': 0.0831, 'abs_contribution': 0.0831, 'importance': 'LOW', 'direction': 'normal'}, {'feature': 'humidity_zscore', 'display_name': 'Humidity Zscore', 'contribution': -0.0773, 'abs_contribution': 0.0773, 'importance': 'LOW', 'direction': 'anomalous'}, {'feature': 'temperature_rate_of_change', 'display_name': 'Temperature Rate Of Change', 'contribution': 0.0721, 'abs_contribution': 0.0721, 'importance': 'LOW', 'direction': 'normal'}, {'feature': 'humidity_deviation', 'display_name': 'Humidity Deviation', 'contribution': 0.0585, 'abs_contribution': 0.0585, 'importance': 'LOW', 'direction': 'normal'}, {'feature': 'humidity_rate_of_change', 'display_name': 'Humidity Rate Of Change', 'contribution': 0.0543, 'abs_contribution': 0.0543, 'importance': 'LOW', 'direction': 'normal'}, {'feature': 'humidity', 'display_name': 'Humidity', 'contribution': 0.0159, 'abs_contribution': 0.0159, 'importance': 'LOW', 'direction': 'normal'}], 'summary': 'Temperature had the strongest contribution to the Isolation Forest decision.'}"
ST03,2026-08-29 01:20:00,Sensor fault,True,False,False,True,False,87.0,QUARANTINE,CRITICAL - send immediately,,"{'available': True, 'model': 'Isolation Forest', 'top_features': [{'feature': 'temperature', 'display_name': 'Temperature', 'contribution': -1.6311, 'abs_contribution': 1.6311, 'importance': 'HIGH', 'direction': 'anomalous'}, {'feature': 'dew_point', 'display_name': 'Dew Point', 'contribution': -1.3128, 'abs_contribution': 1.3128, 'importance': 'HIGH', 'direction': 'anomalous'}, {'feature': 'temp_humidity_ratio', 'display_name': 'Temp Humidity Ratio', 'contribution': -1.1596, 'abs_contribution': 1.1596, 'importance': 'HIGH', 'direction': 'anomalous'}, {'feature': 'temperature_deviation', 'display_name': 'Temperature Deviation', 'contribution': -0.8341, 'abs_contribution': 0.8341, 'importance': 'MEDIUM', 'direction': 'anomalous'}, {'feature': 'temperature_zscore', 'display_name': 'Temperature Zscore', 'contribution': -0.7571, 'abs_contribution': 0.7571, 'importance': 'MEDIUM', 'direction': 'anomalous'}, {'feature': 'pressure', 'display_name': 'Pressure', 'contribution': 0.1153, 'abs_contribution': 0.1153, 'importance': 'LOW', 'direction': 'normal'}, {'feature': 'humidity_rate_of_change', 'display_name': 'Humidity Rate Of Change', 'contribution': 0.1027, 'abs_contribution': 0.1027, 'importance': 'LOW', 'direction': 'normal'}, {'feature': 'pressure_rate_of_change', 'display_name': 'Pressure Rate Of Change', 'contribution': 0.0812, 'abs_contribution': 0.0812, 'importance': 'LOW', 'direction': 'normal'}, {'feature': 'humidity_zscore', 'display_name': 'Humidity Zscore', 'contribution': 0.0776, 'abs_contribution': 0.0776, 'importance': 'LOW', 'direction': 'normal'}, {'feature': 'temperature_rate_of_change', 'display_name': 'Temperature Rate Of Change', 'contribution': 0.0762, 'abs_contribution': 0.0762, 'importance': 'LOW', 'direction': 'normal'}, {'feature': 'pressure_deviation', 'display_name': 'Pressure Deviation', 'contribution': 0.0656, 'abs_contribution': 0.0656, 'importance': 'LOW', 'direction': 'normal'}, {'feature': 'humidity', 'display_name': 'Humidity', 'contribution': 0.0654, 'abs_contribution': 0.0654, 'importance': 'LOW', 'direction': 'normal'}, {'feature': 'pressure_zscore', 'display_name': 'Pressure Zscore', 'contribution': 0.0635, 'abs_contribution': 0.0635, 'importance': 'LOW', 'direction': 'normal'}, {'feature': 'humidity_deviation', 'display_name': 'Humidity Deviation', 'contribution': 0.0317, 'abs_contribution': 0.0317, 'importance': 'LOW', 'direction': 'normal'}], 'summary': 'Temperature had the strongest contribution to the Isolation Forest decision.'}"
ST03,2026-08-29 00:50:00,Sensor fault,True,False,False,True,False,87.0,QUARANTINE,CRITICAL - send immediately,,"{'available': True, 'model': 'Isolation Forest', 'top_features': [{'feature': 'temperature', 'display_name': 'Temperature', 'contribution': -1.5624, 'abs_contribution': 1.5624, 'importance': 'HIGH', 'direction': 'anomalous'}, {'feature': 'temp_humidity_ratio', 'display_name': 'Temp Humidity Ratio', 'contribution': -1.448, 'abs_contribution': 1.448, 'importance': 'HIGH', 'direction': 'anomalous'}, {'feature': 'dew_point', 'display_name': 'Dew Point', 'contribution': -1.3532, 'abs_contribution': 1.3532, 'importance': 'HIGH', 'direction': 'anomalous'}, {'feature': 'temperature_deviation', 'display_name': 'Temperature Deviation', 'contribution': -1.1173, 'abs_contribution': 1.1173, 'importance': 'MEDIUM', 'direction': 'anomalous'}, {'feature': 'temperature_zscore', 'display_name': 'Temperature Zscore', 'contribution': -0.7632, 'abs_contribution': 0.7632, 'importance': 'MEDIUM', 'direction': 'anomalous'}, {'feature': 'humidity_rate_of_change', 'display_name': 'Humidity Rate Of Change', 'contribution': 0.1298, 'abs_contribution': 0.1298, 'importance': 'LOW', 'direction': 'normal'}, {'feature': 'temperature_rate_of_change', 'display_name': 'Temperature Rate Of Change', 'contribution': 0.085, 'abs_contribution': 0.085, 'importance': 'LOW', 'direction': 'normal'}, {'feature': 'pressure_deviation', 'display_name': 'Pressure Deviation', 'contribution': 0.0841, 'abs_contribution': 0.0841, 'importance': 'LOW', 'direction': 'normal'}, {'feature': 'humidity_zscore', 'display_name': 'Humidity Zscore', 'contribution': 0.0824, 'abs_contribution': 0.0824, 'importance': 'LOW', 'direction': 'normal'}, {'feature': 'humidity', 'display_name': 'Humidity', 'contribution': 0.0646, 'abs_contribution': 0.0646, 'importance': 'LOW', 'direction': 'normal'}, {'feature': 'pressure', 'display_name': 'Pressure', 'contribution': 0.0599, 'abs_contribution': 0.0599, 'importance': 'LOW', 'direction': 'normal'}, {'feature': 'pressure_rate_of_change', 'display_name': 'Pressure Rate Of Change', 'contribution': 0.056, 'abs_contribution': 0.056, 'importance': 'LOW', 'direction': 'normal'}, {'feature': 'pressure_zscore', 'display_name': 'Pressure Zscore', 'contribution': 0.0317, 'abs_contribution': 0.0317, 'importance': 'LOW', 'direction': 'normal'}, {'feature': 'humidity_deviation', 'display_name': 'Humidity Deviation', 'contribution': 0.0014, 'abs_contribution': 0.0014, 'importance': 'LOW', 'direction': 'normal'}], 'summary': 'Temperature had the strongest contribution to the Isolation Forest decision.'}"
ST03,2026-08-29 01:30:00,Sensor fault,True,False,False,True,False,87.0,QUARANTINE,CRITICAL - send immediately,,"{'available': True, 'model': 'Isolation Forest', 'top_features': [{'feature': 'temperature', 'display_name': 'Temperature', 'contribution': -1.7254, 'abs_contribution': 1.7254, 'importance': 'HIGH', 'direction': 'anomalous'}, {'feature': 'dew_point', 'display_name': 'Dew Point', 'contribution': -1.3328, 'abs_contribution': 1.3328, 'importance': 'HIGH', 'direction': 'anomalous'}, {'feature': 'temp_humidity_ratio', 'display_name': 'Temp Humidity Ratio', 'contribution': -1.1042, 'abs_contribution': 1.1042, 'importance': 'MEDIUM', 'direction': 'anomalous'}, {'feature': 'temperature_zscore', 'display_name': 'Temperature Zscore', 'contribution': -0.7774, 'abs_contribution': 0.7774, 'importance': 'MEDIUM', 'direction': 'anomalous'}, {'feature': 'temperature_deviation', 'display_name': 'Temperature Deviation', 'contribution': -0.7284, 'abs_contribution': 0.7284, 'importance': 'MEDIUM', 'direction': 'anomalous'}, {'feature': 'pressure_zscore', 'display_name': 'Pressure Zscore', 'contribution': 0.1558, 'abs_contribution': 0.1558, 'importance': 'LOW', 'direction': 'normal'}, {'feature': 'humidity_rate_of_change', 'display_name': 'Humidity Rate Of Change', 'contribution': 0.146, 'abs_contribution': 0.146, 'importance': 'LOW', 'direction': 'normal'}, {'feature': 'pressure', 'display_name': 'Pressure', 'contribution': 0.1202, 'abs_contribution': 0.1202, 'importance': 'LOW', 'direction': 'normal'}, {'feature': 'pressure_deviation', 'display_name': 'Pressure Deviation', 'contribution': 0.1134, 'abs_contribution': 0.1134, 'importance': 'LOW', 'direction': 'normal'}, {'feature': 'temperature_rate_of_change', 'display_name': 'Temperature Rate Of Change', 'contribution': 0.0784, 'abs_contribution': 0.0784, 'importance': 'LOW', 'direction': 'normal'}, {'feature': 'humidity', 'display_name': 'Humidity', 'contribution': 0.0729, 'abs_contribution': 0.0729, 'importance': 'LOW', 'direction': 'normal'}, {'feature': 'pressure_rate_of_change', 'display_name': 'Pressure Rate Of Change', 'contribution': 0.0715, 'abs_contribution': 0.0715, 'importance': 'LOW', 'direction': 'normal'}, {'feature': 'humidity_zscore', 'display_name': 'Humidity Zscore', 'contribution': 0.0416, 'abs_contribution': 0.0416, 'importance': 'LOW', 'direction': 'normal'}, {'feature': 'humidity_deviation', 'display_name': 'Humidity Deviation', 'contribution': 0.0346, 'abs_contribution': 0.0346, 'importance': 'LOW', 'direction': 'normal'}], 'summary': 'Temperature had the strongest contribution to the Isolation Forest decision.'}"
ST10,2026-08-29 01:20:00,Sensor fault,True,True,True,False,False,85.2,QUARANTINE,CRITICAL - send immediately,"1010.3hPa to 1012.3hPa (estimated, not confirmed)",
ST02,2026-08-29 03:20:00,Possible tampering,False,False,True,True,False,82.1,QUARANTINE,CRITICAL - send immediately,"27.0°C to 29.0°C (estimated, not confirmed)","{'available': True, 'model': 'Isolation Forest', 'top_features': [{'feature': 'temp_humidity_ratio', 'display_name': 'Temp Humidity Ratio', 'contribution': -1.297, 'abs_contribution': 1.297, 'importance': 'HIGH', 'direction': 'anomalous'}, {'feature': 'humidity_rate_of_change', 'display_name': 'Humidity Rate Of Change', 'contribution': -0.8107, 'abs_contribution': 0.8107, 'importance': 'MEDIUM', 'direction': 'anomalous'}, {'feature': 'humidity_zscore', 'display_name': 'Humidity Zscore', 'contribution': -0.6962, 'abs_contribution': 0.6962, 'importance': 'MEDIUM', 'direction': 'anomalous'}, {'feature': 'humidity', 'display_name': 'Humidity', 'contribution': -0.6348, 'abs_contribution': 0.6348, 'importance': 'MEDIUM', 'direction': 'anomalous'}, {'feature': 'humidity_deviation', 'display_name': 'Humidity Deviation', 'contribution': -0.6233, 'abs_contribution': 0.6233, 'importance': 'MEDIUM', 'direction': 'anomalous'}, {'feature': 'pressure', 'display_name': 'Pressure', 'contribution': -0.4985, 'abs_contribution': 0.4985, 'importance': 'MEDIUM', 'direction': 'anomalous'}, {'feature': 'pressure_zscore', 'display_name': 'Pressure Zscore', 'contribution': -0.489, 'abs_contribution': 0.489, 'importance': 'MEDIUM', 'direction': 'anomalous'}, {'feature': 'pressure_deviation', 'display_name': 'Pressure Deviation', 'contribution': -0.331, 'abs_contribution': 0.331, 'importance': 'LOW', 'direction': 'anomalous'}, {'feature': 'temperature', 'display_name': 'Temperature', 'contribution': -0.3064, 'abs_contribution': 0.3064, 'importance': 'LOW', 'direction': 'anomalous'}, {'feature': 'temperature_rate_of_change', 'display_name': 'Temperature Rate Of Change', 'contribution': -0.3043, 'abs_contribution': 0.3043, 'importance': 'LOW', 'direction': 'anomalous'}, {'feature': 'temperature_deviation', 'display_name': 'Temperature Deviation', 'contribution': -0.1026, 'abs_contribution': 0.1026, 'importance': 'LOW', 'direction': 'anomalous'}, {'feature': 'dew_point', 'display_name': 'Dew Point', 'contribution': 0.0931, 'abs_contribution': 0.0931, 'importance': 'LOW', 'direction': 'normal'}, {'feature': 'temperature_zscore', 'display_name': 'Temperature Zscore', 'contribution': -0.0648, 'abs_contribution': 0.0648, 'importance': 'LOW', 'direction': 'anomalous'}, {'feature': 'pressure_rate_of_change', 'display_name': 'Pressure Rate Of Change', 'contribution': -0.052, 'abs_contribution': 0.052, 'importance': 'LOW', 'direction': 'anomalous'}], 'summary': 'Temp Humidity Ratio had the strongest contribution to the Isolation Forest decision.'}"
ST02,2026-08-28 00:10:00,Possible tampering,False,False,True,False,False,77.0,QUARANTINE,CRITICAL - send immediately,"23.0°C to 27.9°C (estimated, not confirmed)",
ST04,2026-08-29 00:20:00,Possible tampering,False,False,True,False,False,77.0,QUARANTINE,CRITICAL - send immediately,"35.9°C to 39.9°C (estimated, not confirmed)",
ST08,2026-08-28 23:20:00,Possible tampering,False,False,True,False,False,77.0,QUARANTINE,CRITICAL - send immediately,"36.8°C to 40.7°C (estimated, not confirmed)",
ST08,2026-08-29 01:30:00,Possible tampering,False,False,True,False,False,77.0,QUARANTINE,CRITICAL - send immediately,"35.4°C to 38.0°C (estimated, not confirmed)",
ST02,2026-08-28 13:40:00,Possible tampering,False,False,True,False,False,76.5,QUARANTINE,CRITICAL - send immediately,"26.9°C to 27.6°C (estimated, not confirmed)",
ST02,2026-08-29 08:50:00,Possible tampering,False,False,True,False,False,75.6,QUARANTINE,CRITICAL - send immediately,"24.8°C to 25.8°C (estimated, not confirmed)",
ST02,2026-08-28 20:40:00,Possible tampering,False,False,True,False,False,75.5,QUARANTINE,CRITICAL - send immediately,"23.7°C to 28.1°C (estimated, not confirmed)",
ST02,2026-08-29 04:30:00,Possible tampering,False,False,True,False,False,75.3,QUARANTINE,CRITICAL - send immediately,"24.3°C to 29.8°C (estimated, not confirmed)",
ST04,2026-08-28 09:10:00,Possible tampering,False,False,True,True,False,75.3,QUARANTINE,CRITICAL - send immediately,"1008.0hPa to 1010.0hPa (estimated, not confirmed)","{'available': True, 'model': 'Isolation Forest', 'top_features': [{'feature': 'pressure_zscore', 'display_name': 'Pressure Zscore', 'contribution': -0.8979, 'abs_contribution': 0.8979, 'importance': 'MEDIUM', 'direction': 'anomalous'}, {'feature': 'pressure_deviation', 'display_name': 'Pressure Deviation', 'contribution': -0.7711, 'abs_contribution': 0.7711, 'importance': 'MEDIUM', 'direction': 'anomalous'}, {'feature': 'pressure', 'display_name': 'Pressure', 'contribution': -0.7503, 'abs_contribution': 0.7503, 'importance': 'MEDIUM', 'direction': 'anomalous'}, {'feature': 'temp_humidity_ratio', 'display_name': 'Temp Humidity Ratio', 'contribution': -0.6232, 'abs_contribution': 0.6232, 'importance': 'MEDIUM', 'direction': 'anomalous'}, {'feature': 'pressure_rate_of_change', 'display_name': 'Pressure Rate Of Change', 'contribution': -0.4839, 'abs_contribution': 0.4839, 'importance': 'MEDIUM', 'direction': 'anomalous'}, {'feature': 'humidity_zscore', 'display_name': 'Humidity Zscore', 'contribution': -0.3986, 'abs_contribution': 0.3986, 'importance': 'MEDIUM', 'direction': 'anomalous'}, {'feature': 'humidity', 'display_name': 'Humidity', 'contribution': -0.3167, 'abs_contribution': 0.3167, 'importance': 'LOW', 'direction': 'anomalous'}, {'feature': 'humidity_deviation', 'display_name': 'Humidity Deviation', 'contribution': -0.2632, 'abs_contribution': 0.2632, 'importance': 'LOW', 'direction': 'anomalous'}, {'feature': 'temperature_zscore', 'display_name': 'Temperature Zscore', 'contribution': -0.2262, 'abs_contribution': 0.2262, 'importance': 'LOW', 'direction': 'anomalous'}, {'feature': 'temperature_rate_of_change', 'display_name': 'Temperature Rate Of Change', 'contribution': -0.2187, 'abs_contribution': 0.2187, 'importance': 'LOW', 'direction': 'anomalous'}, {'feature': 'temperature', 'display_name': 'Temperature', 'contribution': -0.1609, 'abs_contribution': 0.1609, 'importance': 'LOW', 'direction': 'anomalous'}, {'feature': 'temperature_deviation', 'display_name': 'Temperature Deviation', 'contribution': -0.1084, 'abs_contribution': 0.1084, 'importance': 'LOW', 'direction': 'anomalous'}, {'feature': 'dew_point', 'display_name': 'Dew Point', 'contribution': 0.1017, 'abs_contribution': 0.1017, 'importance': 'LOW', 'direction': 'normal'}, {'feature': 'humidity_rate_of_change', 'display_name': 'Humidity Rate Of Change', 'contribution': -0.0966, 'abs_contribution': 0.0966, 'importance': 'LOW', 'direction': 'anomalous'}], 'summary': 'Pressure Zscore had the strongest contribution to the Isolation Forest decision.'}"
ST09,2026-08-29 00:10:00,Possible tampering,False,False,True,True,False,75.2,QUARANTINE,CRITICAL - send immediately,"28.5°C to 28.7°C (estimated, not confirmed)","{'available': True, 'model': 'Isolation Forest', 'top_features': [{'feature': 'temperature_zscore', 'display_name': 'Temperature Zscore', 'contribution': -0.9023, 'abs_contribution': 0.9023, 'importance': 'HIGH', 'direction': 'anomalous'}, {'feature': 'temperature_deviation', 'display_name': 'Temperature Deviation', 'contribution': -0.7028, 'abs_contribution': 0.7028, 'importance': 'MEDIUM', 'direction': 'anomalous'}, {'feature': 'pressure_zscore', 'display_name': 'Pressure Zscore', 'contribution': -0.6503, 'abs_contribution': 0.6503, 'importance': 'MEDIUM', 'direction': 'anomalous'}, {'feature': 'temp_humidity_ratio', 'display_name': 'Temp Humidity Ratio', 'contribution': -0.5789, 'abs_contribution': 0.5789, 'importance': 'MEDIUM', 'direction': 'anomalous'}, {'feature': 'temperature', 'display_name': 'Temperature', 'contribution': -0.5605, 'abs_contribution': 0.5605, 'importance': 'MEDIUM', 'direction': 'anomalous'}, {'feature': 'dew_point', 'display_name': 'Dew Point', 'contribution': -0.4636, 'abs_contribution': 0.4636, 'importance': 'MEDIUM', 'direction': 'anomalous'}, {'feature': 'pressure_deviation', 'display_name': 'Pressure Deviation', 'contribution': -0.4231, 'abs_contribution': 0.4231, 'importance': 'MEDIUM', 'direction': 'anomalous'}, {'feature': 'pressure', 'display_name': 'Pressure', 'contribution': -0.2919, 'abs_contribution': 0.2919, 'importance': 'LOW', 'direction': 'anomalous'}, {'feature': 'humidity_rate_of_change', 'display_name': 'Humidity Rate Of Change', 'contribution': 0.1634, 'abs_contribution': 0.1634, 'importance': 'LOW', 'direction': 'normal'}, {'feature': 'humidity', 'display_name': 'Humidity', 'contribution': 0.0716, 'abs_contribution': 0.0716, 'importance': 'LOW', 'direction': 'normal'}, {'feature': 'pressure_rate_of_change', 'display_name': 'Pressure Rate Of Change', 'contribution': 0.0621, 'abs_contribution': 0.0621, 'importance': 'LOW', 'direction': 'normal'}, {'feature': 'humidity_zscore', 'display_name': 'Humidity Zscore', 'contribution': 0.0601, 'abs_contribution': 0.0601, 'importance': 'LOW', 'direction': 'normal'}, {'feature': 'temperature_rate_of_change', 'display_name': 'Temperature Rate Of Change', 'contribution': -0.0446, 'abs_contribution': 0.0446, 'importance': 'LOW', 'direction': 'anomalous'}, {'feature': 'humidity_deviation', 'display_name': 'Humidity Deviation', 'contribution': -0.0265, 'abs_contribution': 0.0265, 'importance': 'LOW', 'direction': 'anomalous'}], 'summary': 'Temperature Zscore had the strongest contribution to the Isolation Forest decision.'}"
ST01,2026-08-28 05:30:00,Sensor fault,True,False,False,False,False,75.0,QUARANTINE,CRITICAL - send immediately,,
ST01,2026-08-28 06:30:00,Sensor fault,True,False,False,False,False,75.0,QUARANTINE,CRITICAL - send immediately,,
ST01,2026-08-28 07:00:00,Sensor fault,True,False,False,False,False,75.0,QUARANTINE,CRITICAL - send immediately,,
ST01,2026-08-28 05:50:00,Sensor fault,True,False,False,False,False,75.0,QUARANTINE,CRITICAL - send immediately,,
ST01,2026-08-28 07:10:00,Sensor fault,True,False,False,False,False,75.0,QUARANTINE,CRITICAL - send immediately,,
ST01,2026-08-28 06:00:00,Sensor fault,True,False,False,False,False,75.0,QUARANTINE,CRITICAL - send immediately,,
ST01,2026-08-28 05:20:00,Sensor fault,True,False,False,False,False,75.0,QUARANTINE,CRITICAL - send immediately,,
ST01,2026-08-28 06:10:00,Sensor fault,True,False,False,False,False,75.0,QUARANTINE,CRITICAL - send immediately,,
ST01,2026-08-28 05:40:00,Sensor fault,True,False,False,False,False,75.0,QUARANTINE,CRITICAL - send immediately,,
ST01,2026-08-28 07:40:00,Sensor fault,True,False,False,False,False,75.0,QUARANTINE,CRITICAL - send immediately,,
ST01,2026-08-28 07:50:00,Sensor fault,True,False,False,False,False,75.0,QUARANTINE,CRITICAL - send immediately,,
ST01,2026-08-28 07:30:00,Sensor fault,True,False,False,False,False,75.0,QUARANTINE,CRITICAL - send immediately,,
ST01,2026-08-28 06:40:00,Sensor fault,True,False,False,False,False,75.0,QUARANTINE,CRITICAL - send immediately,,
ST01,2026-08-28 07:20:00,Sensor fault,True,False,False,False,False,75.0,QUARANTINE,CRITICAL - send immediately,,
ST01,2026-08-28 06:50:00,Sensor fault,True,False,False,False,False,75.0,QUARANTINE,CRITICAL - send immediately,,
ST01,2026-08-28 05:10:00,Sensor fault,True,False,False,False,False,75.0,QUARANTINE,CRITICAL - send immediately,,
ST01,2026-08-28 06:20:00,Sensor fault,True,False,False,False,False,75.0,QUARANTINE,CRITICAL - send immediately,,
ST02,2026-08-28 09:40:00,Sensor fault,True,False,False,False,False,75.0,QUARANTINE,CRITICAL - send immediately,,
ST02,2026-08-28 10:20:00,Sensor fault,True,False,False,False,False,75.0,QUARANTINE,CRITICAL - send immediately,,
ST02,2026-08-28 09:30:00,Sensor fault,True,False,False,False,False,75.0,QUARANTINE,CRITICAL - send immediately,,
ST02,2026-08-28 08:50:00,Sensor fault,True,False,False,False,False,75.0,QUARANTINE,CRITICAL - send immediately,,
ST02,2026-08-28 10:10:00,Sensor fault,True,False,False,False,False,75.0,QUARANTINE,CRITICAL - send immediately,,
ST02,2026-08-28 10:50:00,Sensor fault,True,False,False,False,False,75.0,QUARANTINE,CRITICAL - send immediately,,
ST02,2026-08-28 10:30:00,Sensor fault,True,False,False,False,False,75.0,QUARANTINE,CRITICAL - send immediately,,
ST02,2026-08-28 09:00:00,Sensor fault,True,False,False,False,False,75.0,QUARANTINE,CRITICAL - send immediately,,
ST02,2026-08-28 09:20:00,Sensor fault,True,False,False,False,False,75.0,QUARANTINE,CRITICAL - send immediately,,
ST02,2026-08-28 09:50:00,Sensor fault,True,False,False,False,False,75.0,QUARANTINE,CRITICAL - send immediately,,
ST02,2026-08-28 11:00:00,Sensor fault,True,False,False,False,False,75.0,QUARANTINE,CRITICAL - send immediately,,
ST02,2026-08-29 06:50:00,Possible tampering,False,False,True,True,False,75.0,QUARANTINE,CRITICAL - send immediately,"1004.8hPa to 1006.8hPa (estimated, not confirmed)","{'available': True, 'model': 'Isolation Forest', 'top_features': [{'feature': 'pressure_zscore', 'display_name': 'Pressure Zscore', 'contribution': -0.8804, 'abs_contribution': 0.8804, 'importance': 'HIGH', 'direction': 'anomalous'}, {'feature': 'pressure', 'display_name': 'Pressure', 'contribution': -0.7927, 'abs_contribution': 0.7927, 'importance': 'HIGH', 'direction': 'anomalous'}, {'feature': 'pressure_deviation', 'display_name': 'Pressure Deviation', 'contribution': -0.6239, 'abs_contribution': 0.6239, 'importance': 'MEDIUM', 'direction': 'anomalous'}, {'feature': 'pressure_rate_of_change', 'display_name': 'Pressure Rate Of Change', 'contribution': -0.5581, 'abs_contribution': 0.5581, 'importance': 'MEDIUM', 'direction': 'anomalous'}, {'feature': 'temperature_deviation', 'display_name': 'Temperature Deviation', 'contribution': -0.259, 'abs_contribution': 0.259, 'importance': 'MEDIUM', 'direction': 'anomalous'}, {'feature': 'temperature_zscore', 'display_name': 'Temperature Zscore', 'contribution': -0.2393, 'abs_contribution': 0.2393, 'importance': 'MEDIUM', 'direction': 'anomalous'}, {'feature': 'humidity_zscore', 'display_name': 'Humidity Zscore', 'contribution': -0.158, 'abs_contribution': 0.158, 'importance': 'LOW', 'direction': 'anomalous'}, {'feature': 'humidity_rate_of_change', 'display_name': 'Humidity Rate Of Change', 'contribution': -0.1543, 'abs_contribution': 0.1543, 'importance': 'LOW', 'direction': 'anomalous'}, {'feature': 'temperature', 'display_name': 'Temperature', 'contribution': 0.1101, 'abs_contribution': 0.1101, 'importance': 'LOW', 'direction': 'normal'}, {'feature': 'humidity', 'display_name': 'Humidity', 'contribution': -0.0542, 'abs_contribution': 0.0542, 'importance': 'LOW', 'direction': 'anomalous'}, {'feature': 'temperature_rate_of_change', 'display_name': 'Temperature Rate Of Change', 'contribution': 0.0487, 'abs_contribution': 0.0487, 'importance': 'LOW', 'direction': 'normal'}, {'feature': 'humidity_deviation', 'display_name': 'Humidity Deviation', 'contribution': -0.0476, 'abs_contribution': 0.0476, 'importance': 'LOW', 'direction': 'anomalous'}, {'feature': 'temp_humidity_ratio', 'display_name': 'Temp Humidity Ratio', 'contribution': 0.0349, 'abs_contribution': 0.0349, 'importance': 'LOW', 'direction': 'normal'}, {'feature': 'dew_point', 'display_name': 'Dew Point', 'contribution': -0.013, 'abs_contribution': 0.013, 'importance': 'LOW', 'direction': 'anomalous'}], 'summary': 'Pressure Zscore had the strongest contribution to the Isolation Forest decision.'}"
ST02,2026-08-28 10:00:00,Sensor fault,True,False,False,False,False,75.0,QUARANTINE,CRITICAL - send immediately,,
ST02,2026-08-28 09:10:00,Sensor fault,True,False,False,False,False,75.0,QUARANTINE,CRITICAL - send immediately,,
ST02,2026-08-28 08:40:00,Sensor fault,True,False,False,False,False,75.0,QUARANTINE,CRITICAL - send immediately,,
ST02,2026-08-28 10:40:00,Sensor fault,True,False,False,False,False,75.0,QUARANTINE,CRITICAL - send immediately,,
ST02,2026-08-28 11:10:00,Sensor fault,True,False,False,False,False,75.0,QUARANTINE,CRITICAL - send immediately,,
ST06,2026-08-28 14:30:00,Sensor fault,True,False,False,False,False,75.0,QUARANTINE,CRITICAL - send immediately,,
ST06,2026-08-28 15:20:00,Sensor fault,True,False,False,False,False,75.0,QUARANTINE,CRITICAL - send immediately,,
ST06,2026-08-28 13:30:00,Sensor fault,True,False,False,False,False,75.0,QUARANTINE,CRITICAL - send immediately,,
ST06,2026-08-28 14:00:00,Sensor fault,True,False,False,False,False,75.0,QUARANTINE,CRITICAL - send immediately,,
ST06,2026-08-28 15:30:00,Sensor fault,True,False,False,False,False,75.0,QUARANTINE,CRITICAL - send immediately,,
ST06,2026-08-28 13:40:00,Sensor fault,True,False,False,False,False,75.0,QUARANTINE,CRITICAL - send immediately,,
ST06,2026-08-28 14:10:00,Sensor fault,True,False,False,False,False,75.0,QUARANTINE,CRITICAL - send immediately,,
ST06,2026-08-28 13:20:00,Sensor fault,True,False,False,False,False,75.0,QUARANTINE,CRITICAL - send immediately,,
ST06,2026-08-28 13:50:00,Sensor fault,True,False,False,False,False,75.0,QUARANTINE,CRITICAL - send immediately,,
ST06,2026-08-28 15:50:00,Sensor fault,True,False,False,False,False,75.0,QUARANTINE,CRITICAL - send immediately,,
ST06,2026-08-28 15:10:00,Sensor fault,True,False,False,False,False,75.0,QUARANTINE,CRITICAL - send immediately,,
ST06,2026-08-28 14:50:00,Sensor fault,True,False,False,False,False,75.0,QUARANTINE,CRITICAL - send immediately,,
ST06,2026-08-28 15:40:00,Sensor fault,True,False,False,False,False,75.0,QUARANTINE,CRITICAL - send immediately,,
ST06,2026-08-28 16:00:00,Sensor fault,True,False,False,False,False,75.0,QUARANTINE,CRITICAL - send immediately,,
ST06,2026-08-28 14:20:00,Sensor fault,True,False,False,False,False,75.0,QUARANTINE,CRITICAL - send immediately,,
ST06,2026-08-28 15:00:00,Sensor fault,True,False,False,False,False,75.0,QUARANTINE,CRITICAL - send immediately,,
ST06,2026-08-28 14:40:00,Sensor fault,True,False,False,False,False,75.0,QUARANTINE,CRITICAL - send immediately,,
ST06,2026-08-28 16:10:00,Sensor fault,True,False,False,False,False,75.0,QUARANTINE,CRITICAL - send immediately,,
ST08,2026-08-29 07:50:00,Possible tampering,False,False,True,True,False,75.0,QUARANTINE,CRITICAL - send immediately,"1010.0hPa to 1012.0hPa (estimated, not confirmed)","{'available': True, 'model': 'Isolation Forest', 'top_features': [{'feature': 'pressure_zscore', 'display_name': 'Pressure Zscore', 'contribution': -1.0392, 'abs_contribution': 1.0392, 'importance': 'HIGH', 'direction': 'anomalous'}, {'feature': 'pressure', 'display_name': 'Pressure', 'contribution': -1.0216, 'abs_contribution': 1.0216, 'importance': 'HIGH', 'direction': 'anomalous'}, {'feature': 'pressure_deviation', 'display_name': 'Pressure Deviation', 'contribution': -0.7259, 'abs_contribution': 0.7259, 'importance': 'MEDIUM', 'direction': 'anomalous'}, {'feature': 'temperature_rate_of_change', 'display_name': 'Temperature Rate Of Change', 'contribution': -0.5258, 'abs_contribution': 0.5258, 'importance': 'MEDIUM', 'direction': 'anomalous'}, {'feature': 'pressure_rate_of_change', 'display_name': 'Pressure Rate Of Change', 'contribution': -0.3581, 'abs_contribution': 0.3581, 'importance': 'MEDIUM', 'direction': 'anomalous'}, {'feature': 'humidity_rate_of_change', 'display_name': 'Humidity Rate Of Change', 'contribution': -0.1349, 'abs_contribution': 0.1349, 'importance': 'LOW', 'direction': 'anomalous'}, {'feature': 'temperature_zscore', 'display_name': 'Temperature Zscore', 'contribution': -0.1335, 'abs_contribution': 0.1335, 'importance': 'LOW', 'direction': 'anomalous'}, {'feature': 'dew_point', 'display_name': 'Dew Point', 'contribution': 0.1224, 'abs_contribution': 0.1224, 'importance': 'LOW', 'direction': 'normal'}, {'feature': 'temperature_deviation', 'display_name': 'Temperature Deviation', 'contribution': -0.0797, 'abs_contribution': 0.0797, 'importance': 'LOW', 'direction': 'anomalous'}, {'feature': 'humidity_zscore', 'display_name': 'Humidity Zscore', 'contribution': 0.0558, 'abs_contribution': 0.0558, 'importance': 'LOW', 'direction': 'normal'}, {'feature': 'temp_humidity_ratio', 'display_name': 'Temp Humidity Ratio', 'contribution': -0.037, 'abs_contribution': 0.037, 'importance': 'LOW', 'direction': 'anomalous'}, {'feature': 'temperature', 'display_name': 'Temperature', 'contribution': 0.0368, 'abs_contribution': 0.0368, 'importance': 'LOW', 'direction': 'normal'}, {'feature': 'humidity', 'display_name': 'Humidity', 'contribution': 0.0116, 'abs_contribution': 0.0116, 'importance': 'LOW', 'direction': 'normal'}, {'feature': 'humidity_deviation', 'display_name': 'Humidity Deviation', 'contribution': -0.0044, 'abs_contribution': 0.0044, 'importance': 'LOW', 'direction': 'anomalous'}], 'summary': 'Pressure Zscore had the strongest contribution to the Isolation Forest decision.'}"
ST08,2026-08-28 09:30:00,Possible tampering,False,False,True,True,False,75.0,QUARANTINE,CRITICAL - send immediately,"65.6% to 67.6% (estimated, not confirmed)","{'available': True, 'model': 'Isolation Forest', 'top_features': [{'feature': 'pressure_zscore', 'display_name': 'Pressure Zscore', 'contribution': -0.6697, 'abs_contribution': 0.6697, 'importance': 'MEDIUM', 'direction': 'anomalous'}, {'feature': 'pressure_deviation', 'display_name': 'Pressure Deviation', 'contribution': -0.6278, 'abs_contribution': 0.6278, 'importance': 'MEDIUM', 'direction': 'anomalous'}, {'feature': 'humidity_deviation', 'display_name': 'Humidity Deviation', 'contribution': -0.5678, 'abs_contribution': 0.5678, 'importance': 'MEDIUM', 'direction': 'anomalous'}, {'feature': 'temp_humidity_ratio', 'display_name': 'Temp Humidity Ratio', 'contribution': -0.4952, 'abs_contribution': 0.4952, 'importance': 'MEDIUM', 'direction': 'anomalous'}, {'feature': 'pressure', 'display_name': 'Pressure', 'contribution': -0.4951, 'abs_contribution': 0.4951, 'importance': 'MEDIUM', 'direction': 'anomalous'}, {'feature': 'humidity', 'display_name': 'Humidity', 'contribution': -0.4708, 'abs_contribution': 0.4708, 'importance': 'MEDIUM', 'direction': 'anomalous'}, {'feature': 'humidity_zscore', 'display_name': 'Humidity Zscore', 'contribution': -0.4518, 'abs_contribution': 0.4518, 'importance': 'MEDIUM', 'direction': 'anomalous'}, {'feature': 'humidity_rate_of_change', 'display_name': 'Humidity Rate Of Change', 'contribution': -0.1985, 'abs_contribution': 0.1985, 'importance': 'LOW', 'direction': 'anomalous'}, {'feature': 'dew_point', 'display_name': 'Dew Point', 'contribution': -0.1228, 'abs_contribution': 0.1228, 'importance': 'LOW', 'direction': 'anomalous'}, {'feature': 'temperature', 'display_name': 'Temperature', 'contribution': 0.1178, 'abs_contribution': 0.1178, 'importance': 'LOW', 'direction': 'normal'}, {'feature': 'temperature_deviation', 'display_name': 'Temperature Deviation', 'contribution': 0.0989, 'abs_contribution': 0.0989, 'importance': 'LOW', 'direction': 'normal'}, {'feature': 'temperature_rate_of_change', 'display_name': 'Temperature Rate Of Change', 'contribution': -0.0884, 'abs_contribution': 0.0884, 'importance': 'LOW', 'direction': 'anomalous'}, {'feature': 'pressure_rate_of_change', 'display_name': 'Pressure Rate Of Change', 'contribution': 0.0466, 'abs_contribution': 0.0466, 'importance': 'LOW', 'direction': 'normal'}, {'feature': 'temperature_zscore', 'display_name': 'Temperature Zscore', 'contribution': 0.0043, 'abs_contribution': 0.0043, 'importance': 'LOW', 'direction': 'normal'}], 'summary': 'Pressure Zscore had the strongest contribution to the Isolation Forest decision.'}"
ST09,2026-08-28 18:10:00,Possible tampering,False,False,True,True,False,75.0,QUARANTINE,CRITICAL - send immediately,"50.8% to 52.8% (estimated, not confirmed)","{'available': True, 'model': 'Isolation Forest', 'top_features': [{'feature': 'humidity', 'display_name': 'Humidity', 'contribution': -0.962, 'abs_contribution': 0.962, 'importance': 'HIGH', 'direction': 'anomalous'}, {'feature': 'humidity_zscore', 'display_name': 'Humidity Zscore', 'contribution': -0.8262, 'abs_contribution': 0.8262, 'importance': 'MEDIUM', 'direction': 'anomalous'}, {'feature': 'humidity_deviation', 'display_name': 'Humidity Deviation', 'contribution': -0.8175, 'abs_contribution': 0.8175, 'importance': 'MEDIUM', 'direction': 'anomalous'}, {'feature': 'temp_humidity_ratio', 'display_name': 'Temp Humidity Ratio', 'contribution': -0.7769, 'abs_contribution': 0.7769, 'importance': 'MEDIUM', 'direction': 'anomalous'}, {'feature': 'humidity_rate_of_change', 'display_name': 'Humidity Rate Of Change', 'contribution': -0.7125, 'abs_contribution': 0.7125, 'importance': 'MEDIUM', 'direction': 'anomalous'}, {'feature': 'pressure_rate_of_change', 'display_name': 'Pressure Rate Of Change', 'contribution': 0.1283, 'abs_contribution': 0.1283, 'importance': 'LOW', 'direction': 'normal'}, {'feature': 'pressure', 'display_name': 'Pressure', 'contribution': 0.1268, 'abs_contribution': 0.1268, 'importance': 'LOW', 'direction': 'normal'}, {'feature': 'pressure_deviation', 'display_name': 'Pressure Deviation', 'contribution': 0.1215, 'abs_contribution': 0.1215, 'importance': 'LOW', 'direction': 'normal'}, {'feature': 'temperature', 'display_name': 'Temperature', 'contribution': -0.1185, 'abs_contribution': 0.1185, 'importance': 'LOW', 'direction': 'anomalous'}, {'feature': 'pressure_zscore', 'display_name': 'Pressure Zscore', 'contribution': 0.1119, 'abs_contribution': 0.1119, 'importance': 'LOW', 'direction': 'normal'}, {'feature': 'dew_point', 'display_name': 'Dew Point', 'contribution': 0.0948, 'abs_contribution': 0.0948, 'importance': 'LOW', 'direction': 'normal'}, {'feature': 'temperature_deviation', 'display_name': 'Temperature Deviation', 'contribution': 0.0889, 'abs_contribution': 0.0889, 'importance': 'LOW', 'direction': 'normal'}, {'feature': 'temperature_zscore', 'display_name': 'Temperature Zscore', 'contribution': 0.0445, 'abs_contribution': 0.0445, 'importance': 'LOW', 'direction': 'normal'}, {'feature': 'temperature_rate_of_change', 'display_name': 'Temperature Rate Of Change', 'contribution': 0.028, 'abs_contribution': 0.028, 'importance': 'LOW', 'direction': 'normal'}], 'summary': 'Humidity had the strongest contribution to the Isolation Forest decision.'}"
ST02,2026-08-29 07:00:00,Possible tampering,False,False,True,False,False,74.5,QUARANTINE,CRITICAL - send immediately,"25.8°C to 28.9°C (estimated, not confirmed)",
ST02,2026-08-29 02:30:00,Possible tampering,False,False,True,False,False,74.2,QUARANTINE,CRITICAL - send immediately,"25.8°C to 27.8°C (estimated, not confirmed)",
ST02,2026-08-28 19:00:00,Possible tampering,False,False,True,False,False,73.8,QUARANTINE,CRITICAL - send immediately,"26.1°C to 28.1°C (estimated, not confirmed)",
ST07,2026-08-29 05:50:00,Sensor fault,True,False,True,False,False,73.8,QUARANTINE,CRITICAL - send immediately,"27.0°C to 29.0°C (estimated, not confirmed)",
ST04,2026-08-29 04:30:00,Possible tampering,False,False,True,True,False,73.7,QUARANTINE,CRITICAL - send immediately,"1009.2hPa to 1011.2hPa (estimated, not confirmed)","{'available': True, 'model': 'Isolation Forest', 'top_features': [{'feature': 'pressure', 'display_name': 'Pressure', 'contribution': -0.8169, 'abs_contribution': 0.8169, 'importance': 'MEDIUM', 'direction': 'anomalous'}, {'feature': 'pressure_deviation', 'display_name': 'Pressure Deviation', 'contribution': -0.8132, 'abs_contribution': 0.8132, 'importance': 'MEDIUM', 'direction': 'anomalous'}, {'feature': 'pressure_zscore', 'display_name': 'Pressure Zscore', 'contribution': -0.8081, 'abs_contribution': 0.8081, 'importance': 'MEDIUM', 'direction': 'anomalous'}, {'feature': 'humidity', 'display_name': 'Humidity', 'contribution': -0.4984, 'abs_contribution': 0.4984, 'importance': 'MEDIUM', 'direction': 'anomalous'}, {'feature': 'pressure_rate_of_change', 'display_name': 'Pressure Rate Of Change', 'contribution': -0.4662, 'abs_contribution': 0.4662, 'importance': 'MEDIUM', 'direction': 'anomalous'}, {'feature': 'humidity_zscore', 'display_name': 'Humidity Zscore', 'contribution': -0.4439, 'abs_contribution': 0.4439, 'importance': 'MEDIUM', 'direction': 'anomalous'}, {'feature': 'humidity_rate_of_change', 'display_name': 'Humidity Rate Of Change', 'contribution': -0.4412, 'abs_contribution': 0.4412, 'importance': 'MEDIUM', 'direction': 'anomalous'}, {'feature': 'humidity_deviation', 'display_name': 'Humidity Deviation', 'contribution': -0.3655, 'abs_contribution': 0.3655, 'importance': 'MEDIUM', 'direction': 'anomalous'}, {'feature': 'dew_point', 'display_name': 'Dew Point', 'contribution': -0.2356, 'abs_contribution': 0.2356, 'importance': 'LOW', 'direction': 'anomalous'}, {'feature': 'temperature_deviation', 'display_name': 'Temperature Deviation', 'contribution': 0.1064, 'abs_contribution': 0.1064, 'importance': 'LOW', 'direction': 'normal'}, {'feature': 'temperature_zscore', 'display_name': 'Temperature Zscore', 'contribution': 0.1016, 'abs_contribution': 0.1016, 'importance': 'LOW', 'direction': 'normal'}, {'feature': 'temperature_rate_of_change', 'display_name': 'Temperature Rate Of Change', 'contribution': 0.0696, 'abs_contribution': 0.0696, 'importance': 'LOW', 'direction': 'normal'}, {'feature': 'temperature', 'display_name': 'Temperature', 'contribution': 0.023, 'abs_contribution': 0.023, 'importance': 'LOW', 'direction': 'normal'}, {'feature': 'temp_humidity_ratio', 'display_name': 'Temp Humidity Ratio', 'contribution': -0.0126, 'abs_contribution': 0.0126, 'importance': 'LOW', 'direction': 'anomalous'}], 'summary': 'Pressure had the strongest contribution to the Isolation Forest decision.'}"
ST04,2026-08-28 23:20:00,Possible tampering,False,False,True,False,False,73.2,QUARANTINE,CRITICAL - send immediately,"36.6°C to 38.8°C (estimated, not confirmed)",
ST04,2026-08-28 13:00:00,Possible tampering,False,False,True,True,False,72.6,QUARANTINE,CRITICAL - send immediately,"1006.0hPa to 1008.0hPa (estimated, not confirmed)","{'available': True, 'model': 'Isolation Forest', 'top_features': [{'feature': 'temperature_zscore', 'display_name': 'Temperature Zscore', 'contribution': -0.8431, 'abs_contribution': 0.8431, 'importance': 'HIGH', 'direction': 'anomalous'}, {'feature': 'pressure_zscore', 'display_name': 'Pressure Zscore', 'contribution': -0.4783, 'abs_contribution': 0.4783, 'importance': 'MEDIUM', 'direction': 'anomalous'}, {'feature': 'temperature_rate_of_change', 'display_name': 'Temperature Rate Of Change', 'contribution': -0.4746, 'abs_contribution': 0.4746, 'importance': 'MEDIUM', 'direction': 'anomalous'}, {'feature': 'temperature_deviation', 'display_name': 'Temperature Deviation', 'contribution': -0.474, 'abs_contribution': 0.474, 'importance': 'MEDIUM', 'direction': 'anomalous'}, {'feature': 'pressure_rate_of_change', 'display_name': 'Pressure Rate Of Change', 'contribution': -0.3734, 'abs_contribution': 0.3734, 'importance': 'MEDIUM', 'direction': 'anomalous'}, {'feature': 'pressure', 'display_name': 'Pressure', 'contribution': -0.3595, 'abs_contribution': 0.3595, 'importance': 'MEDIUM', 'direction': 'anomalous'}, {'feature': 'temperature', 'display_name': 'Temperature', 'contribution': -0.2489, 'abs_contribution': 0.2489, 'importance': 'MEDIUM', 'direction': 'anomalous'}, {'feature': 'pressure_deviation', 'display_name': 'Pressure Deviation', 'contribution': -0.2241, 'abs_contribution': 0.2241, 'importance': 'LOW', 'direction': 'anomalous'}, {'feature': 'temp_humidity_ratio', 'display_name': 'Temp Humidity Ratio', 'contribution': -0.1619, 'abs_contribution': 0.1619, 'importance': 'LOW', 'direction': 'anomalous'}, {'feature': 'humidity_zscore', 'display_name': 'Humidity Zscore', 'contribution': 0.1133, 'abs_contribution': 0.1133, 'importance': 'LOW', 'direction': 'normal'}, {'feature': 'humidity', 'display_name': 'Humidity', 'contribution': 0.1086, 'abs_contribution': 0.1086, 'importance': 'LOW', 'direction': 'normal'}, {'feature': 'dew_point', 'display_name': 'Dew Point', 'contribution': -0.0982, 'abs_contribution': 0.0982, 'importance': 'LOW', 'direction': 'anomalous'}, {'feature': 'humidity_rate_of_change', 'display_name': 'Humidity Rate Of Change', 'contribution': -0.04, 'abs_contribution': 0.04, 'importance': 'LOW', 'direction': 'anomalous'}, {'feature': 'humidity_deviation', 'display_name': 'Humidity Deviation', 'contribution': 0.0298, 'abs_contribution': 0.0298, 'importance': 'LOW', 'direction': 'normal'}], 'summary': 'Temperature Zscore had the strongest contribution to the Isolation Forest decision.'}"
ST07,2026-08-28 22:50:00,Sensor fault,True,False,True,False,False,71.9,QUARANTINE,CRITICAL - send immediately,"28.3°C to 30.3°C (estimated, not confirmed)",
ST02,2026-08-28 03:50:00,Possible tampering,False,False,True,False,False,71.7,QUARANTINE,CRITICAL - send immediately,"25.5°C to 28.3°C (estimated, not confirmed)",
ST04,2026-08-28 13:10:00,Sensor fault,True,False,True,False,False,70.4,QUARANTINE,CRITICAL - send immediately,"24.9°C to 26.9°C (estimated, not confirmed)",
ST02,2026-08-28 16:20:00,Possible tampering,False,False,True,False,False,70.3,QUARANTINE,CRITICAL - send immediately,"25.2°C to 26.6°C (estimated, not confirmed)",
ST02,2026-08-28 17:10:00,Possible tampering,False,False,True,False,False,70.2,QUARANTINE,CRITICAL - send immediately,"24.9°C to 26.9°C (estimated, not confirmed)",
ST09,2026-08-28 22:50:00,Possible tampering,False,False,True,True,False,70.1,QUARANTINE,CRITICAL - send immediately,"28.8°C to 30.8°C (estimated, not confirmed)","{'available': True, 'model': 'Isolation Forest', 'top_features': [{'feature': 'temperature_zscore', 'display_name': 'Temperature Zscore', 'contribution': -0.8338, 'abs_contribution': 0.8338, 'importance': 'HIGH', 'direction': 'anomalous'}, {'feature': 'temp_humidity_ratio', 'display_name': 'Temp Humidity Ratio', 'contribution': -0.7691, 'abs_contribution': 0.7691, 'importance': 'HIGH', 'direction': 'anomalous'}, {'feature': 'temperature_deviation', 'display_name': 'Temperature Deviation', 'contribution': -0.6888, 'abs_contribution': 0.6888, 'importance': 'MEDIUM', 'direction': 'anomalous'}, {'feature': 'temperature', 'display_name': 'Temperature', 'contribution': -0.4318, 'abs_contribution': 0.4318, 'importance': 'MEDIUM', 'direction': 'anomalous'}, {'feature': 'temperature_rate_of_change', 'display_name': 'Temperature Rate Of Change', 'contribution': -0.2694, 'abs_contribution': 0.2694, 'importance': 'MEDIUM', 'direction': 'anomalous'}, {'feature': 'humidity_deviation', 'display_name': 'Humidity Deviation', 'contribution': -0.2586, 'abs_contribution': 0.2586, 'importance': 'MEDIUM', 'direction': 'anomalous'}, {'feature': 'humidity_zscore', 'display_name': 'Humidity Zscore', 'contribution': -0.1804, 'abs_contribution': 0.1804, 'importance': 'LOW', 'direction': 'anomalous'}, {'feature': 'pressure_zscore', 'display_name': 'Pressure Zscore', 'contribution': -0.1507, 'abs_contribution': 0.1507, 'importance': 'LOW', 'direction': 'anomalous'}, {'feature': 'humidity_rate_of_change', 'display_name': 'Humidity Rate Of Change', 'contribution': -0.127, 'abs_contribution': 0.127, 'importance': 'LOW', 'direction': 'anomalous'}, {'feature': 'pressure_rate_of_change', 'display_name': 'Pressure Rate Of Change', 'contribution': 0.1187, 'abs_contribution': 0.1187, 'importance': 'LOW', 'direction': 'normal'}, {'feature': 'pressure_deviation', 'display_name': 'Pressure Deviation', 'contribution': -0.1117, 'abs_contribution': 0.1117, 'importance': 'LOW', 'direction': 'anomalous'}, {'feature': 'pressure', 'display_name': 'Pressure', 'contribution': -0.109, 'abs_contribution': 0.109, 'importance': 'LOW', 'direction': 'anomalous'}, {'feature': 'humidity', 'display_name': 'Humidity', 'contribution': -0.1081, 'abs_contribution': 0.1081, 'importance': 'LOW', 'direction': 'anomalous'}, {'feature': 'dew_point', 'display_name': 'Dew Point', 'contribution': -0.0243, 'abs_contribution': 0.0243, 'importance': 'LOW', 'direction': 'anomalous'}], 'summary': 'Temperature Zscore had the strongest contribution to the Isolation Forest decision.'}"
ST05,2026-08-28 06:50:00,Sensor fault,True,True,False,False,False,70.0,QUARANTINE,CRITICAL - send immediately,,
ST05,2026-08-28 23:30:00,Sensor fault,True,True,False,False,False,70.0,QUARANTINE,CRITICAL - send immediately,,
ST07,2026-08-28 16:00:00,Sensor fault,True,True,False,False,False,70.0,QUARANTINE,CRITICAL - send immediately,,
ST08,2026-08-29 05:00:00,Sensor fault,True,True,False,False,False,70.0,QUARANTINE,CRITICAL - send immediately,,
ST10,2026-08-28 18:30:00,Sensor fault,True,True,False,False,False,70.0,QUARANTINE,CRITICAL - send immediately,,
ST02,2026-08-29 06:40:00,Sensor fault,True,False,False,True,False,69.7,QUARANTINE,CRITICAL - send immediately,,"{'available': True, 'model': 'Isolation Forest', 'top_features': [{'feature': 'humidity', 'display_name': 'Humidity', 'contribution': -0.8323, 'abs_contribution': 0.8323, 'importance': 'MEDIUM', 'direction': 'anomalous'}, {'feature': 'temperature_rate_of_change', 'display_name': 'Temperature Rate Of Change', 'contribution': -0.7643, 'abs_contribution': 0.7643, 'importance': 'MEDIUM', 'direction': 'anomalous'}, {'feature': 'humidity_zscore', 'display_name': 'Humidity Zscore', 'contribution': -0.7583, 'abs_contribution': 0.7583, 'importance': 'MEDIUM', 'direction': 'anomalous'}, {'feature': 'humidity_deviation', 'display_name': 'Humidity Deviation', 'contribution': -0.5645, 'abs_contribution': 0.5645, 'importance': 'MEDIUM', 'direction': 'anomalous'}, {'feature': 'temperature_zscore', 'display_name': 'Temperature Zscore', 'contribution': -0.5195, 'abs_contribution': 0.5195, 'importance': 'MEDIUM', 'direction': 'anomalous'}, {'feature': 'temperature_deviation', 'display_name': 'Temperature Deviation', 'contribution': -0.4483, 'abs_contribution': 0.4483, 'importance': 'MEDIUM', 'direction': 'anomalous'}, {'feature': 'temp_humidity_ratio', 'display_name': 'Temp Humidity Ratio', 'contribution': -0.357, 'abs_contribution': 0.357, 'importance': 'MEDIUM', 'direction': 'anomalous'}, {'feature': 'pressure_zscore', 'display_name': 'Pressure Zscore', 'contribution': -0.3028, 'abs_contribution': 0.3028, 'importance': 'MEDIUM', 'direction': 'anomalous'}, {'feature': 'pressure', 'display_name': 'Pressure', 'contribution': -0.1905, 'abs_contribution': 0.1905, 'importance': 'LOW', 'direction': 'anomalous'}, {'feature': 'pressure_deviation', 'display_name': 'Pressure Deviation', 'contribution': -0.1145, 'abs_contribution': 0.1145, 'importance': 'LOW', 'direction': 'anomalous'}, {'feature': 'temperature', 'display_name': 'Temperature', 'contribution': 0.0713, 'abs_contribution': 0.0713, 'importance': 'LOW', 'direction': 'normal'}, {'feature': 'pressure_rate_of_change', 'display_name': 'Pressure Rate Of Change', 'contribution': 0.0451, 'abs_contribution': 0.0451, 'importance': 'LOW', 'direction': 'normal'}, {'feature': 'dew_point', 'display_name': 'Dew Point', 'contribution': 0.0405, 'abs_contribution': 0.0405, 'importance': 'LOW', 'direction': 'normal'}, {'feature': 'humidity_rate_of_change', 'display_name': 'Humidity Rate Of Change', 'contribution': -0.0223, 'abs_contribution': 0.0223, 'importance': 'LOW', 'direction': 'anomalous'}], 'summary': 'Humidity had the strongest contribution to the Isolation Forest decision.'}"
ST04,2026-08-28 06:40:00,Possible tampering,False,False,True,True,False,69.6,QUARANTINE,CRITICAL - send immediately,"26.7°C to 28.7°C (estimated, not confirmed)","{'available': True, 'model': 'Isolation Forest', 'top_features': [{'feature': 'humidity', 'display_name': 'Humidity', 'contribution': -0.8221, 'abs_contribution': 0.8221, 'importance': 'MEDIUM', 'direction': 'anomalous'}, {'feature': 'humidity_zscore', 'display_name': 'Humidity Zscore', 'contribution': -0.7254, 'abs_contribution': 0.7254, 'importance': 'MEDIUM', 'direction': 'anomalous'}, {'feature': 'humidity_rate_of_change', 'display_name': 'Humidity Rate Of Change', 'contribution': -0.6393, 'abs_contribution': 0.6393, 'importance': 'MEDIUM', 'direction': 'anomalous'}, {'feature': 'dew_point', 'display_name': 'Dew Point', 'contribution': -0.5072, 'abs_contribution': 0.5072, 'importance': 'MEDIUM', 'direction': 'anomalous'}, {'feature': 'humidity_deviation', 'display_name': 'Humidity Deviation', 'contribution': -0.4874, 'abs_contribution': 0.4874, 'importance': 'MEDIUM', 'direction': 'anomalous'}, {'feature': 'temperature_zscore', 'display_name': 'Temperature Zscore', 'contribution': -0.3971, 'abs_contribution': 0.3971, 'importance': 'MEDIUM', 'direction': 'anomalous'}, {'feature': 'temperature_rate_of_change', 'display_name': 'Temperature Rate Of Change', 'contribution': -0.32, 'abs_contribution': 0.32, 'importance': 'MEDIUM', 'direction': 'anomalous'}, {'feature': 'temperature_deviation', 'display_name': 'Temperature Deviation', 'contribution': -0.2953, 'abs_contribution': 0.2953, 'importance': 'MEDIUM', 'direction': 'anomalous'}, {'feature': 'temperature', 'display_name': 'Temperature', 'contribution': -0.1608, 'abs_contribution': 0.1608, 'importance': 'LOW', 'direction': 'anomalous'}, {'feature': 'pressure_rate_of_change', 'display_name': 'Pressure Rate Of Change', 'contribution': 0.0936, 'abs_contribution': 0.0936, 'importance': 'LOW', 'direction': 'normal'}, {'feature': 'pressure', 'display_name': 'Pressure', 'contribution': 0.091, 'abs_contribution': 0.091, 'importance': 'LOW', 'direction': 'normal'}, {'feature': 'pressure_deviation', 'display_name': 'Pressure Deviation', 'contribution': 0.0533, 'abs_contribution': 0.0533, 'importance': 'LOW', 'direction': 'normal'}, {'feature': 'pressure_zscore', 'display_name': 'Pressure Zscore', 'contribution': 0.0523, 'abs_contribution': 0.0523, 'importance': 'LOW', 'direction': 'normal'}, {'feature': 'temp_humidity_ratio', 'display_name': 'Temp Humidity Ratio', 'contribution': 0.0283, 'abs_contribution': 0.0283, 'importance': 'LOW', 'direction': 'normal'}], 'summary': 'Humidity had the strongest contribution to the Isolation Forest decision.'}"
ST01,2026-08-28 01:00:00,Sensor fault,True,False,True,False,False,69.3,QUARANTINE,CRITICAL - send immediately,"26.9°C to 28.9°C (estimated, not confirmed)",
ST01,2026-08-28 15:30:00,Sensor fault,True,False,True,False,False,69.1,QUARANTINE,CRITICAL - send immediately,"25.9°C to 27.9°C (estimated, not confirmed)",
ST06,2026-08-29 04:50:00,Possible tampering,False,False,True,True,False,69.1,QUARANTINE,CRITICAL - send immediately,"26.3°C to 28.3°C (estimated, not confirmed)","{'available': True, 'model': 'Isolation Forest', 'top_features': [{'feature': 'temperature_zscore', 'display_name': 'Temperature Zscore', 'contribution': -0.7231, 'abs_contribution': 0.7231, 'importance': 'MEDIUM', 'direction': 'anomalous'}, {'feature': 'dew_point', 'display_name': 'Dew Point', 'contribution': -0.6622, 'abs_contribution': 0.6622, 'importance': 'MEDIUM', 'direction': 'anomalous'}, {'feature': 'temperature_rate_of_change', 'display_name': 'Temperature Rate Of Change', 'contribution': -0.6432, 'abs_contribution': 0.6432, 'importance': 'MEDIUM', 'direction': 'anomalous'}, {'feature': 'temperature_deviation', 'display_name': 'Temperature Deviation', 'contribution': -0.426, 'abs_contribution': 0.426, 'importance': 'MEDIUM', 'direction': 'anomalous'}, {'feature': 'temperature', 'display_name': 'Temperature', 'contribution': -0.4098, 'abs_contribution': 0.4098, 'importance': 'MEDIUM', 'direction': 'anomalous'}, {'feature': 'pressure', 'display_name': 'Pressure', 'contribution': -0.3504, 'abs_contribution': 0.3504, 'importance': 'MEDIUM', 'direction': 'anomalous'}, {'feature': 'pressure_deviation', 'display_name': 'Pressure Deviation', 'contribution': -0.3358, 'abs_contribution': 0.3358, 'importance': 'MEDIUM', 'direction': 'anomalous'}, {'feature': 'pressure_zscore', 'display_name': 'Pressure Zscore', 'contribution': -0.3263, 'abs_contribution': 0.3263, 'importance': 'MEDIUM', 'direction': 'anomalous'}, {'feature': 'humidity_rate_of_change', 'display_name': 'Humidity Rate Of Change', 'contribution': -0.1106, 'abs_contribution': 0.1106, 'importance': 'LOW', 'direction': 'anomalous'}, {'feature': 'humidity_deviation', 'display_name': 'Humidity Deviation', 'contribution': 0.1001, 'abs_contribution': 0.1001, 'importance': 'LOW', 'direction': 'normal'}, {'feature': 'humidity', 'display_name': 'Humidity', 'contribution': -0.0519, 'abs_contribution': 0.0519, 'importance': 'LOW', 'direction': 'anomalous'}, {'feature': 'temp_humidity_ratio', 'display_name': 'Temp Humidity Ratio', 'contribution': -0.0463, 'abs_contribution': 0.0463, 'importance': 'LOW', 'direction': 'anomalous'}, {'feature': 'pressure_rate_of_change', 'display_name': 'Pressure Rate Of Change', 'contribution': 0.0413, 'abs_contribution': 0.0413, 'importance': 'LOW', 'direction': 'normal'}, {'feature': 'humidity_zscore', 'display_name': 'Humidity Zscore', 'contribution': 0.0278, 'abs_contribution': 0.0278, 'importance': 'LOW', 'direction': 'normal'}], 'summary': 'Temperature Zscore had the strongest contribution to the Isolation Forest decision.'}"
ST07,2026-08-28 05:50:00,Possible tampering,False,False,True,True,False,69.1,QUARANTINE,CRITICAL - send immediately,"27.3°C to 29.3°C (estimated, not confirmed)","{'available': True, 'model': 'Isolation Forest', 'top_features': [{'feature': 'humidity_zscore', 'display_name': 'Humidity Zscore', 'contribution': -0.7935, 'abs_contribution': 0.7935, 'importance': 'HIGH', 'direction': 'anomalous'}, {'feature': 'dew_point', 'display_name': 'Dew Point', 'contribution': -0.7837, 'abs_contribution': 0.7837, 'importance': 'HIGH', 'direction': 'anomalous'}, {'feature': 'humidity_rate_of_change', 'display_name': 'Humidity Rate Of Change', 'contribution': -0.62, 'abs_contribution': 0.62, 'importance': 'MEDIUM', 'direction': 'anomalous'}, {'feature': 'humidity_deviation', 'display_name': 'Humidity Deviation', 'contribution': -0.6054, 'abs_contribution': 0.6054, 'importance': 'MEDIUM', 'direction': 'anomalous'}, {'feature': 'humidity', 'display_name': 'Humidity', 'contribution': -0.5653, 'abs_contribution': 0.5653, 'importance': 'MEDIUM', 'direction': 'anomalous'}, {'feature': 'temperature', 'display_name': 'Temperature', 'contribution': -0.3786, 'abs_contribution': 0.3786, 'importance': 'MEDIUM', 'direction': 'anomalous'}, {'feature': 'pressure_rate_of_change', 'display_name': 'Pressure Rate Of Change', 'contribution': -0.152, 'abs_contribution': 0.152, 'importance': 'LOW', 'direction': 'anomalous'}, {'feature': 'temp_humidity_ratio', 'display_name': 'Temp Humidity Ratio', 'contribution': -0.0963, 'abs_contribution': 0.0963, 'importance': 'LOW', 'direction': 'anomalous'}, {'feature': 'temperature_deviation', 'display_name': 'Temperature Deviation', 'contribution': -0.0957, 'abs_contribution': 0.0957, 'importance': 'LOW', 'direction': 'anomalous'}, {'feature': 'temperature_zscore', 'display_name': 'Temperature Zscore', 'contribution': -0.0275, 'abs_contribution': 0.0275, 'importance': 'LOW', 'direction': 'anomalous'}, {'feature': 'pressure', 'display_name': 'Pressure', 'contribution': 0.0229, 'abs_contribution': 0.0229, 'importance': 'LOW', 'direction': 'normal'}, {'feature': 'pressure_deviation', 'display_name': 'Pressure Deviation', 'contribution': 0.0138, 'abs_contribution': 0.0138, 'importance': 'LOW', 'direction': 'normal'}, {'feature': 'pressure_zscore', 'display_name': 'Pressure Zscore', 'contribution': 0.0092, 'abs_contribution': 0.0092, 'importance': 'LOW', 'direction': 'normal'}, {'feature': 'temperature_rate_of_change', 'display_name': 'Temperature Rate Of Change', 'contribution': 0.0023, 'abs_contribution': 0.0023, 'importance': 'LOW', 'direction': 'normal'}], 'summary': 'Humidity Zscore had the strongest contribution to the Isolation Forest decision.'}"
ST09,2026-08-29 04:10:00,Possible tampering,False,False,True,False,False,69.1,QUARANTINE,CRITICAL - send immediately,"31.1°C to 32.2°C (estimated, not confirmed)",
ST02,2026-08-29 06:20:00,Possible tampering,False,False,True,False,False,65.0,CAUTION,MEDIUM - daily digest,"23.7°C to 27.8°C (estimated, not confirmed)",
ST02,2026-08-28 18:30:00,Possible tampering,False,False,True,False,False,65.0,CAUTION,MEDIUM - daily digest,"23.5°C to 26.2°C (estimated, not confirmed)",
ST02,2026-08-28 15:40:00,Possible tampering,False,False,True,False,False,65.0,CAUTION,MEDIUM - daily digest,"24.4°C to 26.4°C (estimated, not confirmed)",
ST07,2026-08-28 19:50:00,Possible tampering,False,False,True,False,False,65.0,CAUTION,MEDIUM - daily digest,"29.5°C to 30.1°C (estimated, not confirmed)",
ST10,2026-08-28 15:40:00,Possible tampering,False,False,True,False,False,65.0,CAUTION,MEDIUM - daily digest,"25.6°C to 27.0°C (estimated, not confirmed)",
ST08,2026-08-28 11:50:00,Sensor fault,True,False,False,True,False,64.7,CAUTION,MEDIUM - daily digest,,"{'available': True, 'model': 'Isolation Forest', 'top_features': [{'feature': 'humidity_rate_of_change', 'display_name': 'Humidity Rate Of Change', 'contribution': -1.187, 'abs_contribution': 1.187, 'importance': 'HIGH', 'direction': 'anomalous'}, {'feature': 'pressure_zscore', 'display_name': 'Pressure Zscore', 'contribution': -0.4753, 'abs_contribution': 0.4753, 'importance': 'MEDIUM', 'direction': 'anomalous'}, {'feature': 'pressure', 'display_name': 'Pressure', 'contribution': -0.4605, 'abs_contribution': 0.4605, 'importance': 'MEDIUM', 'direction': 'anomalous'}, {'feature': 'temperature_zscore', 'display_name': 'Temperature Zscore', 'contribution': -0.4277, 'abs_contribution': 0.4277, 'importance': 'MEDIUM', 'direction': 'anomalous'}, {'feature': 'pressure_deviation', 'display_name': 'Pressure Deviation', 'contribution': -0.4067, 'abs_contribution': 0.4067, 'importance': 'MEDIUM', 'direction': 'anomalous'}, {'feature': 'temperature', 'display_name': 'Temperature', 'contribution': -0.3979, 'abs_contribution': 0.3979, 'importance': 'MEDIUM', 'direction': 'anomalous'}, {'feature': 'dew_point', 'display_name': 'Dew Point', 'contribution': -0.2833, 'abs_contribution': 0.2833, 'importance': 'MEDIUM', 'direction': 'anomalous'}, {'feature': 'temperature_deviation', 'display_name': 'Temperature Deviation', 'contribution': -0.2701, 'abs_contribution': 0.2701, 'importance': 'LOW', 'direction': 'anomalous'}, {'feature': 'temperature_rate_of_change', 'display_name': 'Temperature Rate Of Change', 'contribution': -0.1558, 'abs_contribution': 0.1558, 'importance': 'LOW', 'direction': 'anomalous'}, {'feature': 'pressure_rate_of_change', 'display_name': 'Pressure Rate Of Change', 'contribution': -0.1024, 'abs_contribution': 0.1024, 'importance': 'LOW', 'direction': 'anomalous'}, {'feature': 'humidity_zscore', 'display_name': 'Humidity Zscore', 'contribution': 0.1019, 'abs_contribution': 0.1019, 'importance': 'LOW', 'direction': 'normal'}, {'feature': 'humidity_deviation', 'display_name': 'Humidity Deviation', 'contribution': 0.0964, 'abs_contribution': 0.0964, 'importance': 'LOW', 'direction': 'normal'}, {'feature': 'temp_humidity_ratio', 'display_name': 'Temp Humidity Ratio', 'contribution': -0.0957, 'abs_contribution': 0.0957, 'importance': 'LOW', 'direction': 'anomalous'}, {'feature': 'humidity', 'display_name': 'Humidity', 'contribution': 0.0744, 'abs_contribution': 0.0744, 'importance': 'LOW', 'direction': 'normal'}], 'summary': 'Humidity Rate Of Change had the strongest contribution to the Isolation Forest decision.'}"
ST03,2026-08-29 02:40:00,Sensor fault,True,False,False,True,False,64.1,CAUTION,MEDIUM - daily digest,,"{'available': True, 'model': 'Isolation Forest', 'top_features': [{'feature': 'temperature_deviation', 'display_name': 'Temperature Deviation', 'contribution': -1.3876, 'abs_contribution': 1.3876, 'importance': 'HIGH', 'direction': 'anomalous'}, {'feature': 'temperature_rate_of_change', 'display_name': 'Temperature Rate Of Change', 'contribution': -1.0518, 'abs_contribution': 1.0518, 'importance': 'HIGH', 'direction': 'anomalous'}, {'feature': 'humidity_zscore', 'display_name': 'Humidity Zscore', 'contribution': -0.5744, 'abs_contribution': 0.5744, 'importance': 'MEDIUM', 'direction': 'anomalous'}, {'feature': 'humidity_deviation', 'display_name': 'Humidity Deviation', 'contribution': -0.5608, 'abs_contribution': 0.5608, 'importance': 'MEDIUM', 'direction': 'anomalous'}, {'feature': 'temp_humidity_ratio', 'display_name': 'Temp Humidity Ratio', 'contribution': -0.3363, 'abs_contribution': 0.3363, 'importance': 'MEDIUM', 'direction': 'anomalous'}, {'feature': 'humidity', 'display_name': 'Humidity', 'contribution': -0.3208, 'abs_contribution': 0.3208, 'importance': 'MEDIUM', 'direction': 'anomalous'}, {'feature': 'pressure_deviation', 'display_name': 'Pressure Deviation', 'contribution': 0.1306, 'abs_contribution': 0.1306, 'importance': 'LOW', 'direction': 'normal'}, {'feature': 'temperature_zscore', 'display_name': 'Temperature Zscore', 'contribution': 0.127, 'abs_contribution': 0.127, 'importance': 'LOW', 'direction': 'normal'}, {'feature': 'pressure_rate_of_change', 'display_name': 'Pressure Rate Of Change', 'contribution': -0.1134, 'abs_contribution': 0.1134, 'importance': 'LOW', 'direction': 'anomalous'}, {'feature': 'pressure_zscore', 'display_name': 'Pressure Zscore', 'contribution': 0.1035, 'abs_contribution': 0.1035, 'importance': 'LOW', 'direction': 'normal'}, {'feature': 'pressure', 'display_name': 'Pressure', 'contribution': 0.083, 'abs_contribution': 0.083, 'importance': 'LOW', 'direction': 'normal'}, {'feature': 'humidity_rate_of_change', 'display_name': 'Humidity Rate Of Change', 'contribution': -0.0575, 'abs_contribution': 0.0575, 'importance': 'LOW', 'direction': 'anomalous'}, {'feature': 'temperature', 'display_name': 'Temperature', 'contribution': 0.0479, 'abs_contribution': 0.0479, 'importance': 'LOW', 'direction': 'normal'}, {'feature': 'dew_point', 'display_name': 'Dew Point', 'contribution': 0.0206, 'abs_contribution': 0.0206, 'importance': 'LOW', 'direction': 'normal'}], 'summary': 'Temperature Deviation had the strongest contribution to the Isolation Forest decision.'}"
ST02,2026-08-29 05:20:00,Possible tampering,False,False,True,False,False,63.2,CAUTION,MEDIUM - daily digest,"25.9°C to 27.5°C (estimated, not confirmed)",
ST01,2026-08-28 22:20:00,Possible tampering,False,False,True,False,False,63.0,CAUTION,MEDIUM - daily digest,"44.9% to 46.9% (estimated, not confirmed)",
ST01,2026-08-28 18:20:00,Possible tampering,False,False,True,False,False,63.0,CAUTION,MEDIUM - daily digest,"991.9hPa to 993.9hPa (estimated, not confirmed)",
ST02,2026-08-28 14:30:00,Possible tampering,False,False,True,False,False,63.0,CAUTION,MEDIUM - daily digest,"24.4°C to 26.4°C (estimated, not confirmed)",
ST02,2026-08-28 08:10:00,Possible tampering,False,False,True,False,False,63.0,CAUTION,MEDIUM - daily digest,"25.2°C to 27.2°C (estimated, not confirmed)",
ST02,2026-08-28 15:20:00,Possible tampering,False,False,True,False,False,63.0,CAUTION,MEDIUM - daily digest,"23.4°C to 25.4°C (estimated, not confirmed)",
ST02,2026-08-28 12:40:00,Possible tampering,False,False,True,False,False,63.0,CAUTION,MEDIUM - daily digest,"25.8°C to 27.8°C (estimated, not confirmed)",
ST02,2026-08-28 11:50:00,Possible tampering,False,False,True,False,False,63.0,CAUTION,MEDIUM - daily digest,"24.6°C to 26.6°C (estimated, not confirmed)",
ST02,2026-08-28 00:50:00,Possible tampering,False,False,True,False,False,63.0,CAUTION,MEDIUM - daily digest,"23.0°C to 25.0°C (estimated, not confirmed)",
ST02,2026-08-28 11:20:00,Possible tampering,False,False,True,False,False,63.0,CAUTION,MEDIUM - daily digest,"24.9°C to 26.9°C (estimated, not confirmed)",
ST03,2026-08-28 16:20:00,Possible tampering,False,False,True,False,False,63.0,CAUTION,MEDIUM - daily digest,"20.8°C to 22.8°C (estimated, not confirmed)",
ST03,2026-08-28 14:00:00,Possible tampering,False,False,True,False,False,63.0,CAUTION,MEDIUM - daily digest,"1005.4hPa to 1007.4hPa (estimated, not confirmed)",
ST03,2026-08-28 19:10:00,Possible tampering,False,False,True,False,False,63.0,CAUTION,MEDIUM - daily digest,"62.1% to 64.1% (estimated, not confirmed)",
ST03,2026-08-29 07:40:00,Possible tampering,False,False,True,False,False,63.0,CAUTION,MEDIUM - daily digest,"23.3°C to 25.3°C (estimated, not confirmed)",
ST04,2026-08-28 11:40:00,Possible tampering,False,False,True,False,False,63.0,CAUTION,MEDIUM - daily digest,"93.7% to 95.7% (estimated, not confirmed)",
ST04,2026-08-29 02:00:00,Possible tampering,False,False,True,False,False,63.0,CAUTION,MEDIUM - daily digest,"35.9°C to 37.9°C (estimated, not confirmed)",
ST05,2026-08-28 20:00:00,Possible tampering,False,False,True,False,False,63.0,CAUTION,MEDIUM - daily digest,"39.2°C to 41.2°C (estimated, not confirmed)",
ST06,2026-08-29 01:00:00,Possible tampering,False,False,True,False,False,63.0,CAUTION,MEDIUM - daily digest,"1011.1hPa to 1013.1hPa (estimated, not confirmed)",
ST07,2026-08-28 15:30:00,Possible tampering,False,False,True,False,False,63.0,CAUTION,MEDIUM - daily digest,"31.0°C to 33.0°C (estimated, not confirmed)",
ST07,2026-08-28 08:50:00,Possible tampering,False,False,True,False,False,63.0,CAUTION,MEDIUM - daily digest,"31.1°C to 33.1°C (estimated, not confirmed)",
ST07,2026-08-28 18:20:00,Possible tampering,False,False,True,False,False,63.0,CAUTION,MEDIUM - daily digest,"990.0hPa to 992.0hPa (estimated, not confirmed)",
ST07,2026-08-28 06:40:00,Possible tampering,False,False,True,False,False,63.0,CAUTION,MEDIUM - daily digest,"957.2hPa to 959.2hPa (estimated, not confirmed)",
ST08,2026-08-29 04:50:00,Possible tampering,False,False,True,False,False,63.0,CAUTION,MEDIUM - daily digest,"1009.9hPa to 1011.9hPa (estimated, not confirmed)",
ST09,2026-08-28 14:00:00,Possible tampering,False,False,True,False,False,63.0,CAUTION,MEDIUM - daily digest,"47.6% to 49.6% (estimated, not confirmed)",
ST09,2026-08-28 10:20:00,Possible tampering,False,False,True,False,False,63.0,CAUTION,MEDIUM - daily digest,"66.5% to 68.5% (estimated, not confirmed)",
ST09,2026-08-28 11:40:00,Possible tampering,False,False,True,False,False,63.0,CAUTION,MEDIUM - daily digest,"91.4% to 93.4% (estimated, not confirmed)",
ST09,2026-08-29 06:50:00,Possible tampering,False,False,True,False,False,63.0,CAUTION,MEDIUM - daily digest,"1011.2hPa to 1013.2hPa (estimated, not confirmed)",
ST10,2026-08-28 08:10:00,Possible tampering,False,False,True,False,False,63.0,CAUTION,MEDIUM - daily digest,"24.5°C to 26.5°C (estimated, not confirmed)",
ST10,2026-08-28 00:00:00,Possible tampering,False,False,True,False,False,63.0,CAUTION,MEDIUM - daily digest,"68.0% to 70.0% (estimated, not confirmed)",
ST10,2026-08-29 06:10:00,Possible tampering,False,False,True,False,False,63.0,CAUTION,MEDIUM - daily digest,"1012.5hPa to 1014.5hPa (estimated, not confirmed)",
ST02,2026-08-29 03:50:00,Possible tampering,False,False,True,False,False,62.9,CAUTION,MEDIUM - daily digest,"27.0°C to 29.0°C (estimated, not confirmed)",
ST04,2026-08-28 08:00:00,Possible tampering,False,False,True,False,False,62.9,CAUTION,MEDIUM - daily digest,"25.4°C to 27.4°C (estimated, not confirmed)",
ST10,2026-08-28 05:50:00,Possible tampering,False,False,True,False,False,62.9,CAUTION,MEDIUM - daily digest,"24.5°C to 26.5°C (estimated, not confirmed)",
ST10,2026-08-28 17:30:00,Possible tampering,False,False,True,False,False,62.8,CAUTION,MEDIUM - daily digest,"1012.6hPa to 1014.6hPa (estimated, not confirmed)",
ST02,2026-08-28 02:20:00,Possible tampering,False,False,True,False,False,62.7,CAUTION,MEDIUM - daily digest,"26.9°C to 28.9°C (estimated, not confirmed)",
ST02,2026-08-28 22:10:00,Possible tampering,False,False,True,False,False,62.7,CAUTION,MEDIUM - daily digest,"27.1°C to 27.1°C (estimated, not confirmed)",
ST05,2026-08-29 00:10:00,Possible tampering,False,False,True,False,False,62.7,CAUTION,MEDIUM - daily digest,"24.1°C to 26.1°C (estimated, not confirmed)",
ST06,2026-08-28 19:50:00,Possible tampering,False,False,True,False,False,62.7,CAUTION,MEDIUM - daily digest,"1013.7hPa to 1015.7hPa (estimated, not confirmed)",
ST07,2026-08-29 06:10:00,Possible tampering,False,False,True,False,False,62.7,CAUTION,MEDIUM - daily digest,"27.4°C to 29.4°C (estimated, not confirmed)",
ST02,2026-08-28 01:50:00,Possible tampering,False,False,True,False,False,62.6,CAUTION,MEDIUM - daily digest,"24.0°C to 29.0°C (estimated, not confirmed)",
ST09,2026-08-28 22:10:00,Possible tampering,False,False,True,False,False,62.5,CAUTION,MEDIUM - daily digest,"31.0°C to 33.0°C (estimated, not confirmed)",
ST06,2026-08-28 17:30:00,Possible tampering,False,False,True,False,False,62.4,CAUTION,MEDIUM - daily digest,"1006.4hPa to 1008.4hPa (estimated, not confirmed)",
ST03,2026-08-29 07:10:00,Possible tampering,False,False,True,False,False,62.3,CAUTION,MEDIUM - daily digest,"1007.6hPa to 1009.6hPa (estimated, not confirmed)",
ST03,2026-08-28 14:30:00,Possible tampering,False,False,True,False,False,62.2,CAUTION,MEDIUM - daily digest,"21.9°C to 23.9°C (estimated, not confirmed)",
ST04,2026-08-29 04:50:00,Possible tampering,False,False,True,False,False,62.2,CAUTION,MEDIUM - daily digest,"1004.9hPa to 1006.9hPa (estimated, not confirmed)",
ST07,2026-08-29 04:50:00,Possible tampering,False,False,True,False,False,62.2,CAUTION,MEDIUM - daily digest,"1005.9hPa to 1007.9hPa (estimated, not confirmed)",
ST08,2026-08-28 00:10:00,Possible tampering,False,False,True,False,False,62.2,CAUTION,MEDIUM - daily digest,"28.2°C to 30.2°C (estimated, not confirmed)",
ST02,2026-08-28 21:50:00,Possible tampering,False,False,True,False,False,62.1,CAUTION,MEDIUM - daily digest,"25.0°C to 27.0°C (estimated, not confirmed)",
ST08,2026-08-29 08:20:00,Possible tampering,False,False,True,False,False,62.1,CAUTION,MEDIUM - daily digest,"1012.1hPa to 1014.1hPa (estimated, not confirmed)",
ST10,2026-08-28 05:00:00,Possible tampering,False,False,True,False,False,62.1,CAUTION,MEDIUM - daily digest,"1005.5hPa to 1007.5hPa (estimated, not confirmed)",
ST04,2026-08-28 07:40:00,Sensor fault,True,False,False,True,False,62.0,CAUTION,MEDIUM - daily digest,,"{'available': True, 'model': 'Isolation Forest', 'top_features': [{'feature': 'humidity_rate_of_change', 'display_name': 'Humidity Rate Of Change', 'contribution': -0.8376, 'abs_contribution': 0.8376, 'importance': 'HIGH', 'direction': 'anomalous'}, {'feature': 'humidity', 'display_name': 'Humidity', 'contribution': -0.6034, 'abs_contribution': 0.6034, 'importance': 'MEDIUM', 'direction': 'anomalous'}, {'feature': 'humidity_zscore', 'display_name': 'Humidity Zscore', 'contribution': -0.4929, 'abs_contribution': 0.4929, 'importance': 'MEDIUM', 'direction': 'anomalous'}, {'feature': 'humidity_deviation', 'display_name': 'Humidity Deviation', 'contribution': -0.4825, 'abs_contribution': 0.4825, 'importance': 'MEDIUM', 'direction': 'anomalous'}, {'feature': 'dew_point', 'display_name': 'Dew Point', 'contribution': -0.3468, 'abs_contribution': 0.3468, 'importance': 'MEDIUM', 'direction': 'anomalous'}, {'feature': 'pressure_zscore', 'display_name': 'Pressure Zscore', 'contribution': -0.2273, 'abs_contribution': 0.2273, 'importance': 'MEDIUM', 'direction': 'anomalous'}, {'feature': 'pressure', 'display_name': 'Pressure', 'contribution': -0.1824, 'abs_contribution': 0.1824, 'importance': 'LOW', 'direction': 'anomalous'}, {'feature': 'temperature_zscore', 'display_name': 'Temperature Zscore', 'contribution': -0.1689, 'abs_contribution': 0.1689, 'importance': 'LOW', 'direction': 'anomalous'}, {'feature': 'temperature_deviation', 'display_name': 'Temperature Deviation', 'contribution': -0.1516, 'abs_contribution': 0.1516, 'importance': 'LOW', 'direction': 'anomalous'}, {'feature': 'temperature_rate_of_change', 'display_name': 'Temperature Rate Of Change', 'contribution': -0.1051, 'abs_contribution': 0.1051, 'importance': 'LOW', 'direction': 'anomalous'}, {'feature': 'pressure_deviation', 'display_name': 'Pressure Deviation', 'contribution': -0.0464, 'abs_contribution': 0.0464, 'importance': 'LOW', 'direction': 'anomalous'}, {'feature': 'pressure_rate_of_change', 'display_name': 'Pressure Rate Of Change', 'contribution': 0.0443, 'abs_contribution': 0.0443, 'importance': 'LOW', 'direction': 'normal'}, {'feature': 'temp_humidity_ratio', 'display_name': 'Temp Humidity Ratio', 'contribution': 0.0343, 'abs_contribution': 0.0343, 'importance': 'LOW', 'direction': 'normal'}, {'feature': 'temperature', 'display_name': 'Temperature', 'contribution': 0.0152, 'abs_contribution': 0.0152, 'importance': 'LOW', 'direction': 'normal'}], 'summary': 'Humidity Rate Of Change had the strongest contribution to the Isolation Forest decision.'}"
ST09,2026-08-28 13:10:00,Possible tampering,False,False,True,False,False,61.9,CAUTION,MEDIUM - daily digest,"30.5°C to 32.5°C (estimated, not confirmed)",
ST03,2026-08-28 03:20:00,Possible tampering,False,False,True,False,False,61.8,CAUTION,MEDIUM - daily digest,"23.9°C to 25.9°C (estimated, not confirmed)",
ST09,2026-08-28 15:40:00,Possible tampering,False,False,True,False,False,61.8,CAUTION,MEDIUM - daily digest,"31.4°C to 31.5°C (estimated, not confirmed)",
ST02,2026-08-29 01:30:00,Possible tampering,False,False,True,False,False,61.7,CAUTION,MEDIUM - daily digest,"25.5°C to 27.8°C (estimated, not confirmed)",
ST02,2026-08-28 07:00:00,Possible tampering,False,False,True,False,False,61.7,CAUTION,MEDIUM - daily digest,"27.1°C to 28.5°C (estimated, not confirmed)",
ST10,2026-08-28 14:00:00,Possible tampering,False,False,True,False,False,61.7,CAUTION,MEDIUM - daily digest,"23.6°C to 26.6°C (estimated, not confirmed)",
ST01,2026-08-29 04:00:00,Possible tampering,False,False,True,False,False,61.6,CAUTION,MEDIUM - daily digest,"1010.6hPa to 1012.6hPa (estimated, not confirmed)",
ST02,2026-08-28 13:10:00,Possible tampering,False,False,True,False,False,61.6,CAUTION,MEDIUM - daily digest,"23.4°C to 27.0°C (estimated, not confirmed)",
ST05,2026-08-28 19:10:00,Possible tampering,False,False,True,False,False,61.6,CAUTION,MEDIUM - daily digest,"25.8°C to 27.8°C (estimated, not confirmed)",
ST09,2026-08-28 14:30:00,Possible tampering,False,False,True,False,False,61.6,CAUTION,MEDIUM - daily digest,"30.0°C to 32.0°C (estimated, not confirmed)",
ST10,2026-08-29 00:50:00,Possible tampering,False,False,True,False,False,61.6,CAUTION,MEDIUM - daily digest,"1004.2hPa to 1006.2hPa (estimated, not confirmed)",
ST02,2026-08-29 02:10:00,Possible tampering,False,False,True,False,False,61.5,CAUTION,MEDIUM - daily digest,"25.2°C to 27.2°C (estimated, not confirmed)",
ST06,2026-08-28 00:50:00,Possible tampering,False,False,True,False,False,61.5,CAUTION,MEDIUM - daily digest,"28.4°C to 30.4°C (estimated, not confirmed)",
ST09,2026-08-28 21:50:00,Possible tampering,False,False,True,False,False,61.5,CAUTION,MEDIUM - daily digest,"31.9°C to 33.9°C (estimated, not confirmed)",
ST06,2026-08-29 00:10:00,Possible tampering,False,False,True,False,False,61.4,CAUTION,MEDIUM - daily digest,"32.2°C to 34.2°C (estimated, not confirmed)",
ST10,2026-08-29 07:50:00,Possible tampering,False,False,True,False,False,61.4,CAUTION,MEDIUM - daily digest,"26.3°C to 27.6°C (estimated, not confirmed)",
ST02,2026-08-28 14:50:00,Possible tampering,False,False,True,False,False,61.3,CAUTION,MEDIUM - daily digest,"27.7°C to 29.7°C (estimated, not confirmed)",
ST05,2026-08-28 05:00:00,Possible tampering,False,False,True,False,False,61.3,CAUTION,MEDIUM - daily digest,"1005.3hPa to 1007.3hPa (estimated, not confirmed)",
ST04,2026-08-29 01:40:00,Possible tampering,False,False,True,False,False,61.2,CAUTION,MEDIUM - daily digest,"33.9°C to 35.9°C (estimated, not confirmed)",
ST04,2026-08-28 07:20:00,Possible tampering,False,False,True,False,False,61.2,CAUTION,MEDIUM - daily digest,"1006.4hPa to 1008.4hPa (estimated, not confirmed)",
ST07,2026-08-28 11:10:00,Possible tampering,False,False,True,False,False,61.2,CAUTION,MEDIUM - daily digest,"31.0°C to 33.0°C (estimated, not confirmed)",
ST09,2026-08-29 07:20:00,Possible tampering,False,False,True,False,False,61.2,CAUTION,MEDIUM - daily digest,"28.4°C to 32.4°C (estimated, not confirmed)",
ST02,2026-08-29 07:50:00,Possible tampering,False,False,True,False,False,61.1,CAUTION,MEDIUM - daily digest,"26.9°C to 28.9°C (estimated, not confirmed)",
ST03,2026-08-28 16:40:00,Possible tampering,False,False,True,False,False,61.1,CAUTION,MEDIUM - daily digest,"24.5°C to 26.4°C (estimated, not confirmed)",
ST07,2026-08-28 01:30:00,Possible tampering,False,False,True,False,False,61.1,CAUTION,MEDIUM - daily digest,"29.5°C to 31.5°C (estimated, not confirmed)",
ST10,2026-08-28 22:40:00,Possible tampering,False,False,True,False,False,61.1,CAUTION,MEDIUM - daily digest,"28.2°C to 30.2°C (estimated, not confirmed)",
ST10,2026-08-28 23:20:00,Possible tampering,False,False,True,False,False,61.1,CAUTION,MEDIUM - daily digest,"27.4°C to 28.5°C (estimated, not confirmed)",
ST02,2026-08-28 03:00:00,Possible tampering,False,False,True,False,False,61.0,CAUTION,MEDIUM - daily digest,"25.6°C to 26.2°C (estimated, not confirmed)",
ST03,2026-08-28 15:10:00,Possible tampering,False,False,True,False,False,61.0,CAUTION,MEDIUM - daily digest,"21.8°C to 28.0°C (estimated, not confirmed)",
ST06,2026-08-29 02:30:00,Possible tampering,False,False,True,False,False,60.9,CAUTION,MEDIUM - daily digest,"1009.8hPa to 1011.8hPa (estimated, not confirmed)",
ST10,2026-08-28 17:50:00,Possible tampering,False,False,True,False,False,60.9,CAUTION,MEDIUM - daily digest,"23.4°C to 29.3°C (estimated, not confirmed)",
ST01,2026-08-28 00:20:00,Possible tampering,False,False,True,False,False,60.8,CAUTION,MEDIUM - daily digest,"1009.7hPa to 1011.7hPa (estimated, not confirmed)",
ST02,2026-08-28 05:00:00,Possible tampering,False,False,True,False,False,60.8,CAUTION,MEDIUM - daily digest,"28.3°C to 28.5°C (estimated, not confirmed)",
ST04,2026-08-29 08:10:00,Possible tampering,False,False,True,False,False,60.8,CAUTION,MEDIUM - daily digest,"23.3°C to 25.3°C (estimated, not confirmed)",
ST10,2026-08-28 06:10:00,Possible tampering,False,False,True,False,False,60.8,CAUTION,MEDIUM - daily digest,"24.7°C to 26.7°C (estimated, not confirmed)",
ST02,2026-08-29 05:50:00,Possible tampering,False,False,True,False,False,60.6,CAUTION,MEDIUM - daily digest,"25.7°C to 30.4°C (estimated, not confirmed)",
ST07,2026-08-28 23:30:00,Possible tampering,False,False,True,False,False,60.6,CAUTION,MEDIUM - daily digest,"28.8°C to 30.8°C (estimated, not confirmed)",
ST08,2026-08-29 04:20:00,Possible tampering,False,False,True,False,False,60.6,CAUTION,MEDIUM - daily digest,"1007.8hPa to 1009.8hPa (estimated, not confirmed)",
ST09,2026-08-28 18:30:00,Possible tampering,False,False,True,False,False,60.6,CAUTION,MEDIUM - daily digest,"29.1°C to 31.1°C (estimated, not confirmed)",
ST02,2026-08-29 08:30:00,Possible tampering,False,False,True,False,False,60.5,CAUTION,MEDIUM - daily digest,"24.6°C to 26.6°C (estimated, not confirmed)",
ST06,2026-08-28 08:20:00,Possible tampering,False,False,True,False,False,60.5,CAUTION,MEDIUM - daily digest,"27.4°C to 30.3°C (estimated, not confirmed)",
ST06,2026-08-28 04:20:00,Possible tampering,False,False,True,False,False,60.5,CAUTION,MEDIUM - daily digest,"1011.4hPa to 1013.4hPa (estimated, not confirmed)",
ST07,2026-08-28 17:30:00,Possible tampering,False,False,True,False,False,60.5,CAUTION,MEDIUM - daily digest,"28.8°C to 31.5°C (estimated, not confirmed)",
ST03,2026-08-28 18:30:00,Possible tampering,False,False,True,False,False,60.4,CAUTION,MEDIUM - daily digest,"25.1°C to 25.7°C (estimated, not confirmed)",
ST07,2026-08-29 03:00:00,Possible tampering,False,False,True,False,False,60.4,CAUTION,MEDIUM - daily digest,"31.8°C to 33.8°C (estimated, not confirmed)",
ST01,2026-08-28 21:50:00,Possible tampering,False,False,True,False,False,60.3,CAUTION,MEDIUM - daily digest,"1012.4hPa to 1014.4hPa (estimated, not confirmed)",
ST02,2026-08-28 07:30:00,Possible tampering,False,False,True,False,False,60.3,CAUTION,MEDIUM - daily digest,"23.9°C to 25.9°C (estimated, not confirmed)",
ST03,2026-08-28 20:10:00,Possible tampering,False,False,True,False,False,60.3,CAUTION,MEDIUM - daily digest,"24.8°C to 26.8°C (estimated, not confirmed)",
ST06,2026-08-29 08:00:00,Possible tampering,False,False,True,False,False,60.3,CAUTION,MEDIUM - daily digest,"1007.2hPa to 1009.2hPa (estimated, not confirmed)",
ST07,2026-08-28 06:20:00,Possible tampering,False,False,True,False,False,60.3,CAUTION,MEDIUM - daily digest,"28.7°C to 30.7°C (estimated, not confirmed)",
ST03,2026-08-28 17:00:00,Possible tampering,False,False,True,False,False,60.2,CAUTION,MEDIUM - daily digest,"25.3°C to 25.8°C (estimated, not confirmed)",
ST06,2026-08-28 21:20:00,Possible tampering,False,False,True,False,False,60.2,CAUTION,MEDIUM - daily digest,"1003.5hPa to 1005.5hPa (estimated, not confirmed)",
ST03,2026-08-28 13:20:00,Possible tampering,False,False,True,False,False,60.1,CAUTION,MEDIUM - daily digest,"23.2°C to 25.2°C (estimated, not confirmed)",
ST04,2026-08-28 18:20:00,Possible tampering,False,False,True,False,False,60.1,CAUTION,MEDIUM - daily digest,"26.7°C to 28.7°C (estimated, not confirmed)",
ST07,2026-08-29 08:20:00,Possible tampering,False,False,True,False,False,60.1,CAUTION,MEDIUM - daily digest,"29.2°C to 31.2°C (estimated, not confirmed)",
ST08,2026-08-29 07:40:00,Possible tampering,False,False,True,False,False,60.1,CAUTION,MEDIUM - daily digest,"28.1°C to 30.1°C (estimated, not confirmed)",
ST01,2026-08-28 21:20:00,Possible tampering,False,False,True,False,False,60.0,CAUTION,MEDIUM - daily digest,"1009.6hPa to 1011.6hPa (estimated, not confirmed)",
ST03,2026-08-28 21:10:00,Possible tampering,False,False,True,False,False,60.0,CAUTION,MEDIUM - daily digest,"27.1°C to 29.1°C (estimated, not confirmed)",
ST03,2026-08-28 02:50:00,Possible tampering,False,False,True,False,False,60.0,CAUTION,MEDIUM - daily digest,"26.0°C to 28.0°C (estimated, not confirmed)",
ST09,2026-08-28 05:50:00,Possible tampering,False,False,True,False,False,60.0,CAUTION,MEDIUM - daily digest,"29.2°C to 31.1°C (estimated, not confirmed)",
ST10,2026-08-29 09:00:00,Possible tampering,False,False,True,False,False,60.0,CAUTION,MEDIUM - daily digest,"26.2°C to 28.2°C (estimated, not confirmed)",
ST02,2026-08-28 02:00:00,Possible tampering,False,False,True,False,False,59.9,CAUTION,MEDIUM - daily digest,"1008.8hPa to 1010.8hPa (estimated, not confirmed)",
ST09,2026-08-28 05:30:00,Possible tampering,False,False,True,False,False,59.9,CAUTION,MEDIUM - daily digest,"30.9°C to 32.9°C (estimated, not confirmed)",
ST02,2026-08-29 04:10:00,Possible tampering,False,False,True,False,False,59.8,CAUTION,MEDIUM - daily digest,"25.1°C to 27.1°C (estimated, not confirmed)",
ST07,2026-08-28 12:40:00,Possible tampering,False,False,True,False,False,59.8,CAUTION,MEDIUM - daily digest,"29.2°C to 31.2°C (estimated, not confirmed)",
ST05,2026-08-29 08:20:00,Possible tampering,False,False,True,False,False,59.7,CAUTION,MEDIUM - daily digest,"24.2°C to 26.2°C (estimated, not confirmed)",
ST05,2026-08-28 11:50:00,Possible tampering,False,False,True,False,False,59.7,CAUTION,MEDIUM - daily digest,"24.7°C to 26.7°C (estimated, not confirmed)",
ST09,2026-08-29 02:40:00,Possible tampering,False,False,True,False,False,59.7,CAUTION,MEDIUM - daily digest,"1007.5hPa to 1009.5hPa (estimated, not confirmed)",
ST09,2026-08-29 03:10:00,Possible tampering,False,False,True,False,False,59.7,CAUTION,MEDIUM - daily digest,"28.0°C to 30.0°C (estimated, not confirmed)",
ST10,2026-08-28 08:30:00,Possible tampering,False,False,True,False,False,59.7,CAUTION,MEDIUM - daily digest,"25.6°C to 27.6°C (estimated, not confirmed)",
ST03,2026-08-28 15:50:00,Possible tampering,False,False,True,False,False,59.6,CAUTION,MEDIUM - daily digest,"23.9°C to 28.5°C (estimated, not confirmed)",
ST07,2026-08-28 09:30:00,Possible tampering,False,False,True,False,False,59.6,CAUTION,MEDIUM - daily digest,"27.9°C to 29.9°C (estimated, not confirmed)",
ST10,2026-08-29 08:20:00,Possible tampering,False,False,True,False,False,59.5,CAUTION,MEDIUM - daily digest,"23.9°C to 25.9°C (estimated, not confirmed)",
ST05,2026-08-28 00:50:00,Possible tampering,False,False,True,False,False,59.4,CAUTION,MEDIUM - daily digest,"22.7°C to 24.7°C (estimated, not confirmed)",
ST07,2026-08-28 17:00:00,Possible tampering,False,False,True,False,False,59.4,CAUTION,MEDIUM - daily digest,"30.6°C to 32.6°C (estimated, not confirmed)",
ST07,2026-08-28 02:40:00,Possible tampering,False,False,True,False,False,59.4,CAUTION,MEDIUM - daily digest,"29.1°C to 31.1°C (estimated, not confirmed)",
ST09,2026-08-28 15:20:00,Possible tampering,False,False,True,False,False,59.4,CAUTION,MEDIUM - daily digest,"28.3°C to 30.3°C (estimated, not confirmed)",
ST09,2026-08-28 11:20:00,Possible tampering,False,False,True,False,False,59.4,CAUTION,MEDIUM - daily digest,"30.8°C to 32.8°C (estimated, not confirmed)",
ST02,2026-08-28 04:30:00,Possible tampering,False,False,True,False,False,59.3,CAUTION,MEDIUM - daily digest,"25.7°C to 27.7°C (estimated, not confirmed)",
ST07,2026-08-28 11:40:00,Possible tampering,False,False,True,False,False,59.3,CAUTION,MEDIUM - daily digest,"31.1°C to 31.2°C (estimated, not confirmed)",
ST07,2026-08-28 22:10:00,Possible tampering,False,False,True,False,False,59.3,CAUTION,MEDIUM - daily digest,"29.7°C to 31.7°C (estimated, not confirmed)",
ST09,2026-08-28 08:10:00,Possible tampering,False,False,True,False,False,59.3,CAUTION,MEDIUM - daily digest,"28.6°C to 33.2°C (estimated, not confirmed)",
ST05,2026-08-28 22:50:00,Possible tampering,False,False,True,False,False,59.2,CAUTION,MEDIUM - daily digest,"23.8°C to 25.8°C (estimated, not confirmed)",
ST08,2026-08-28 13:20:00,Possible tampering,False,False,True,False,False,59.2,CAUTION,MEDIUM - daily digest,"28.4°C to 30.4°C (estimated, not confirmed)",
ST08,2026-08-28 16:20:00,Possible tampering,False,False,True,False,False,59.2,CAUTION,MEDIUM - daily digest,"27.8°C to 29.8°C (estimated, not confirmed)",
ST09,2026-08-29 06:30:00,Possible tampering,False,False,True,False,False,59.2,CAUTION,MEDIUM - daily digest,"29.9°C to 31.9°C (estimated, not confirmed)",
ST10,2026-08-29 06:20:00,Possible tampering,False,False,True,False,False,59.2,CAUTION,MEDIUM - daily digest,"25.9°C to 27.9°C (estimated, not confirmed)",
ST03,2026-08-28 13:00:00,Possible tampering,False,False,True,False,False,59.1,CAUTION,MEDIUM - daily digest,"22.5°C to 24.5°C (estimated, not confirmed)",
ST03,2026-08-28 00:40:00,Possible tampering,False,False,True,False,False,59.1,CAUTION,MEDIUM - daily digest,"27.3°C to 29.3°C (estimated, not confirmed)",
ST05,2026-08-28 17:00:00,Possible tampering,False,False,True,False,False,59.1,CAUTION,MEDIUM - daily digest,"24.2°C to 26.2°C (estimated, not confirmed)",
ST06,2026-08-29 03:00:00,Possible tampering,False,False,True,False,False,59.1,CAUTION,MEDIUM - daily digest,"31.6°C to 33.6°C (estimated, not confirmed)",
ST07,2026-08-28 10:50:00,Possible tampering,False,False,True,False,False,59.1,CAUTION,MEDIUM - daily digest,"29.6°C to 31.6°C (estimated, not confirmed)",
ST09,2026-08-29 07:50:00,Possible tampering,False,False,True,False,False,59.1,CAUTION,MEDIUM - daily digest,"32.0°C to 34.0°C (estimated, not confirmed)",
ST10,2026-08-28 10:40:00,Possible tampering,False,False,True,False,False,59.1,CAUTION,MEDIUM - daily digest,"26.5°C to 28.5°C (estimated, not confirmed)",
ST01,2026-08-28 20:00:00,Possible tampering,False,False,True,False,False,59.0,CAUTION,MEDIUM - daily digest,"37.0°C to 39.0°C (estimated, not confirmed)",
ST07,2026-08-29 02:40:00,Possible tampering,False,False,True,False,False,59.0,CAUTION,MEDIUM - daily digest,"28.7°C to 30.7°C (estimated, not confirmed)",
ST10,2026-08-28 00:50:00,Possible tampering,False,False,True,False,False,59.0,CAUTION,MEDIUM - daily digest,"22.1°C to 24.1°C (estimated, not confirmed)",
ST02,2026-08-29 01:00:00,Possible tampering,False,False,True,False,False,58.9,CAUTION,MEDIUM - daily digest,"26.1°C to 28.1°C (estimated, not confirmed)",
ST07,2026-08-28 19:10:00,Possible tampering,False,False,True,False,False,58.9,CAUTION,MEDIUM - daily digest,"30.8°C to 32.8°C (estimated, not confirmed)",
ST02,2026-08-28 01:10:00,Possible tampering,False,False,True,False,False,58.8,CAUTION,MEDIUM - daily digest,"27.6°C to 29.6°C (estimated, not confirmed)",
ST04,2026-08-28 09:20:00,Possible tampering,False,False,True,False,False,58.8,CAUTION,MEDIUM - daily digest,"24.2°C to 26.2°C (estimated, not confirmed)",
ST05,2026-08-29 02:40:00,Possible tampering,False,False,True,False,False,58.8,CAUTION,MEDIUM - daily digest,"24.0°C to 26.0°C (estimated, not confirmed)",
ST06,2026-08-28 20:00:00,Possible tampering,False,False,True,False,False,58.8,CAUTION,MEDIUM - daily digest,"29.2°C to 31.2°C (estimated, not confirmed)",
ST06,2026-08-28 22:50:00,Possible tampering,False,False,True,False,False,58.8,CAUTION,MEDIUM - daily digest,"31.6°C to 33.6°C (estimated, not confirmed)",
ST09,2026-08-29 05:30:00,Possible tampering,False,False,True,False,False,58.8,CAUTION,MEDIUM - daily digest,"30.9°C to 32.9°C (estimated, not confirmed)",
ST01,2026-08-28 03:40:00,Possible tampering,False,False,True,False,False,58.6,CAUTION,MEDIUM - daily digest,"28.1°C to 30.1°C (estimated, not confirmed)",
ST02,2026-08-28 02:40:00,Possible tampering,False,False,True,False,False,58.6,CAUTION,MEDIUM - daily digest,"25.0°C to 27.0°C (estimated, not confirmed)",
ST03,2026-08-28 01:40:00,Possible tampering,False,False,True,False,False,58.6,CAUTION,MEDIUM - daily digest,"24.5°C to 26.5°C (estimated, not confirmed)",
ST05,2026-08-28 02:20:00,Possible tampering,False,False,True,False,False,58.6,CAUTION,MEDIUM - daily digest,"24.3°C to 26.3°C (estimated, not confirmed)",
ST08,2026-08-29 05:40:00,Possible tampering,False,False,True,False,False,58.6,CAUTION,MEDIUM - daily digest,"29.5°C to 31.5°C (estimated, not confirmed)",
ST08,2026-08-28 16:00:00,Possible tampering,False,False,True,False,False,58.6,CAUTION,MEDIUM - daily digest,"31.3°C to 33.3°C (estimated, not confirmed)",
ST09,2026-08-28 03:20:00,Possible tampering,False,False,True,False,False,58.6,CAUTION,MEDIUM - daily digest,"26.1°C to 28.1°C (estimated, not confirmed)",
ST10,2026-08-28 22:10:00,Possible tampering,False,False,True,False,False,58.6,CAUTION,MEDIUM - daily digest,"26.9°C to 28.9°C (estimated, not confirmed)",
ST07,2026-08-28 21:50:00,Possible tampering,False,False,True,False,False,58.5,CAUTION,MEDIUM - daily digest,"27.1°C to 29.1°C (estimated, not confirmed)",
ST08,2026-08-29 06:40:00,Possible tampering,False,False,True,False,False,58.5,CAUTION,MEDIUM - daily digest,"29.0°C to 31.0°C (estimated, not confirmed)",
ST09,2026-08-29 01:50:00,Possible tampering,False,False,True,False,False,58.5,CAUTION,MEDIUM - daily digest,"28.1°C to 30.1°C (estimated, not confirmed)",
ST03,2026-08-28 00:10:00,Possible tampering,False,False,True,False,False,58.4,CAUTION,MEDIUM - daily digest,"24.1°C to 26.1°C (estimated, not confirmed)",
ST08,2026-08-29 09:00:00,Possible tampering,False,False,True,False,False,58.4,CAUTION,MEDIUM - daily digest,"27.6°C to 29.6°C (estimated, not confirmed)",
ST08,2026-08-28 10:10:00,Possible tampering,False,False,True,False,False,58.4,CAUTION,MEDIUM - daily digest,"29.1°C to 31.1°C (estimated, not confirmed)",
ST09,2026-08-28 19:50:00,Possible tampering,False,False,True,False,False,58.4,CAUTION,MEDIUM - daily digest,"30.8°C to 32.8°C (estimated, not confirmed)",
ST04,2026-08-28 03:30:00,Possible tampering,False,False,True,False,False,58.2,CAUTION,MEDIUM - daily digest,"24.2°C to 26.2°C (estimated, not confirmed)",
ST06,2026-08-29 06:30:00,Possible tampering,False,False,True,False,False,58.2,CAUTION,MEDIUM - daily digest,"29.4°C to 31.4°C (estimated, not confirmed)",
ST06,2026-08-28 10:50:00,Possible tampering,False,False,True,False,False,58.2,CAUTION,MEDIUM - daily digest,"28.6°C to 30.6°C (estimated, not confirmed)",
ST07,2026-08-28 07:50:00,Possible tampering,False,False,True,False,False,58.2,CAUTION,MEDIUM - daily digest,"28.6°C to 30.6°C (estimated, not confirmed)",
ST07,2026-08-28 08:10:00,Possible tampering,False,False,True,False,False,58.2,CAUTION,MEDIUM - daily digest,"30.0°C to 32.0°C (estimated, not confirmed)",
ST07,2026-08-28 07:20:00,Possible tampering,False,False,True,False,False,58.2,CAUTION,MEDIUM - daily digest,"27.7°C to 29.7°C (estimated, not confirmed)",
ST07,2026-08-28 21:20:00,Possible tampering,False,False,True,False,False,58.2,CAUTION,MEDIUM - daily digest,"27.7°C to 29.7°C (estimated, not confirmed)",
ST08,2026-08-28 03:30:00,Possible tampering,False,False,True,False,False,58.2,CAUTION,MEDIUM - daily digest,"27.6°C to 29.6°C (estimated, not confirmed)",
ST10,2026-08-29 06:00:00,Possible tampering,False,False,True,False,False,58.2,CAUTION,MEDIUM - daily digest,"25.3°C to 27.3°C (estimated, not confirmed)",
ST10,2026-08-28 01:10:00,Possible tampering,False,False,True,False,False,58.2,CAUTION,MEDIUM - daily digest,"25.2°C to 27.2°C (estimated, not confirmed)",
ST03,2026-08-29 03:30:00,Physics violation (sensor inconsistency),False,True,False,False,False,58.0,CAUTION,MEDIUM - daily digest,,
ST09,2026-08-28 00:20:00,Possible tampering,False,False,True,False,False,58.0,CAUTION,MEDIUM - daily digest,"30.4°C to 32.4°C (estimated, not confirmed)",
ST09,2026-08-28 14:50:00,Possible tampering,False,False,True,False,False,58.0,CAUTION,MEDIUM - daily digest,"32.8°C to 34.8°C (estimated, not confirmed)",
ST09,2026-08-28 21:00:00,Possible tampering,False,False,True,False,False,58.0,CAUTION,MEDIUM - daily digest,"29.9°C to 31.9°C (estimated, not confirmed)",
ST09,2026-08-29 00:50:00,Possible tampering,False,False,True,False,False,58.0,CAUTION,MEDIUM - daily digest,"28.0°C to 30.0°C (estimated, not confirmed)",
ST10,2026-08-28 21:20:00,Possible tampering,False,False,True,False,False,58.0,CAUTION,MEDIUM - daily digest,"24.2°C to 26.2°C (estimated, not confirmed)",
ST03,2026-08-29 06:30:00,Possible tampering,False,False,True,False,False,57.9,CAUTION,MEDIUM - daily digest,"24.8°C to 26.8°C (estimated, not confirmed)",
ST03,2026-08-28 03:50:00,Possible tampering,False,False,True,False,False,57.9,CAUTION,MEDIUM - daily digest,"25.6°C to 27.6°C (estimated, not confirmed)",
ST10,2026-08-29 00:10:00,Possible tampering,False,False,True,False,False,57.9,CAUTION,MEDIUM - daily digest,"25.6°C to 27.6°C (estimated, not confirmed)",
ST10,2026-08-28 09:30:00,Possible tampering,False,False,True,False,False,57.9,CAUTION,MEDIUM - daily digest,"24.5°C to 26.5°C (estimated, not confirmed)",
ST10,2026-08-28 19:20:00,Possible tampering,False,False,True,False,False,57.9,CAUTION,MEDIUM - daily digest,"24.0°C to 26.0°C (estimated, not confirmed)",
ST10,2026-08-28 17:00:00,Possible tampering,False,False,True,False,False,57.9,CAUTION,MEDIUM - daily digest,"26.9°C to 28.9°C (estimated, not confirmed)",
ST07,2026-08-28 08:30:00,Possible tampering,False,False,True,False,False,57.8,CAUTION,MEDIUM - daily digest,"31.0°C to 33.0°C (estimated, not confirmed)",
ST07,2026-08-29 09:00:00,Possible tampering,False,False,True,False,False,57.8,CAUTION,MEDIUM - daily digest,"30.9°C to 32.9°C (estimated, not confirmed)",
ST07,2026-08-29 05:00:00,Possible tampering,False,False,True,False,False,57.8,CAUTION,MEDIUM - daily digest,"28.8°C to 30.8°C (estimated, not confirmed)",
ST09,2026-08-28 23:30:00,Possible tampering,False,False,True,False,False,57.8,CAUTION,MEDIUM - daily digest,"26.5°C to 28.5°C (estimated, not confirmed)",
ST09,2026-08-29 05:00:00,Possible tampering,False,False,True,False,False,57.8,CAUTION,MEDIUM - daily digest,"29.5°C to 31.5°C (estimated, not confirmed)",
ST09,2026-08-29 01:30:00,Possible tampering,False,False,True,False,False,57.8,CAUTION,MEDIUM - daily digest,"30.2°C to 32.2°C (estimated, not confirmed)",
ST10,2026-08-28 10:00:00,Possible tampering,False,False,True,False,False,57.8,CAUTION,MEDIUM - daily digest,"23.4°C to 25.4°C (estimated, not confirmed)",
ST01,2026-08-28 10:50:00,Possible tampering,False,False,True,False,False,57.7,CAUTION,MEDIUM - daily digest,"24.7°C to 26.7°C (estimated, not confirmed)",
ST08,2026-08-28 17:00:00,Possible tampering,False,False,True,False,False,57.7,CAUTION,MEDIUM - daily digest,"29.2°C to 31.2°C (estimated, not confirmed)",
ST02,2026-08-29 00:40:00,Possible tampering,False,False,True,False,False,57.6,CAUTION,MEDIUM - daily digest,"26.9°C to 28.9°C (estimated, not confirmed)",
ST05,2026-08-28 08:50:00,Possible tampering,False,False,True,False,False,57.6,CAUTION,MEDIUM - daily digest,"26.4°C to 28.4°C (estimated, not confirmed)",
ST06,2026-08-29 08:50:00,Possible tampering,False,False,True,False,False,57.6,CAUTION,MEDIUM - daily digest,"29.2°C to 31.2°C (estimated, not confirmed)",
ST07,2026-08-28 03:30:00,Possible tampering,False,False,True,False,False,57.6,CAUTION,MEDIUM - daily digest,"29.0°C to 31.0°C (estimated, not confirmed)",
ST08,2026-08-28 22:50:00,Possible tampering,False,False,True,False,False,57.6,CAUTION,MEDIUM - daily digest,"31.4°C to 33.4°C (estimated, not confirmed)",
ST09,2026-08-28 20:40:00,Possible tampering,False,False,True,False,False,57.6,CAUTION,MEDIUM - daily digest,"28.9°C to 30.9°C (estimated, not confirmed)",
ST03,2026-08-28 01:00:00,Possible tampering,False,False,True,False,False,57.5,CAUTION,MEDIUM - daily digest,"25.9°C to 27.9°C (estimated, not confirmed)",
ST04,2026-08-29 07:20:00,Possible tampering,False,False,True,False,False,57.5,CAUTION,MEDIUM - daily digest,"25.5°C to 27.5°C (estimated, not confirmed)",
ST05,2026-08-28 14:00:00,Possible tampering,False,False,True,False,False,57.5,CAUTION,MEDIUM - daily digest,"23.7°C to 25.7°C (estimated, not confirmed)",
ST06,2026-08-28 23:10:00,Possible tampering,False,False,True,False,False,57.5,CAUTION,MEDIUM - daily digest,"31.4°C to 33.4°C (estimated, not confirmed)",
ST07,2026-08-28 13:00:00,Possible tampering,False,False,True,False,False,57.5,CAUTION,MEDIUM - daily digest,"29.6°C to 31.6°C (estimated, not confirmed)",
ST07,2026-08-29 04:20:00,Possible tampering,False,False,True,False,False,57.5,CAUTION,MEDIUM - daily digest,"28.2°C to 30.2°C (estimated, not confirmed)",
ST02,2026-08-28 20:20:00,Possible tampering,False,False,True,False,False,57.4,CAUTION,MEDIUM - daily digest,"24.7°C to 26.7°C (estimated, not confirmed)",
ST05,2026-08-28 22:00:00,Possible tampering,False,False,True,False,False,57.4,CAUTION,MEDIUM - daily digest,"24.3°C to 26.3°C (estimated, not confirmed)",
ST07,2026-08-28 01:10:00,Possible tampering,False,False,True,False,False,57.4,CAUTION,MEDIUM - daily digest,"27.0°C to 29.0°C (estimated, not confirmed)",
ST07,2026-08-28 15:50:00,Possible tampering,False,False,True,False,False,57.4,CAUTION,MEDIUM - daily digest,"30.4°C to 32.4°C (estimated, not confirmed)",
ST07,2026-08-28 04:20:00,Possible tampering,False,False,True,False,False,57.4,CAUTION,MEDIUM - daily digest,"28.5°C to 30.5°C (estimated, not confirmed)",
ST01,2026-08-29 06:00:00,Possible tampering,False,False,True,False,False,57.3,CAUTION,MEDIUM - daily digest,"28.5°C to 30.5°C (estimated, not confirmed)",
ST01,2026-08-28 12:20:00,Possible tampering,False,False,True,False,False,57.3,CAUTION,MEDIUM - daily digest,"28.5°C to 30.5°C (estimated, not confirmed)",
ST04,2026-08-28 20:30:00,Possible tampering,False,False,True,False,False,57.3,CAUTION,MEDIUM - daily digest,"23.9°C to 25.9°C (estimated, not confirmed)",
ST06,2026-08-28 04:30:00,Possible tampering,False,False,True,False,False,57.3,CAUTION,MEDIUM - daily digest,"29.9°C to 31.9°C (estimated, not confirmed)",
ST07,2026-08-28 18:50:00,Possible tampering,False,False,True,False,False,57.3,CAUTION,MEDIUM - daily digest,"29.2°C to 31.2°C (estimated, not confirmed)",
ST07,2026-08-29 05:20:00,Possible tampering,False,False,True,False,False,57.3,CAUTION,MEDIUM - daily digest,"27.7°C to 29.7°C (estimated, not confirmed)",
ST08,2026-08-28 00:30:00,Possible tampering,False,False,True,False,False,57.3,CAUTION,MEDIUM - daily digest,"27.3°C to 29.3°C (estimated, not confirmed)",
ST09,2026-08-28 11:50:00,Possible tampering,False,False,True,False,False,57.3,CAUTION,MEDIUM - daily digest,"28.2°C to 30.2°C (estimated, not confirmed)",
ST10,2026-08-28 01:30:00,Possible tampering,False,False,True,False,False,57.3,CAUTION,MEDIUM - daily digest,"24.6°C to 26.6°C (estimated, not confirmed)",
ST04,2026-08-29 03:10:00,Possible tampering,False,False,True,False,False,57.2,CAUTION,MEDIUM - daily digest,"23.8°C to 25.8°C (estimated, not confirmed)",
ST04,2026-08-28 00:10:00,Possible tampering,False,False,True,False,False,57.2,CAUTION,MEDIUM - daily digest,"24.3°C to 26.3°C (estimated, not confirmed)",
ST05,2026-08-28 01:30:00,Possible tampering,False,False,True,False,False,57.1,CAUTION,MEDIUM - daily digest,"25.4°C to 27.4°C (estimated, not confirmed)",
ST08,2026-08-28 22:20:00,Possible tampering,False,False,True,False,False,57.1,CAUTION,MEDIUM - daily digest,"31.0°C to 33.0°C (estimated, not confirmed)",
ST08,2026-08-28 14:00:00,Possible tampering,False,False,True,False,False,57.1,CAUTION,MEDIUM - daily digest,"29.0°C to 31.0°C (estimated, not confirmed)",
ST01,2026-08-29 03:00:00,Possible tampering,False,False,True,False,False,57.0,CAUTION,MEDIUM - daily digest,"26.7°C to 28.7°C (estimated, not confirmed)",
ST09,2026-08-28 04:40:00,Possible tampering,False,False,True,False,False,57.0,CAUTION,MEDIUM - daily digest,"30.3°C to 32.3°C (estimated, not confirmed)",
ST10,2026-08-29 05:20:00,Possible tampering,False,False,True,False,False,57.0,CAUTION,MEDIUM - daily digest,"25.2°C to 27.2°C (estimated, not confirmed)",
ST10,2026-08-28 19:50:00,Possible tampering,False,False,True,False,False,51.4,CAUTION,MEDIUM - daily digest,"22.1°C to 41.0°C (estimated, not confirmed)",
ST02,2026-08-28 11:40:00,Possible tampering,False,False,True,False,False,50.5,CAUTION,MEDIUM - daily digest,"43.0% to 104.5% (estimated, not confirmed)",
ST01,2026-08-29 01:40:00,Sensor fault,True,False,False,False,False,50.0,CAUTION,MEDIUM - daily digest,,
ST02,2026-08-28 08:20:00,Sensor fault,True,False,False,False,False,50.0,CAUTION,MEDIUM - daily digest,,
ST05,2026-08-28 19:20:00,Sensor fault,True,False,False,False,False,50.0,CAUTION,MEDIUM - daily digest,,
ST05,2026-08-29 00:20:00,Sensor fault,True,False,False,False,False,50.0,CAUTION,MEDIUM - daily digest,,
ST06,2026-08-28 01:00:00,Sensor fault,True,False,False,False,False,50.0,CAUTION,MEDIUM - daily digest,,
ST07,2026-08-28 20:10:00,Sensor fault,True,False,False,False,False,50.0,CAUTION,MEDIUM - daily digest,,
ST07,2026-08-29 06:20:00,Sensor fault,True,False,False,False,False,50.0,CAUTION,MEDIUM - daily digest,,
ST09,2026-08-29 01:00:00,Sensor fault,True,False,False,False,False,50.0,CAUTION,MEDIUM - daily digest,,
ST01,2026-08-28 12:50:00,ML-detected anomaly (needs review),False,False,False,True,False,41.6,CAUTION,MEDIUM - daily digest,,"{'available': True, 'model': 'Isolation Forest', 'top_features': [{'feature': 'humidity', 'display_name': 'Humidity', 'contribution': -0.8205, 'abs_contribution': 0.8205, 'importance': 'MEDIUM', 'direction': 'anomalous'}, {'feature': 'humidity_zscore', 'display_name': 'Humidity Zscore', 'contribution': -0.7179, 'abs_contribution': 0.7179, 'importance': 'MEDIUM', 'direction': 'anomalous'}, {'feature': 'temp_humidity_ratio', 'display_name': 'Temp Humidity Ratio', 'contribution': -0.7157, 'abs_contribution': 0.7157, 'importance': 'MEDIUM', 'direction': 'anomalous'}, {'feature': 'humidity_deviation', 'display_name': 'Humidity Deviation', 'contribution': -0.6546, 'abs_contribution': 0.6546, 'importance': 'MEDIUM', 'direction': 'anomalous'}, {'feature': 'pressure_zscore', 'display_name': 'Pressure Zscore', 'contribution': -0.3863, 'abs_contribution': 0.3863, 'importance': 'MEDIUM', 'direction': 'anomalous'}, {'feature': 'pressure', 'display_name': 'Pressure', 'contribution': -0.3525, 'abs_contribution': 0.3525, 'importance': 'MEDIUM', 'direction': 'anomalous'}, {'feature': 'temperature_rate_of_change', 'display_name': 'Temperature Rate Of Change', 'contribution': -0.3272, 'abs_contribution': 0.3272, 'importance': 'MEDIUM', 'direction': 'anomalous'}, {'feature': 'humidity_rate_of_change', 'display_name': 'Humidity Rate Of Change', 'contribution': -0.2834, 'abs_contribution': 0.2834, 'importance': 'LOW', 'direction': 'anomalous'}, {'feature': 'pressure_deviation', 'display_name': 'Pressure Deviation', 'contribution': -0.1534, 'abs_contribution': 0.1534, 'importance': 'LOW', 'direction': 'anomalous'}, {'feature': 'temperature_deviation', 'display_name': 'Temperature Deviation', 'contribution': -0.1234, 'abs_contribution': 0.1234, 'importance': 'LOW', 'direction': 'anomalous'}, {'feature': 'dew_point', 'display_name': 'Dew Point', 'contribution': 0.1009, 'abs_contribution': 0.1009, 'importance': 'LOW', 'direction': 'normal'}, {'feature': 'temperature_zscore', 'display_name': 'Temperature Zscore', 'contribution': -0.0855, 'abs_contribution': 0.0855, 'importance': 'LOW', 'direction': 'anomalous'}, {'feature': 'temperature', 'display_name': 'Temperature', 'contribution': -0.0635, 'abs_contribution': 0.0635, 'importance': 'LOW', 'direction': 'anomalous'}, {'feature': 'pressure_rate_of_change', 'display_name': 'Pressure Rate Of Change', 'contribution': 0.0235, 'abs_contribution': 0.0235, 'importance': 'LOW', 'direction': 'normal'}], 'summary': 'Humidity had the strongest contribution to the Isolation Forest decision.'}"
ST07,2026-08-29 08:30:00,ML-detected anomaly (needs review),False,False,False,True,False,39.6,CAUTION,MEDIUM - daily digest,,"{'available': True, 'model': 'Isolation Forest', 'top_features': [{'feature': 'pressure_zscore', 'display_name': 'Pressure Zscore', 'contribution': -0.8666, 'abs_contribution': 0.8666, 'importance': 'HIGH', 'direction': 'anomalous'}, {'feature': 'humidity_rate_of_change', 'display_name': 'Humidity Rate Of Change', 'contribution': -0.8, 'abs_contribution': 0.8, 'importance': 'MEDIUM', 'direction': 'anomalous'}, {'feature': 'pressure', 'display_name': 'Pressure', 'contribution': -0.7262, 'abs_contribution': 0.7262, 'importance': 'MEDIUM', 'direction': 'anomalous'}, {'feature': 'pressure_deviation', 'display_name': 'Pressure Deviation', 'contribution': -0.6644, 'abs_contribution': 0.6644, 'importance': 'MEDIUM', 'direction': 'anomalous'}, {'feature': 'pressure_rate_of_change', 'display_name': 'Pressure Rate Of Change', 'contribution': -0.3108, 'abs_contribution': 0.3108, 'importance': 'MEDIUM', 'direction': 'anomalous'}, {'feature': 'humidity_deviation', 'display_name': 'Humidity Deviation', 'contribution': -0.2287, 'abs_contribution': 0.2287, 'importance': 'LOW', 'direction': 'anomalous'}, {'feature': 'temperature_rate_of_change', 'display_name': 'Temperature Rate Of Change', 'contribution': -0.2243, 'abs_contribution': 0.2243, 'importance': 'LOW', 'direction': 'anomalous'}, {'feature': 'humidity_zscore', 'display_name': 'Humidity Zscore', 'contribution': -0.2149, 'abs_contribution': 0.2149, 'importance': 'LOW', 'direction': 'anomalous'}, {'feature': 'humidity', 'display_name': 'Humidity', 'contribution': -0.1395, 'abs_contribution': 0.1395, 'importance': 'LOW', 'direction': 'anomalous'}, {'feature': 'temperature_deviation', 'display_name': 'Temperature Deviation', 'contribution': -0.1168, 'abs_contribution': 0.1168, 'importance': 'LOW', 'direction': 'anomalous'}, {'feature': 'temperature', 'display_name': 'Temperature', 'contribution': 0.0837, 'abs_contribution': 0.0837, 'importance': 'LOW', 'direction': 'normal'}, {'feature': 'temp_humidity_ratio', 'display_name': 'Temp Humidity Ratio', 'contribution': -0.0712, 'abs_contribution': 0.0712, 'importance': 'LOW', 'direction': 'anomalous'}, {'feature': 'temperature_zscore', 'display_name': 'Temperature Zscore', 'contribution': 0.0457, 'abs_contribution': 0.0457, 'importance': 'LOW', 'direction': 'normal'}, {'feature': 'dew_point', 'display_name': 'Dew Point', 'contribution': -0.0276, 'abs_contribution': 0.0276, 'importance': 'LOW', 'direction': 'anomalous'}], 'summary': 'Pressure Zscore had the strongest contribution to the Isolation Forest decision.'}"
ST07,2026-08-29 00:20:00,ML-detected anomaly (needs review),False,False,False,True,False,39.5,CAUTION,MEDIUM - daily digest,,"{'available': True, 'model': 'Isolation Forest', 'top_features': [{'feature': 'temp_humidity_ratio', 'display_name': 'Temp Humidity Ratio', 'contribution': -0.8034, 'abs_contribution': 0.8034, 'importance': 'MEDIUM', 'direction': 'anomalous'}, {'feature': 'humidity_zscore', 'display_name': 'Humidity Zscore', 'contribution': -0.7108, 'abs_contribution': 0.7108, 'importance': 'MEDIUM', 'direction': 'anomalous'}, {'feature': 'humidity', 'display_name': 'Humidity', 'contribution': -0.6658, 'abs_contribution': 0.6658, 'importance': 'MEDIUM', 'direction': 'anomalous'}, {'feature': 'humidity_rate_of_change', 'display_name': 'Humidity Rate Of Change', 'contribution': -0.6262, 'abs_contribution': 0.6262, 'importance': 'MEDIUM', 'direction': 'anomalous'}, {'feature': 'humidity_deviation', 'display_name': 'Humidity Deviation', 'contribution': -0.5238, 'abs_contribution': 0.5238, 'importance': 'MEDIUM', 'direction': 'anomalous'}, {'feature': 'pressure_zscore', 'display_name': 'Pressure Zscore', 'contribution': -0.441, 'abs_contribution': 0.441, 'importance': 'MEDIUM', 'direction': 'anomalous'}, {'feature': 'pressure', 'display_name': 'Pressure', 'contribution': -0.3462, 'abs_contribution': 0.3462, 'importance': 'MEDIUM', 'direction': 'anomalous'}, {'feature': 'pressure_deviation', 'display_name': 'Pressure Deviation', 'contribution': -0.2302, 'abs_contribution': 0.2302, 'importance': 'LOW', 'direction': 'anomalous'}, {'feature': 'temperature', 'display_name': 'Temperature', 'contribution': -0.1539, 'abs_contribution': 0.1539, 'importance': 'LOW', 'direction': 'anomalous'}, {'feature': 'dew_point', 'display_name': 'Dew Point', 'contribution': 0.1188, 'abs_contribution': 0.1188, 'importance': 'LOW', 'direction': 'normal'}, {'feature': 'temperature_zscore', 'display_name': 'Temperature Zscore', 'contribution': 0.1056, 'abs_contribution': 0.1056, 'importance': 'LOW', 'direction': 'normal'}, {'feature': 'pressure_rate_of_change', 'display_name': 'Pressure Rate Of Change', 'contribution': 0.0785, 'abs_contribution': 0.0785, 'importance': 'LOW', 'direction': 'normal'}, {'feature': 'temperature_rate_of_change', 'display_name': 'Temperature Rate Of Change', 'contribution': -0.0755, 'abs_contribution': 0.0755, 'importance': 'LOW', 'direction': 'anomalous'}, {'feature': 'temperature_deviation', 'display_name': 'Temperature Deviation', 'contribution': 0.0203, 'abs_contribution': 0.0203, 'importance': 'LOW', 'direction': 'normal'}], 'summary': 'Temp Humidity Ratio had the strongest contribution to the Isolation Forest decision.'}"
ST09,2026-08-28 10:00:00,ML-detected anomaly (needs review),False,False,False,True,False,39.2,CAUTION,MEDIUM - daily digest,,"{'available': True, 'model': 'Isolation Forest', 'top_features': [{'feature': 'humidity_rate_of_change', 'display_name': 'Humidity Rate Of Change', 'contribution': -1.002, 'abs_contribution': 1.002, 'importance': 'HIGH', 'direction': 'anomalous'}, {'feature': 'humidity_zscore', 'display_name': 'Humidity Zscore', 'contribution': -0.9403, 'abs_contribution': 0.9403, 'importance': 'MEDIUM', 'direction': 'anomalous'}, {'feature': 'dew_point', 'display_name': 'Dew Point', 'contribution': -0.7716, 'abs_contribution': 0.7716, 'importance': 'MEDIUM', 'direction': 'anomalous'}, {'feature': 'humidity_deviation', 'display_name': 'Humidity Deviation', 'contribution': -0.755, 'abs_contribution': 0.755, 'importance': 'MEDIUM', 'direction': 'anomalous'}, {'feature': 'humidity', 'display_name': 'Humidity', 'contribution': -0.6959, 'abs_contribution': 0.6959, 'importance': 'MEDIUM', 'direction': 'anomalous'}, {'feature': 'temp_humidity_ratio', 'display_name': 'Temp Humidity Ratio', 'contribution': -0.416, 'abs_contribution': 0.416, 'importance': 'MEDIUM', 'direction': 'anomalous'}, {'feature': 'temperature', 'display_name': 'Temperature', 'contribution': -0.1442, 'abs_contribution': 0.1442, 'importance': 'LOW', 'direction': 'anomalous'}, {'feature': 'temperature_rate_of_change', 'display_name': 'Temperature Rate Of Change', 'contribution': 0.0956, 'abs_contribution': 0.0956, 'importance': 'LOW', 'direction': 'normal'}, {'feature': 'pressure_deviation', 'display_name': 'Pressure Deviation', 'contribution': 0.0764, 'abs_contribution': 0.0764, 'importance': 'LOW', 'direction': 'normal'}, {'feature': 'pressure_rate_of_change', 'display_name': 'Pressure Rate Of Change', 'contribution': 0.0742, 'abs_contribution': 0.0742, 'importance': 'LOW', 'direction': 'normal'}, {'feature': 'pressure', 'display_name': 'Pressure', 'contribution': 0.0725, 'abs_contribution': 0.0725, 'importance': 'LOW', 'direction': 'normal'}, {'feature': 'pressure_zscore', 'display_name': 'Pressure Zscore', 'contribution': 0.0692, 'abs_contribution': 0.0692, 'importance': 'LOW', 'direction': 'normal'}, {'feature': 'temperature_deviation', 'display_name': 'Temperature Deviation', 'contribution': 0.0646, 'abs_contribution': 0.0646, 'importance': 'LOW', 'direction': 'normal'}, {'feature': 'temperature_zscore', 'display_name': 'Temperature Zscore', 'contribution': 0.0579, 'abs_contribution': 0.0579, 'importance': 'LOW', 'direction': 'normal'}], 'summary': 'Humidity Rate Of Change had the strongest contribution to the Isolation Forest decision.'}"
ST09,2026-08-29 00:20:00,ML-detected anomaly (needs review),False,False,False,True,False,39.1,CAUTION,MEDIUM - daily digest,,"{'available': True, 'model': 'Isolation Forest', 'top_features': [{'feature': 'pressure_zscore', 'display_name': 'Pressure Zscore', 'contribution': -0.9461, 'abs_contribution': 0.9461, 'importance': 'HIGH', 'direction': 'anomalous'}, {'feature': 'temperature_zscore', 'display_name': 'Temperature Zscore', 'contribution': -0.8208, 'abs_contribution': 0.8208, 'importance': 'MEDIUM', 'direction': 'anomalous'}, {'feature': 'pressure_deviation', 'display_name': 'Pressure Deviation', 'contribution': -0.6609, 'abs_contribution': 0.6609, 'importance': 'MEDIUM', 'direction': 'anomalous'}, {'feature': 'pressure', 'display_name': 'Pressure', 'contribution': -0.6171, 'abs_contribution': 0.6171, 'importance': 'MEDIUM', 'direction': 'anomalous'}, {'feature': 'temp_humidity_ratio', 'display_name': 'Temp Humidity Ratio', 'contribution': -0.4619, 'abs_contribution': 0.4619, 'importance': 'MEDIUM', 'direction': 'anomalous'}, {'feature': 'temperature_deviation', 'display_name': 'Temperature Deviation', 'contribution': -0.372, 'abs_contribution': 0.372, 'importance': 'MEDIUM', 'direction': 'anomalous'}, {'feature': 'temperature', 'display_name': 'Temperature', 'contribution': -0.3348, 'abs_contribution': 0.3348, 'importance': 'MEDIUM', 'direction': 'anomalous'}, {'feature': 'dew_point', 'display_name': 'Dew Point', 'contribution': -0.1884, 'abs_contribution': 0.1884, 'importance': 'LOW', 'direction': 'anomalous'}, {'feature': 'humidity_rate_of_change', 'display_name': 'Humidity Rate Of Change', 'contribution': 0.1465, 'abs_contribution': 0.1465, 'importance': 'LOW', 'direction': 'normal'}, {'feature': 'temperature_rate_of_change', 'display_name': 'Temperature Rate Of Change', 'contribution': -0.0813, 'abs_contribution': 0.0813, 'importance': 'LOW', 'direction': 'anomalous'}, {'feature': 'pressure_rate_of_change', 'display_name': 'Pressure Rate Of Change', 'contribution': 0.0507, 'abs_contribution': 0.0507, 'importance': 'LOW', 'direction': 'normal'}, {'feature': 'humidity_zscore', 'display_name': 'Humidity Zscore', 'contribution': 0.0507, 'abs_contribution': 0.0507, 'importance': 'LOW', 'direction': 'normal'}, {'feature': 'humidity', 'display_name': 'Humidity', 'contribution': 0.0435, 'abs_contribution': 0.0435, 'importance': 'LOW', 'direction': 'normal'}, {'feature': 'humidity_deviation', 'display_name': 'Humidity Deviation', 'contribution': 0.0053, 'abs_contribution': 0.0053, 'importance': 'LOW', 'direction': 'normal'}], 'summary': 'Pressure Zscore had the strongest contribution to the Isolation Forest decision.'}"
ST01,2026-08-28 01:50:00,ML-detected anomaly (needs review),False,False,False,True,False,37.2,CAUTION,MEDIUM - daily digest,,"{'available': True, 'model': 'Isolation Forest', 'top_features': [{'feature': 'humidity_zscore', 'display_name': 'Humidity Zscore', 'contribution': -0.9177, 'abs_contribution': 0.9177, 'importance': 'HIGH', 'direction': 'anomalous'}, {'feature': 'humidity_deviation', 'display_name': 'Humidity Deviation', 'contribution': -0.9002, 'abs_contribution': 0.9002, 'importance': 'HIGH', 'direction': 'anomalous'}, {'feature': 'humidity', 'display_name': 'Humidity', 'contribution': -0.8617, 'abs_contribution': 0.8617, 'importance': 'HIGH', 'direction': 'anomalous'}, {'feature': 'dew_point', 'display_name': 'Dew Point', 'contribution': -0.372, 'abs_contribution': 0.372, 'importance': 'MEDIUM', 'direction': 'anomalous'}, {'feature': 'pressure_deviation', 'display_name': 'Pressure Deviation', 'contribution': -0.233, 'abs_contribution': 0.233, 'importance': 'LOW', 'direction': 'anomalous'}, {'feature': 'humidity_rate_of_change', 'display_name': 'Humidity Rate Of Change', 'contribution': -0.2311, 'abs_contribution': 0.2311, 'importance': 'LOW', 'direction': 'anomalous'}, {'feature': 'temp_humidity_ratio', 'display_name': 'Temp Humidity Ratio', 'contribution': -0.1349, 'abs_contribution': 0.1349, 'importance': 'LOW', 'direction': 'anomalous'}, {'feature': 'pressure_rate_of_change', 'display_name': 'Pressure Rate Of Change', 'contribution': -0.1212, 'abs_contribution': 0.1212, 'importance': 'LOW', 'direction': 'anomalous'}, {'feature': 'pressure', 'display_name': 'Pressure', 'contribution': -0.1205, 'abs_contribution': 0.1205, 'importance': 'LOW', 'direction': 'anomalous'}, {'feature': 'temperature_deviation', 'display_name': 'Temperature Deviation', 'contribution': -0.1091, 'abs_contribution': 0.1091, 'importance': 'LOW', 'direction': 'anomalous'}, {'feature': 'temperature_rate_of_change', 'display_name': 'Temperature Rate Of Change', 'contribution': 0.0488, 'abs_contribution': 0.0488, 'importance': 'LOW', 'direction': 'normal'}, {'feature': 'temperature', 'display_name': 'Temperature', 'contribution': 0.0388, 'abs_contribution': 0.0388, 'importance': 'LOW', 'direction': 'normal'}, {'feature': 'pressure_zscore', 'display_name': 'Pressure Zscore', 'contribution': 0.0118, 'abs_contribution': 0.0118, 'importance': 'LOW', 'direction': 'normal'}, {'feature': 'temperature_zscore', 'display_name': 'Temperature Zscore', 'contribution': -0.0102, 'abs_contribution': 0.0102, 'importance': 'LOW', 'direction': 'anomalous'}], 'summary': 'Humidity Zscore had the strongest contribution to the Isolation Forest decision.'}"
ST09,2026-08-28 08:20:00,ML-detected anomaly (needs review),False,False,False,True,False,36.6,CAUTION,MEDIUM - daily digest,,"{'available': True, 'model': 'Isolation Forest', 'top_features': [{'feature': 'pressure_zscore', 'display_name': 'Pressure Zscore', 'contribution': -0.7971, 'abs_contribution': 0.7971, 'importance': 'HIGH', 'direction': 'anomalous'}, {'feature': 'pressure', 'display_name': 'Pressure', 'contribution': -0.6042, 'abs_contribution': 0.6042, 'importance': 'MEDIUM', 'direction': 'anomalous'}, {'feature': 'pressure_deviation', 'display_name': 'Pressure Deviation', 'contribution': -0.5856, 'abs_contribution': 0.5856, 'importance': 'MEDIUM', 'direction': 'anomalous'}, {'feature': 'temp_humidity_ratio', 'display_name': 'Temp Humidity Ratio', 'contribution': -0.4985, 'abs_contribution': 0.4985, 'importance': 'MEDIUM', 'direction': 'anomalous'}, {'feature': 'pressure_rate_of_change', 'display_name': 'Pressure Rate Of Change', 'contribution': -0.3873, 'abs_contribution': 0.3873, 'importance': 'MEDIUM', 'direction': 'anomalous'}, {'feature': 'humidity_zscore', 'display_name': 'Humidity Zscore', 'contribution': -0.208, 'abs_contribution': 0.208, 'importance': 'LOW', 'direction': 'anomalous'}, {'feature': 'humidity_deviation', 'display_name': 'Humidity Deviation', 'contribution': -0.1812, 'abs_contribution': 0.1812, 'importance': 'LOW', 'direction': 'anomalous'}, {'feature': 'temperature_deviation', 'display_name': 'Temperature Deviation', 'contribution': -0.1717, 'abs_contribution': 0.1717, 'importance': 'LOW', 'direction': 'anomalous'}, {'feature': 'temperature', 'display_name': 'Temperature', 'contribution': -0.1512, 'abs_contribution': 0.1512, 'importance': 'LOW', 'direction': 'anomalous'}, {'feature': 'humidity', 'display_name': 'Humidity', 'contribution': -0.1447, 'abs_contribution': 0.1447, 'importance': 'LOW', 'direction': 'anomalous'}, {'feature': 'temperature_zscore', 'display_name': 'Temperature Zscore', 'contribution': -0.0784, 'abs_contribution': 0.0784, 'importance': 'LOW', 'direction': 'anomalous'}, {'feature': 'dew_point', 'display_name': 'Dew Point', 'contribution': 0.0565, 'abs_contribution': 0.0565, 'importance': 'LOW', 'direction': 'normal'}, {'feature': 'humidity_rate_of_change', 'display_name': 'Humidity Rate Of Change', 'contribution': -0.0565, 'abs_contribution': 0.0565, 'importance': 'LOW', 'direction': 'anomalous'}, {'feature': 'temperature_rate_of_change', 'display_name': 'Temperature Rate Of Change', 'contribution': -0.0129, 'abs_contribution': 0.0129, 'importance': 'LOW', 'direction': 'anomalous'}], 'summary': 'Pressure Zscore had the strongest contribution to the Isolation Forest decision.'}"
ST04,2026-08-28 10:00:00,ML-detected anomaly (needs review),False,False,False,True,False,36.5,CAUTION,MEDIUM - daily digest,,"{'available': True, 'model': 'Isolation Forest', 'top_features': [{'feature': 'temp_humidity_ratio', 'display_name': 'Temp Humidity Ratio', 'contribution': -1.1396, 'abs_contribution': 1.1396, 'importance': 'HIGH', 'direction': 'anomalous'}, {'feature': 'humidity_zscore', 'display_name': 'Humidity Zscore', 'contribution': -0.9311, 'abs_contribution': 0.9311, 'importance': 'HIGH', 'direction': 'anomalous'}, {'feature': 'humidity', 'display_name': 'Humidity', 'contribution': -0.8945, 'abs_contribution': 0.8945, 'importance': 'HIGH', 'direction': 'anomalous'}, {'feature': 'humidity_deviation', 'display_name': 'Humidity Deviation', 'contribution': -0.6444, 'abs_contribution': 0.6444, 'importance': 'MEDIUM', 'direction': 'anomalous'}, {'feature': 'humidity_rate_of_change', 'display_name': 'Humidity Rate Of Change', 'contribution': -0.4506, 'abs_contribution': 0.4506, 'importance': 'MEDIUM', 'direction': 'anomalous'}, {'feature': 'pressure', 'display_name': 'Pressure', 'contribution': 0.0926, 'abs_contribution': 0.0926, 'importance': 'LOW', 'direction': 'normal'}, {'feature': 'temperature_deviation', 'display_name': 'Temperature Deviation', 'contribution': 0.0799, 'abs_contribution': 0.0799, 'importance': 'LOW', 'direction': 'normal'}, {'feature': 'pressure_rate_of_change', 'display_name': 'Pressure Rate Of Change', 'contribution': 0.0796, 'abs_contribution': 0.0796, 'importance': 'LOW', 'direction': 'normal'}, {'feature': 'dew_point', 'display_name': 'Dew Point', 'contribution': -0.0587, 'abs_contribution': 0.0587, 'importance': 'LOW', 'direction': 'anomalous'}, {'feature': 'temperature_rate_of_change', 'display_name': 'Temperature Rate Of Change', 'contribution': 0.0487, 'abs_contribution': 0.0487, 'importance': 'LOW', 'direction': 'normal'}, {'feature': 'temperature', 'display_name': 'Temperature', 'contribution': -0.0467, 'abs_contribution': 0.0467, 'importance': 'LOW', 'direction': 'anomalous'}, {'feature': 'temperature_zscore', 'display_name': 'Temperature Zscore', 'contribution': 0.0255, 'abs_contribution': 0.0255, 'importance': 'LOW', 'direction': 'normal'}, {'feature': 'pressure_deviation', 'display_name': 'Pressure Deviation', 'contribution': 0.0239, 'abs_contribution': 0.0239, 'importance': 'LOW', 'direction': 'normal'}, {'feature': 'pressure_zscore', 'display_name': 'Pressure Zscore', 'contribution': 0.0028, 'abs_contribution': 0.0028, 'importance': 'LOW', 'direction': 'normal'}], 'summary': 'Temp Humidity Ratio had the strongest contribution to the Isolation Forest decision.'}"
ST10,2026-08-28 11:00:00,ML-detected anomaly (needs review),False,False,False,True,False,36.2,CAUTION,MEDIUM - daily digest,,"{'available': True, 'model': 'Isolation Forest', 'top_features': [{'feature': 'humidity_rate_of_change', 'display_name': 'Humidity Rate Of Change', 'contribution': -0.9612, 'abs_contribution': 0.9612, 'importance': 'HIGH', 'direction': 'anomalous'}, {'feature': 'humidity_zscore', 'display_name': 'Humidity Zscore', 'contribution': -0.8199, 'abs_contribution': 0.8199, 'importance': 'HIGH', 'direction': 'anomalous'}, {'feature': 'temp_humidity_ratio', 'display_name': 'Temp Humidity Ratio', 'contribution': -0.5934, 'abs_contribution': 0.5934, 'importance': 'MEDIUM', 'direction': 'anomalous'}, {'feature': 'humidity', 'display_name': 'Humidity', 'contribution': -0.5676, 'abs_contribution': 0.5676, 'importance': 'MEDIUM', 'direction': 'anomalous'}, {'feature': 'humidity_deviation', 'display_name': 'Humidity Deviation', 'contribution': -0.5403, 'abs_contribution': 0.5403, 'importance': 'MEDIUM', 'direction': 'anomalous'}, {'feature': 'dew_point', 'display_name': 'Dew Point', 'contribution': -0.2838, 'abs_contribution': 0.2838, 'importance': 'MEDIUM', 'direction': 'anomalous'}, {'feature': 'pressure_rate_of_change', 'display_name': 'Pressure Rate Of Change', 'contribution': -0.1565, 'abs_contribution': 0.1565, 'importance': 'LOW', 'direction': 'anomalous'}, {'feature': 'temperature_zscore', 'display_name': 'Temperature Zscore', 'contribution': 0.1232, 'abs_contribution': 0.1232, 'importance': 'LOW', 'direction': 'normal'}, {'feature': 'pressure', 'display_name': 'Pressure', 'contribution': -0.1139, 'abs_contribution': 0.1139, 'importance': 'LOW', 'direction': 'anomalous'}, {'feature': 'temperature', 'display_name': 'Temperature', 'contribution': 0.1124, 'abs_contribution': 0.1124, 'importance': 'LOW', 'direction': 'normal'}, {'feature': 'pressure_deviation', 'display_name': 'Pressure Deviation', 'contribution': -0.0826, 'abs_contribution': 0.0826, 'importance': 'LOW', 'direction': 'anomalous'}, {'feature': 'pressure_zscore', 'display_name': 'Pressure Zscore', 'contribution': 0.0524, 'abs_contribution': 0.0524, 'importance': 'LOW', 'direction': 'normal'}, {'feature': 'temperature_rate_of_change', 'display_name': 'Temperature Rate Of Change', 'contribution': 0.0428, 'abs_contribution': 0.0428, 'importance': 'LOW', 'direction': 'normal'}, {'feature': 'temperature_deviation', 'display_name': 'Temperature Deviation', 'contribution': 0.0197, 'abs_contribution': 0.0197, 'importance': 'LOW', 'direction': 'normal'}], 'summary': 'Humidity Rate Of Change had the strongest contribution to the Isolation Forest decision.'}"
ST09,2026-08-28 20:50:00,ML-detected anomaly (needs review),False,False,False,True,False,35.9,CAUTION,MEDIUM - daily digest,,"{'available': True, 'model': 'Isolation Forest', 'top_features': [{'feature': 'humidity_zscore', 'display_name': 'Humidity Zscore', 'contribution': -0.9773, 'abs_contribution': 0.9773, 'importance': 'HIGH', 'direction': 'anomalous'}, {'feature': 'humidity', 'display_name': 'Humidity', 'contribution': -0.9334, 'abs_contribution': 0.9334, 'importance': 'HIGH', 'direction': 'anomalous'}, {'feature': 'temp_humidity_ratio', 'display_name': 'Temp Humidity Ratio', 'contribution': -0.7918, 'abs_contribution': 0.7918, 'importance': 'MEDIUM', 'direction': 'anomalous'}, {'feature': 'humidity_deviation', 'display_name': 'Humidity Deviation', 'contribution': -0.7873, 'abs_contribution': 0.7873, 'importance': 'MEDIUM', 'direction': 'anomalous'}, {'feature': 'humidity_rate_of_change', 'display_name': 'Humidity Rate Of Change', 'contribution': -0.3459, 'abs_contribution': 0.3459, 'importance': 'MEDIUM', 'direction': 'anomalous'}, {'feature': 'pressure_rate_of_change', 'display_name': 'Pressure Rate Of Change', 'contribution': -0.2768, 'abs_contribution': 0.2768, 'importance': 'LOW', 'direction': 'anomalous'}, {'feature': 'temperature', 'display_name': 'Temperature', 'contribution': -0.1226, 'abs_contribution': 0.1226, 'importance': 'LOW', 'direction': 'anomalous'}, {'feature': 'temperature_deviation', 'display_name': 'Temperature Deviation', 'contribution': 0.1047, 'abs_contribution': 0.1047, 'importance': 'LOW', 'direction': 'normal'}, {'feature': 'dew_point', 'display_name': 'Dew Point', 'contribution': 0.096, 'abs_contribution': 0.096, 'importance': 'LOW', 'direction': 'normal'}, {'feature': 'temperature_rate_of_change', 'display_name': 'Temperature Rate Of Change', 'contribution': 0.0912, 'abs_contribution': 0.0912, 'importance': 'LOW', 'direction': 'normal'}, {'feature': 'temperature_zscore', 'display_name': 'Temperature Zscore', 'contribution': 0.0906, 'abs_contribution': 0.0906, 'importance': 'LOW', 'direction': 'normal'}, {'feature': 'pressure', 'display_name': 'Pressure', 'contribution': 0.0593, 'abs_contribution': 0.0593, 'importance': 'LOW', 'direction': 'normal'}, {'feature': 'pressure_zscore', 'display_name': 'Pressure Zscore', 'contribution': 0.0455, 'abs_contribution': 0.0455, 'importance': 'LOW', 'direction': 'normal'}, {'feature': 'pressure_deviation', 'display_name': 'Pressure Deviation', 'contribution': 0.0248, 'abs_contribution': 0.0248, 'importance': 'LOW', 'direction': 'normal'}], 'summary': 'Humidity Zscore had the strongest contribution to the Isolation Forest decision.'}"
ST08,2026-08-29 00:10:00,ML-detected anomaly (needs review),False,False,False,True,False,35.8,CAUTION,MEDIUM - daily digest,,"{'available': True, 'model': 'Isolation Forest', 'top_features': [{'feature': 'temperature_zscore', 'display_name': 'Temperature Zscore', 'contribution': -0.8141, 'abs_contribution': 0.8141, 'importance': 'HIGH', 'direction': 'anomalous'}, {'feature': 'temp_humidity_ratio', 'display_name': 'Temp Humidity Ratio', 'contribution': -0.7158, 'abs_contribution': 0.7158, 'importance': 'MEDIUM', 'direction': 'anomalous'}, {'feature': 'temperature_rate_of_change', 'display_name': 'Temperature Rate Of Change', 'contribution': -0.7126, 'abs_contribution': 0.7126, 'importance': 'MEDIUM', 'direction': 'anomalous'}, {'feature': 'temperature', 'display_name': 'Temperature', 'contribution': -0.5654, 'abs_contribution': 0.5654, 'importance': 'MEDIUM', 'direction': 'anomalous'}, {'feature': 'temperature_deviation', 'display_name': 'Temperature Deviation', 'contribution': -0.4424, 'abs_contribution': 0.4424, 'importance': 'MEDIUM', 'direction': 'anomalous'}, {'feature': 'dew_point', 'display_name': 'Dew Point', 'contribution': -0.2824, 'abs_contribution': 0.2824, 'importance': 'MEDIUM', 'direction': 'anomalous'}, {'feature': 'pressure_rate_of_change', 'display_name': 'Pressure Rate Of Change', 'contribution': -0.2467, 'abs_contribution': 0.2467, 'importance': 'LOW', 'direction': 'anomalous'}, {'feature': 'humidity_rate_of_change', 'display_name': 'Humidity Rate Of Change', 'contribution': -0.2295, 'abs_contribution': 0.2295, 'importance': 'LOW', 'direction': 'anomalous'}, {'feature': 'pressure', 'display_name': 'Pressure', 'contribution': 0.1011, 'abs_contribution': 0.1011, 'importance': 'LOW', 'direction': 'normal'}, {'feature': 'pressure_zscore', 'display_name': 'Pressure Zscore', 'contribution': 0.0837, 'abs_contribution': 0.0837, 'importance': 'LOW', 'direction': 'normal'}, {'feature': 'pressure_deviation', 'display_name': 'Pressure Deviation', 'contribution': 0.0594, 'abs_contribution': 0.0594, 'importance': 'LOW', 'direction': 'normal'}, {'feature': 'humidity_zscore', 'display_name': 'Humidity Zscore', 'contribution': 0.0364, 'abs_contribution': 0.0364, 'importance': 'LOW', 'direction': 'normal'}, {'feature': 'humidity', 'display_name': 'Humidity', 'contribution': 0.0205, 'abs_contribution': 0.0205, 'importance': 'LOW', 'direction': 'normal'}, {'feature': 'humidity_deviation', 'display_name': 'Humidity Deviation', 'contribution': 0.0125, 'abs_contribution': 0.0125, 'importance': 'LOW', 'direction': 'normal'}], 'summary': 'Temperature Zscore had the strongest contribution to the Isolation Forest decision.'}"
ST03,2026-08-28 06:30:00,ML-detected anomaly (needs review),False,False,False,True,False,35.6,CAUTION,MEDIUM - daily digest,,"{'available': True, 'model': 'Isolation Forest', 'top_features': [{'feature': 'humidity_zscore', 'display_name': 'Humidity Zscore', 'contribution': -0.8911, 'abs_contribution': 0.8911, 'importance': 'HIGH', 'direction': 'anomalous'}, {'feature': 'temp_humidity_ratio', 'display_name': 'Temp Humidity Ratio', 'contribution': -0.7686, 'abs_contribution': 0.7686, 'importance': 'MEDIUM', 'direction': 'anomalous'}, {'feature': 'humidity', 'display_name': 'Humidity', 'contribution': -0.752, 'abs_contribution': 0.752, 'importance': 'MEDIUM', 'direction': 'anomalous'}, {'feature': 'humidity_rate_of_change', 'display_name': 'Humidity Rate Of Change', 'contribution': -0.6238, 'abs_contribution': 0.6238, 'importance': 'MEDIUM', 'direction': 'anomalous'}, {'feature': 'humidity_deviation', 'display_name': 'Humidity Deviation', 'contribution': -0.6079, 'abs_contribution': 0.6079, 'importance': 'MEDIUM', 'direction': 'anomalous'}, {'feature': 'dew_point', 'display_name': 'Dew Point', 'contribution': -0.3639, 'abs_contribution': 0.3639, 'importance': 'MEDIUM', 'direction': 'anomalous'}, {'feature': 'pressure_rate_of_change', 'display_name': 'Pressure Rate Of Change', 'contribution': -0.2259, 'abs_contribution': 0.2259, 'importance': 'LOW', 'direction': 'anomalous'}, {'feature': 'pressure', 'display_name': 'Pressure', 'contribution': 0.1496, 'abs_contribution': 0.1496, 'importance': 'LOW', 'direction': 'normal'}, {'feature': 'temperature', 'display_name': 'Temperature', 'contribution': 0.1425, 'abs_contribution': 0.1425, 'importance': 'LOW', 'direction': 'normal'}, {'feature': 'temperature_zscore', 'display_name': 'Temperature Zscore', 'contribution': 0.1219, 'abs_contribution': 0.1219, 'importance': 'LOW', 'direction': 'normal'}, {'feature': 'temperature_deviation', 'display_name': 'Temperature Deviation', 'contribution': 0.0403, 'abs_contribution': 0.0403, 'importance': 'LOW', 'direction': 'normal'}, {'feature': 'pressure_zscore', 'display_name': 'Pressure Zscore', 'contribution': 0.0403, 'abs_contribution': 0.0403, 'importance': 'LOW', 'direction': 'normal'}, {'feature': 'pressure_deviation', 'display_name': 'Pressure Deviation', 'contribution': 0.0355, 'abs_contribution': 0.0355, 'importance': 'LOW', 'direction': 'normal'}, {'feature': 'temperature_rate_of_change', 'display_name': 'Temperature Rate Of Change', 'contribution': 0.0274, 'abs_contribution': 0.0274, 'importance': 'LOW', 'direction': 'normal'}], 'summary': 'Humidity Zscore had the strongest contribution to the Isolation Forest decision.'}"
ST08,2026-08-28 00:50:00,ML-detected anomaly (needs review),False,False,False,True,False,35.5,CAUTION,MEDIUM - daily digest,,"{'available': True, 'model': 'Isolation Forest', 'top_features': [{'feature': 'dew_point', 'display_name': 'Dew Point', 'contribution': -0.8321, 'abs_contribution': 0.8321, 'importance': 'HIGH', 'direction': 'anomalous'}, {'feature': 'temperature_rate_of_change', 'display_name': 'Temperature Rate Of Change', 'contribution': -0.7714, 'abs_contribution': 0.7714, 'importance': 'HIGH', 'direction': 'anomalous'}, {'feature': 'temperature_zscore', 'display_name': 'Temperature Zscore', 'contribution': -0.4862, 'abs_contribution': 0.4862, 'importance': 'MEDIUM', 'direction': 'anomalous'}, {'feature': 'humidity_zscore', 'display_name': 'Humidity Zscore', 'contribution': -0.4729, 'abs_contribution': 0.4729, 'importance': 'MEDIUM', 'direction': 'anomalous'}, {'feature': 'humidity', 'display_name': 'Humidity', 'contribution': -0.4362, 'abs_contribution': 0.4362, 'importance': 'MEDIUM', 'direction': 'anomalous'}, {'feature': 'temperature', 'display_name': 'Temperature', 'contribution': -0.368, 'abs_contribution': 0.368, 'importance': 'MEDIUM', 'direction': 'anomalous'}, {'feature': 'humidity_deviation', 'display_name': 'Humidity Deviation', 'contribution': -0.218, 'abs_contribution': 0.218, 'importance': 'LOW', 'direction': 'anomalous'}, {'feature': 'humidity_rate_of_change', 'display_name': 'Humidity Rate Of Change', 'contribution': -0.1244, 'abs_contribution': 0.1244, 'importance': 'LOW', 'direction': 'anomalous'}, {'feature': 'pressure_rate_of_change', 'display_name': 'Pressure Rate Of Change', 'contribution': 0.1014, 'abs_contribution': 0.1014, 'importance': 'LOW', 'direction': 'normal'}, {'feature': 'temperature_deviation', 'display_name': 'Temperature Deviation', 'contribution': -0.0619, 'abs_contribution': 0.0619, 'importance': 'LOW', 'direction': 'anomalous'}, {'feature': 'temp_humidity_ratio', 'display_name': 'Temp Humidity Ratio', 'contribution': 0.0357, 'abs_contribution': 0.0357, 'importance': 'LOW', 'direction': 'normal'}, {'feature': 'pressure_zscore', 'display_name': 'Pressure Zscore', 'contribution': -0.0252, 'abs_contribution': 0.0252, 'importance': 'LOW', 'direction': 'anomalous'}, {'feature': 'pressure_deviation', 'display_name': 'Pressure Deviation', 'contribution': 0.0123, 'abs_contribution': 0.0123, 'importance': 'LOW', 'direction': 'normal'}, {'feature': 'pressure', 'display_name': 'Pressure', 'contribution': -0.0041, 'abs_contribution': 0.0041, 'importance': 'LOW', 'direction': 'anomalous'}], 'summary': 'Dew Point had the strongest contribution to the Isolation Forest decision.'}"
ST02,2026-08-28 02:30:00,ML-detected anomaly (needs review),False,False,False,True,False,35.0,CAUTION,MEDIUM - daily digest,,"{'available': True, 'model': 'Isolation Forest', 'top_features': [{'feature': 'humidity_zscore', 'display_name': 'Humidity Zscore', 'contribution': -1.0179, 'abs_contribution': 1.0179, 'importance': 'HIGH', 'direction': 'anomalous'}, {'feature': 'humidity', 'display_name': 'Humidity', 'contribution': -0.9488, 'abs_contribution': 0.9488, 'importance': 'HIGH', 'direction': 'anomalous'}, {'feature': 'humidity_deviation', 'display_name': 'Humidity Deviation', 'contribution': -0.6647, 'abs_contribution': 0.6647, 'importance': 'MEDIUM', 'direction': 'anomalous'}, {'feature': 'temperature_rate_of_change', 'display_name': 'Temperature Rate Of Change', 'contribution': -0.608, 'abs_contribution': 0.608, 'importance': 'MEDIUM', 'direction': 'anomalous'}, {'feature': 'dew_point', 'display_name': 'Dew Point', 'contribution': -0.409, 'abs_contribution': 0.409, 'importance': 'MEDIUM', 'direction': 'anomalous'}, {'feature': 'pressure', 'display_name': 'Pressure', 'contribution': 0.1168, 'abs_contribution': 0.1168, 'importance': 'LOW', 'direction': 'normal'}, {'feature': 'pressure_zscore', 'display_name': 'Pressure Zscore', 'contribution': 0.1126, 'abs_contribution': 0.1126, 'importance': 'LOW', 'direction': 'normal'}, {'feature': 'temp_humidity_ratio', 'display_name': 'Temp Humidity Ratio', 'contribution': -0.1049, 'abs_contribution': 0.1049, 'importance': 'LOW', 'direction': 'anomalous'}, {'feature': 'pressure_rate_of_change', 'display_name': 'Pressure Rate Of Change', 'contribution': 0.1029, 'abs_contribution': 0.1029, 'importance': 'LOW', 'direction': 'normal'}, {'feature': 'pressure_deviation', 'display_name': 'Pressure Deviation', 'contribution': 0.0973, 'abs_contribution': 0.0973, 'importance': 'LOW', 'direction': 'normal'}, {'feature': 'temperature_deviation', 'display_name': 'Temperature Deviation', 'contribution': -0.0817, 'abs_contribution': 0.0817, 'importance': 'LOW', 'direction': 'anomalous'}, {'feature': 'humidity_rate_of_change', 'display_name': 'Humidity Rate Of Change', 'contribution': -0.0521, 'abs_contribution': 0.0521, 'importance': 'LOW', 'direction': 'anomalous'}, {'feature': 'temperature', 'display_name': 'Temperature', 'contribution': 0.0084, 'abs_contribution': 0.0084, 'importance': 'LOW', 'direction': 'normal'}, {'feature': 'temperature_zscore', 'display_name': 'Temperature Zscore', 'contribution': 0.0046, 'abs_contribution': 0.0046, 'importance': 'LOW', 'direction': 'normal'}], 'summary': 'Humidity Zscore had the strongest contribution to the Isolation Forest decision.'}"
ST03,2026-08-28 07:40:00,ML-detected anomaly (needs review),False,False,False,True,False,35.0,CAUTION,MEDIUM - daily digest,,"{'available': True, 'model': 'Isolation Forest', 'top_features': [{'feature': 'humidity', 'display_name': 'Humidity', 'contribution': -0.8872, 'abs_contribution': 0.8872, 'importance': 'HIGH', 'direction': 'anomalous'}, {'feature': 'humidity_deviation', 'display_name': 'Humidity Deviation', 'contribution': -0.8273, 'abs_contribution': 0.8273, 'importance': 'HIGH', 'direction': 'anomalous'}, {'feature': 'humidity_zscore', 'display_name': 'Humidity Zscore', 'contribution': -0.8126, 'abs_contribution': 0.8126, 'importance': 'HIGH', 'direction': 'anomalous'}, {'feature': 'humidity_rate_of_change', 'display_name': 'Humidity Rate Of Change', 'contribution': -0.7871, 'abs_contribution': 0.7871, 'importance': 'HIGH', 'direction': 'anomalous'}, {'feature': 'dew_point', 'display_name': 'Dew Point', 'contribution': -0.3129, 'abs_contribution': 0.3129, 'importance': 'MEDIUM', 'direction': 'anomalous'}, {'feature': 'temperature_zscore', 'display_name': 'Temperature Zscore', 'contribution': 0.1299, 'abs_contribution': 0.1299, 'importance': 'LOW', 'direction': 'normal'}, {'feature': 'pressure_rate_of_change', 'display_name': 'Pressure Rate Of Change', 'contribution': -0.108, 'abs_contribution': 0.108, 'importance': 'LOW', 'direction': 'anomalous'}, {'feature': 'temperature_deviation', 'display_name': 'Temperature Deviation', 'contribution': 0.1009, 'abs_contribution': 0.1009, 'importance': 'LOW', 'direction': 'normal'}, {'feature': 'pressure', 'display_name': 'Pressure', 'contribution': -0.0993, 'abs_contribution': 0.0993, 'importance': 'LOW', 'direction': 'anomalous'}, {'feature': 'pressure_deviation', 'display_name': 'Pressure Deviation', 'contribution': 0.0955, 'abs_contribution': 0.0955, 'importance': 'LOW', 'direction': 'normal'}, {'feature': 'pressure_zscore', 'display_name': 'Pressure Zscore', 'contribution': -0.0876, 'abs_contribution': 0.0876, 'importance': 'LOW', 'direction': 'anomalous'}, {'feature': 'temp_humidity_ratio', 'display_name': 'Temp Humidity Ratio', 'contribution': 0.0132, 'abs_contribution': 0.0132, 'importance': 'LOW', 'direction': 'normal'}, {'feature': 'temperature_rate_of_change', 'display_name': 'Temperature Rate Of Change', 'contribution': 0.0095, 'abs_contribution': 0.0095, 'importance': 'LOW', 'direction': 'normal'}, {'feature': 'temperature', 'display_name': 'Temperature', 'contribution': 0.001, 'abs_contribution': 0.001, 'importance': 'LOW', 'direction': 'normal'}], 'summary': 'Humidity had the strongest contribution to the Isolation Forest decision.'}"
ST05,2026-08-29 03:10:00,ML-detected anomaly (needs review),False,False,False,True,False,35.0,CAUTION,MEDIUM - daily digest,,"{'available': True, 'model': 'Isolation Forest', 'top_features': [{'feature': 'humidity', 'display_name': 'Humidity', 'contribution': -0.9818, 'abs_contribution': 0.9818, 'importance': 'HIGH', 'direction': 'anomalous'}, {'feature': 'humidity_zscore', 'display_name': 'Humidity Zscore', 'contribution': -0.8851, 'abs_contribution': 0.8851, 'importance': 'HIGH', 'direction': 'anomalous'}, {'feature': 'humidity_deviation', 'display_name': 'Humidity Deviation', 'contribution': -0.7465, 'abs_contribution': 0.7465, 'importance': 'MEDIUM', 'direction': 'anomalous'}, {'feature': 'temp_humidity_ratio', 'display_name': 'Temp Humidity Ratio', 'contribution': -0.5168, 'abs_contribution': 0.5168, 'importance': 'MEDIUM', 'direction': 'anomalous'}, {'feature': 'humidity_rate_of_change', 'display_name': 'Humidity Rate Of Change', 'contribution': -0.3662, 'abs_contribution': 0.3662, 'importance': 'MEDIUM', 'direction': 'anomalous'}, {'feature': 'temperature_rate_of_change', 'display_name': 'Temperature Rate Of Change', 'contribution': -0.25, 'abs_contribution': 0.25, 'importance': 'LOW', 'direction': 'anomalous'}, {'feature': 'pressure', 'display_name': 'Pressure', 'contribution': 0.127, 'abs_contribution': 0.127, 'importance': 'LOW', 'direction': 'normal'}, {'feature': 'pressure_zscore', 'display_name': 'Pressure Zscore', 'contribution': 0.1195, 'abs_contribution': 0.1195, 'importance': 'LOW', 'direction': 'normal'}, {'feature': 'temperature_zscore', 'display_name': 'Temperature Zscore', 'contribution': -0.0738, 'abs_contribution': 0.0738, 'importance': 'LOW', 'direction': 'anomalous'}, {'feature': 'dew_point', 'display_name': 'Dew Point', 'contribution': 0.0737, 'abs_contribution': 0.0737, 'importance': 'LOW', 'direction': 'normal'}, {'feature': 'pressure_deviation', 'display_name': 'Pressure Deviation', 'contribution': 0.0464, 'abs_contribution': 0.0464, 'importance': 'LOW', 'direction': 'normal'}, {'feature': 'temperature_deviation', 'display_name': 'Temperature Deviation', 'contribution': -0.0293, 'abs_contribution': 0.0293, 'importance': 'LOW', 'direction': 'anomalous'}, {'feature': 'pressure_rate_of_change', 'display_name': 'Pressure Rate Of Change', 'contribution': 0.0205, 'abs_contribution': 0.0205, 'importance': 'LOW', 'direction': 'normal'}, {'feature': 'temperature', 'display_name': 'Temperature', 'contribution': 0.0029, 'abs_contribution': 0.0029, 'importance': 'LOW', 'direction': 'normal'}], 'summary': 'Humidity had the strongest contribution to the Isolation Forest decision.'}"
ST06,2026-08-29 05:30:00,ML-detected anomaly (needs review),False,False,False,True,False,35.0,CAUTION,MEDIUM - daily digest,,"{'available': True, 'model': 'Isolation Forest', 'top_features': [{'feature': 'humidity_deviation', 'display_name': 'Humidity Deviation', 'contribution': -0.7148, 'abs_contribution': 0.7148, 'importance': 'MEDIUM', 'direction': 'anomalous'}, {'feature': 'humidity', 'display_name': 'Humidity', 'contribution': -0.6603, 'abs_contribution': 0.6603, 'importance': 'MEDIUM', 'direction': 'anomalous'}, {'feature': 'temp_humidity_ratio', 'display_name': 'Temp Humidity Ratio', 'contribution': -0.5637, 'abs_contribution': 0.5637, 'importance': 'MEDIUM', 'direction': 'anomalous'}, {'feature': 'humidity_zscore', 'display_name': 'Humidity Zscore', 'contribution': -0.4881, 'abs_contribution': 0.4881, 'importance': 'MEDIUM', 'direction': 'anomalous'}, {'feature': 'pressure_deviation', 'display_name': 'Pressure Deviation', 'contribution': -0.3322, 'abs_contribution': 0.3322, 'importance': 'MEDIUM', 'direction': 'anomalous'}, {'feature': 'temperature_rate_of_change', 'display_name': 'Temperature Rate Of Change', 'contribution': -0.3108, 'abs_contribution': 0.3108, 'importance': 'MEDIUM', 'direction': 'anomalous'}, {'feature': 'pressure', 'display_name': 'Pressure', 'contribution': -0.2471, 'abs_contribution': 0.2471, 'importance': 'MEDIUM', 'direction': 'anomalous'}, {'feature': 'pressure_zscore', 'display_name': 'Pressure Zscore', 'contribution': -0.2301, 'abs_contribution': 0.2301, 'importance': 'LOW', 'direction': 'anomalous'}, {'feature': 'humidity_rate_of_change', 'display_name': 'Humidity Rate Of Change', 'contribution': 0.1516, 'abs_contribution': 0.1516, 'importance': 'LOW', 'direction': 'normal'}, {'feature': 'dew_point', 'display_name': 'Dew Point', 'contribution': 0.1119, 'abs_contribution': 0.1119, 'importance': 'LOW', 'direction': 'normal'}, {'feature': 'temperature_deviation', 'display_name': 'Temperature Deviation', 'contribution': -0.0685, 'abs_contribution': 0.0685, 'importance': 'LOW', 'direction': 'anomalous'}, {'feature': 'temperature', 'display_name': 'Temperature', 'contribution': -0.0683, 'abs_contribution': 0.0683, 'importance': 'LOW', 'direction': 'anomalous'}, {'feature': 'temperature_zscore', 'display_name': 'Temperature Zscore', 'contribution': -0.0591, 'abs_contribution': 0.0591, 'importance': 'LOW', 'direction': 'anomalous'}, {'feature': 'pressure_rate_of_change', 'display_name': 'Pressure Rate Of Change', 'contribution': -0.0482, 'abs_contribution': 0.0482, 'importance': 'LOW', 'direction': 'anomalous'}], 'summary': 'Humidity Deviation had the strongest contribution to the Isolation Forest decision.'}"
ST06,2026-08-29 08:10:00,ML-detected anomaly (needs review),False,False,False,True,False,35.0,CAUTION,MEDIUM - daily digest,,"{'available': True, 'model': 'Isolation Forest', 'top_features': [{'feature': 'humidity', 'display_name': 'Humidity', 'contribution': -0.5223, 'abs_contribution': 0.5223, 'importance': 'MEDIUM', 'direction': 'anomalous'}, {'feature': 'humidity_deviation', 'display_name': 'Humidity Deviation', 'contribution': -0.484, 'abs_contribution': 0.484, 'importance': 'MEDIUM', 'direction': 'anomalous'}, {'feature': 'humidity_zscore', 'display_name': 'Humidity Zscore', 'contribution': -0.4602, 'abs_contribution': 0.4602, 'importance': 'MEDIUM', 'direction': 'anomalous'}, {'feature': 'pressure_rate_of_change', 'display_name': 'Pressure Rate Of Change', 'contribution': -0.4468, 'abs_contribution': 0.4468, 'importance': 'MEDIUM', 'direction': 'anomalous'}, {'feature': 'humidity_rate_of_change', 'display_name': 'Humidity Rate Of Change', 'contribution': -0.4238, 'abs_contribution': 0.4238, 'importance': 'MEDIUM', 'direction': 'anomalous'}, {'feature': 'dew_point', 'display_name': 'Dew Point', 'contribution': -0.267, 'abs_contribution': 0.267, 'importance': 'MEDIUM', 'direction': 'anomalous'}, {'feature': 'pressure', 'display_name': 'Pressure', 'contribution': -0.1916, 'abs_contribution': 0.1916, 'importance': 'LOW', 'direction': 'anomalous'}, {'feature': 'pressure_zscore', 'display_name': 'Pressure Zscore', 'contribution': -0.1846, 'abs_contribution': 0.1846, 'importance': 'LOW', 'direction': 'anomalous'}, {'feature': 'pressure_deviation', 'display_name': 'Pressure Deviation', 'contribution': -0.171, 'abs_contribution': 0.171, 'importance': 'LOW', 'direction': 'anomalous'}, {'feature': 'temperature_deviation', 'display_name': 'Temperature Deviation', 'contribution': -0.1462, 'abs_contribution': 0.1462, 'importance': 'LOW', 'direction': 'anomalous'}, {'feature': 'temperature_rate_of_change', 'display_name': 'Temperature Rate Of Change', 'contribution': -0.13, 'abs_contribution': 0.13, 'importance': 'LOW', 'direction': 'anomalous'}, {'feature': 'temperature_zscore', 'display_name': 'Temperature Zscore', 'contribution': -0.1069, 'abs_contribution': 0.1069, 'importance': 'LOW', 'direction': 'anomalous'}, {'feature': 'temperature', 'display_name': 'Temperature', 'contribution': 0.0216, 'abs_contribution': 0.0216, 'importance': 'LOW', 'direction': 'normal'}, {'feature': 'temp_humidity_ratio', 'display_name': 'Temp Humidity Ratio', 'contribution': 0.0172, 'abs_contribution': 0.0172, 'importance': 'LOW', 'direction': 'normal'}], 'summary': 'Humidity had the strongest contribution to the Isolation Forest decision.'}"
